2025-11-26 21:26:57,331 - DEFAULT - INFO - Logging to: /home/zieluch/linuxcnc/configs/qthd_sorotec_cl0604/qtdragon.log
2025-11-26 21:26:57,332 - DEFAULT.QTVCP.QT_ISTAT - DEBUG - Machine is METRIC based. unit Conversion constant=0.03937007874015748
2025-11-26 21:26:57,333 - DEFAULT.QTVCP.QT_ISTAT - DEBUG - TRAJ COORDINATES: XYZ
2025-11-26 21:26:57,335 - DEFAULT.QTVCP.QT_ISTAT - DEBUG - DEFAULT_LINEAR_VELOCITY = 4080.0
2025-11-26 21:26:57,335 - DEFAULT.QTVCP.QT_ISTAT - DEBUG - MIN_LINEAR_VELOCITY = 30.0
2025-11-26 21:26:57,336 - DEFAULT.QTVCP.QT_ISTAT - DEBUG - MAX_LINEAR_VELOCITY = 7200.0
2025-11-26 21:26:57,452 - DEFAULT.QTVCP.QT_ACTION - DEBUG - CALL_MDI Command: M5
2025-11-26 21:26:57,473 - DEFAULT.QTVCP.QT_ACTION - DEBUG - CALL_MDI Command: M70
2025-11-26 21:26:57,494 - DEFAULT.QTVCP.WIDGETS.PROBE_ROUTINES - DEBUG - MDI_WAIT_COMMAND= M72, maxt = 30
2025-11-26 21:26:57,494 - DEFAULT.QTVCP.QT_ACTION - DEBUG - CALL_MDI Command: M72
2025-11-26 21:26:57,536 - DEFAULT.QTVCP.WIDGETS.PROBE_ROUTINES - DEBUG - MDI_WAIT_COMMAND= M64 P#<_ini[OTHER_PINS]PROBE> , maxt = 30
2025-11-26 21:26:57,537 - DEFAULT.QTVCP.QT_ACTION - DEBUG - CALL_MDI Command: M64 P#<_ini[OTHER_PINS]PROBE> 
2025-11-26 21:26:57,578 - DEFAULT.QTVCP.WIDGETS.PROBE_ROUTINES - DEBUG - MDI_WAIT_COMMAND= #<zworkoffset> = [#[5203 + #5220 * 20] + #5213 * #5210], maxt = 30
2025-11-26 21:26:57,579 - DEFAULT.QTVCP.QT_ACTION - DEBUG - CALL_MDI Command: #<zworkoffset> = [#[5203 + #5220 * 20] + #5213 * #5210]
2025-11-26 21:26:57,620 - DEFAULT.QTVCP.WIDGETS.PROBE_ROUTINES - DEBUG - MDI_WAIT_COMMAND= G49, maxt = 30
2025-11-26 21:26:57,621 - DEFAULT.QTVCP.QT_ACTION - DEBUG - CALL_MDI Command: G49
2025-11-26 21:26:57,663 - DEFAULT.QTVCP.WIDGETS.PROBE_ROUTINES - DEBUG - MDI_WAIT_COMMAND= G92.1, maxt = 30
2025-11-26 21:26:57,664 - DEFAULT.QTVCP.QT_ACTION - DEBUG - CALL_MDI Command: G92.1
2025-11-26 21:26:57,705 - DEFAULT.QTVCP.WIDGETS.PROBE_ROUTINES - DEBUG - MDI_WAIT_COMMAND= G10 L20 P0  Z[#<_abs_z>], maxt = 30
2025-11-26 21:26:57,706 - DEFAULT.QTVCP.QT_ACTION - DEBUG - CALL_MDI Command: G10 L20 P0  Z[#<_abs_z>]
2025-11-26 21:26:57,748 - DEFAULT.QTVCP.WIDGETS.PROBE_ROUTINES - DEBUG - MDI_WAIT_COMMAND= G91, maxt = 30
2025-11-26 21:26:57,748 - DEFAULT.QTVCP.QT_ACTION - DEBUG - CALL_MDI Command: G91
2025-11-26 21:26:57,789 - DEFAULT.QTVCP.WIDGETS.PROBE_ROUTINES - DEBUG - MDI_WAIT_COMMAND= F 300.0, maxt = 30
2025-11-26 21:26:57,790 - DEFAULT.QTVCP.QT_ACTION - DEBUG - CALL_MDI Command: F 300.0
2025-11-26 21:26:57,830 - DEFAULT.QTVCP.WIDGETS.PROBE_ROUTINES - DEBUG - MDI_WAIT_COMMAND= G38.2 Z-55.0, maxt = 30
2025-11-26 21:26:57,831 - DEFAULT.QTVCP.QT_ACTION - DEBUG - CALL_MDI Command: G38.2 Z-55.0
2025-11-26 21:26:59,691 - DEFAULT.QTVCP.WIDGETS.PROBE_ROUTINES - DEBUG - MDI_WAIT_COMMAND= G1 Z1.0 F3000.0, maxt = 30
2025-11-26 21:26:59,691 - DEFAULT.QTVCP.QT_ACTION - DEBUG - CALL_MDI Command: G1 Z1.0 F3000.0
2025-11-26 21:26:59,833 - DEFAULT.QTVCP.WIDGETS.PROBE_ROUTINES - DEBUG - MDI_WAIT_COMMAND= F30.0, maxt = 30
2025-11-26 21:26:59,833 - DEFAULT.QTVCP.QT_ACTION - DEBUG - CALL_MDI Command: F30.0
2025-11-26 21:26:59,874 - DEFAULT.QTVCP.WIDGETS.PROBE_ROUTINES - DEBUG - MDI_WAIT_COMMAND= G38.2 Z-1.2, maxt = 30
2025-11-26 21:26:59,875 - DEFAULT.QTVCP.QT_ACTION - DEBUG - CALL_MDI Command: G38.2 Z-1.2
2025-11-26 21:27:01,834 - DEFAULT.QTVCP.WIDGETS.PROBE_ROUTINES - DEBUG - MDI_WAIT_COMMAND= G1 Z5.0 F3000.0, maxt = 30
2025-11-26 21:27:01,835 - DEFAULT.QTVCP.QT_ACTION - DEBUG - CALL_MDI Command: G1 Z5.0 F3000.0
2025-11-26 21:27:02,108 - DEFAULT.QTVCP.WIDGETS.PROBE_ROUTINES - DEBUG - MDI_WAIT_COMMAND= G90, maxt = 30
2025-11-26 21:27:02,109 - DEFAULT.QTVCP.QT_ACTION - DEBUG - CALL_MDI Command: G90
2025-11-26 21:27:02,151 - DEFAULT.QTVCP.WIDGETS.PROBE_ROUTINES - DEBUG - MDI_WAIT_COMMAND= M65 P#<_ini[OTHER_PINS]PROBE> , maxt = 30
2025-11-26 21:27:02,151 - DEFAULT.QTVCP.QT_ACTION - DEBUG - CALL_MDI Command: M65 P#<_ini[OTHER_PINS]PROBE> 
2025-11-26 21:27:02,193 - DEFAULT.QTVCP.QT_ACTION - DEBUG - CALL_MDI Command: M72
2025-11-26 21:27:02,214 - QTvcp.QTVCP.WIDGETS.VERSA_PROBE - INFO - Versa Probing routine completed without errors
2025-11-26 21:27:02,215 - QTvcp.QTVCP.QT_ACTION - DEBUG - MDI_WAIT_Command= G10 L2 P0 Z-192.661, maxt = 5
2025-11-26 21:27:02,216 - QTvcp.QTVCP.QT_ACTION - DEBUG - CALL_MDI_WAIT Command: G10 L2 P0 Z-192.661
2025-11-26 21:27:02,781 - QTvcp.QTVCP.WIDGETS.VERSA_PROBE - INFO - Probe Process finished - exitCode 0 exitStatus 0
2025-11-26 21:27:02,782 - QTvcp.QTVCP.QT_ACTION - DEBUG - CALL_MDI Command: M65 P3
2025-11-26 21:27:42,750 - QTvcp.QTVCP.LIB.KEYBINDINGS - DEBUG - Exception in KEYBINDING: no function name conversion for QT Event: 'Key_Return'
2025-11-26 21:27:48,468 - QTvcp.QTVCP.QT_ACTION - DEBUG - CALL_MDI Command: m6 t5

2025-11-26 21:27:48,684 - QTvcp.QTVCP.WIDGETS.MDI_LINE - DEBUG - Ext line selected: , mdi_history.dat
2025-11-26 21:27:48,695 - QTvcp.QTVCP.WIDGETS.GCODE_EDITOR - DEBUG - editor: got external highlight 55
2025-11-26 21:27:48,695 - QTvcp.QTVCP.WIDGETS.GCODE_EDITOR - DEBUG - editor: got external highlight 55
2025-11-26 21:27:49,198 - QTvcp.QTVCP.WIDGETS.GCODE_EDITOR - DEBUG - editor: got external highlight 117
2025-11-26 21:27:49,199 - QTvcp.QTVCP.WIDGETS.GCODE_EDITOR - DEBUG - editor: got external highlight 117
2025-11-26 21:27:49,399 - QTvcp.QTVCP.WIDGETS.GCODE_EDITOR - DEBUG - editor: got external highlight 118
2025-11-26 21:27:49,400 - QTvcp.QTVCP.WIDGETS.GCODE_EDITOR - DEBUG - editor: got external highlight 118
2025-11-26 21:27:51,031 - QTvcp.QTVCP.WIDGETS.DIALOG_WIDGET - DEBUG - Button pressed is: &OK
2025-11-26 21:27:51,032 - QTvcp.QTVCP.WIDGETS.DIALOGMIXIN - DEBUG - Saving ToolChangeDialog-geometry data from widget  to file.
2025-11-26 21:27:51,033 - QTvcp.QTVCP.WIDGETS.DIALOG_WIDGET - DEBUG - Button pressed is: &OK
2025-11-26 21:27:51,033 - QTvcp.QTVCP.WIDGETS.DIALOGMIXIN - DEBUG - Saving ToolChangeDialog-geometry data from widget  to file.
2025-11-26 21:27:51,035 - QTvcp.QTVCP.WIDGETS.DIALOG_WIDGET - DEBUG - Button pressed is: &OK
2025-11-26 21:27:51,035 - QTvcp.QTVCP.WIDGETS.DIALOGMIXIN - DEBUG - Saving ToolChangeDialog-geometry data from widget  to file.
2025-11-26 21:27:51,036 - QTvcp.QTVCP.WIDGETS.DIALOG_WIDGET - DEBUG - Button pressed is: &OK
2025-11-26 21:27:51,037 - QTvcp.QTVCP.WIDGETS.DIALOGMIXIN - DEBUG - Saving ToolChangeDialog-geometry data from widget  to file.
2025-11-26 21:27:51,038 - QTvcp.QTVCP.WIDGETS.DIALOG_WIDGET - DEBUG - Button pressed is: &OK
2025-11-26 21:27:51,038 - QTvcp.QTVCP.WIDGETS.DIALOGMIXIN - DEBUG - Saving ToolChangeDialog-geometry data from widget  to file.
2025-11-26 21:27:51,039 - QTvcp.QTVCP.WIDGETS.DIALOG_WIDGET - DEBUG - Button pressed is: &OK
2025-11-26 21:27:51,040 - QTvcp.QTVCP.WIDGETS.DIALOGMIXIN - DEBUG - Saving ToolChangeDialog-geometry data from widget  to file.
2025-11-26 21:27:51,839 - QTvcp.QTVCP.WIDGETS.GCODE_EDITOR - DEBUG - editor: got external highlight 144
2025-11-26 21:27:51,840 - QTvcp.QTVCP.WIDGETS.GCODE_EDITOR - DEBUG - editor: got external highlight 144
2025-11-26 21:27:52,041 - QTvcp.QTVCP.WIDGETS.GCODE_EDITOR - DEBUG - editor: got external highlight 161
2025-11-26 21:27:52,041 - QTvcp.QTVCP.WIDGETS.GCODE_EDITOR - DEBUG - editor: got external highlight 161
2025-11-26 21:27:52,946 - QTvcp.QTVCP.WIDGETS.GCODE_EDITOR - DEBUG - editor: got external highlight 166
2025-11-26 21:27:52,948 - QTvcp.QTVCP.WIDGETS.GCODE_EDITOR - DEBUG - editor: got external highlight 166
2025-11-26 21:27:53,750 - QTvcp.QTVCP.WIDGETS.GCODE_EDITOR - DEBUG - editor: got external highlight 168
2025-11-26 21:27:53,750 - QTvcp.QTVCP.WIDGETS.GCODE_EDITOR - DEBUG - editor: got external highlight 168
2025-11-26 21:27:58,479 - QTvcp.QTVCP.WIDGETS.GCODE_EDITOR - DEBUG - editor: got external highlight 185
2025-11-26 21:27:58,480 - QTvcp.QTVCP.WIDGETS.GCODE_EDITOR - DEBUG - editor: got external highlight 185
2025-11-26 21:27:59,785 - QTvcp.QTVCP.WIDGETS.GCODE_EDITOR - DEBUG - editor: got external highlight 209
2025-11-26 21:27:59,785 - QTvcp.QTVCP.WIDGETS.GCODE_EDITOR - DEBUG - editor: got external highlight 209
2025-11-26 21:28:00,790 - QTvcp.QTVCP.WIDGETS.GCODE_EDITOR - DEBUG - editor: got external highlight 211
2025-11-26 21:28:00,791 - QTvcp.QTVCP.WIDGETS.GCODE_EDITOR - DEBUG - editor: got external highlight 211
2025-11-26 21:28:03,807 - QTvcp.QTVCP.WIDGETS.GCODE_EDITOR - DEBUG - editor: got external highlight 217
2025-11-26 21:28:03,807 - QTvcp.QTVCP.WIDGETS.GCODE_EDITOR - DEBUG - editor: got external highlight 217
2025-11-26 21:28:04,410 - QTvcp.QTVCP.WIDGETS.GCODE_EDITOR - DEBUG - editor: got external highlight 226
2025-11-26 21:28:04,411 - QTvcp.QTVCP.WIDGETS.GCODE_EDITOR - DEBUG - editor: got external highlight 226
2025-11-26 21:28:08,528 - QTvcp.QTVCP.WIDGETS.ACTION_BUTTON - DEBUG - INI MDI COMMAND #: 1
2025-11-26 21:28:08,530 - QTvcp.QTVCP.QT_ACTION - DEBUG - CALL_INI_MDI command:G1 X0 Y0 F3000
2025-11-26 21:28:08,551 - QTvcp.QTVCP.QT_ACTION - DEBUG - CALL_INI_MDI command:
2025-11-26 21:28:21,196 - QTvcp.QTVCP.WIDGETS.GCODE_EDITOR - DEBUG - editor: got external highlight 0
2025-11-26 21:28:21,196 - QTvcp.QTVCP.WIDGETS.GCODE_EDITOR - DEBUG - editor: got external highlight 0
2025-11-26 21:28:23,223 - QTvcp.QTVCP.QT_ACTION - DEBUG - CALL_MDI Command: m6 t1

2025-11-26 21:28:23,446 - QTvcp.QTVCP.WIDGETS.MDI_LINE - DEBUG - Ext line selected: , mdi_history.dat
2025-11-26 21:28:23,459 - QTvcp.QTVCP.WIDGETS.GCODE_EDITOR - DEBUG - editor: got external highlight 55
2025-11-26 21:28:23,460 - QTvcp.QTVCP.WIDGETS.GCODE_EDITOR - DEBUG - editor: got external highlight 55
2025-11-26 21:28:24,768 - QTvcp.QTVCP.WIDGETS.GCODE_EDITOR - DEBUG - editor: got external highlight 72
2025-11-26 21:28:24,768 - QTvcp.QTVCP.WIDGETS.GCODE_EDITOR - DEBUG - editor: got external highlight 72
2025-11-26 21:28:25,976 - QTvcp.QTVCP.WIDGETS.GCODE_EDITOR - DEBUG - editor: got external highlight 77
2025-11-26 21:28:25,976 - QTvcp.QTVCP.WIDGETS.GCODE_EDITOR - DEBUG - editor: got external highlight 77
2025-11-26 21:28:26,880 - QTvcp.QTVCP.WIDGETS.GCODE_EDITOR - DEBUG - editor: got external highlight 79
2025-11-26 21:28:26,881 - QTvcp.QTVCP.WIDGETS.GCODE_EDITOR - DEBUG - editor: got external highlight 79
2025-11-26 21:28:30,502 - QTvcp.QTVCP.WIDGETS.GCODE_EDITOR - DEBUG - editor: got external highlight 82
2025-11-26 21:28:30,502 - QTvcp.QTVCP.WIDGETS.GCODE_EDITOR - DEBUG - editor: got external highlight 82
2025-11-26 21:28:31,910 - QTvcp.QTVCP.WIDGETS.GCODE_EDITOR - DEBUG - editor: got external highlight 94
2025-11-26 21:28:31,911 - QTvcp.QTVCP.WIDGETS.GCODE_EDITOR - DEBUG - editor: got external highlight 94
2025-11-26 21:28:32,917 - QTvcp.QTVCP.WIDGETS.GCODE_EDITOR - DEBUG - editor: got external highlight 105
2025-11-26 21:28:32,917 - QTvcp.QTVCP.WIDGETS.GCODE_EDITOR - DEBUG - editor: got external highlight 105
2025-11-26 21:28:35,933 - QTvcp.QTVCP.WIDGETS.GCODE_EDITOR - DEBUG - editor: got external highlight 110
2025-11-26 21:28:35,933 - QTvcp.QTVCP.WIDGETS.GCODE_EDITOR - DEBUG - editor: got external highlight 110
2025-11-26 21:28:36,738 - QTvcp.QTVCP.WIDGETS.GCODE_EDITOR - DEBUG - editor: got external highlight 111
2025-11-26 21:28:36,739 - QTvcp.QTVCP.WIDGETS.GCODE_EDITOR - DEBUG - editor: got external highlight 111
2025-11-26 21:28:36,939 - QTvcp.QTVCP.WIDGETS.GCODE_EDITOR - DEBUG - editor: got external highlight 161
2025-11-26 21:28:36,940 - QTvcp.QTVCP.WIDGETS.GCODE_EDITOR - DEBUG - editor: got external highlight 161
2025-11-26 21:28:38,853 - QTvcp.QTVCP.WIDGETS.GCODE_EDITOR - DEBUG - editor: got external highlight 166
2025-11-26 21:28:38,854 - QTvcp.QTVCP.WIDGETS.GCODE_EDITOR - DEBUG - editor: got external highlight 166
2025-11-26 21:28:39,758 - QTvcp.QTVCP.WIDGETS.GCODE_EDITOR - DEBUG - editor: got external highlight 168
2025-11-26 21:28:39,758 - QTvcp.QTVCP.WIDGETS.GCODE_EDITOR - DEBUG - editor: got external highlight 168
2025-11-26 21:28:44,493 - QTvcp.QTVCP.WIDGETS.GCODE_EDITOR - DEBUG - editor: got external highlight 185
2025-11-26 21:28:44,494 - QTvcp.QTVCP.WIDGETS.GCODE_EDITOR - DEBUG - editor: got external highlight 185
2025-11-26 21:28:45,801 - QTvcp.QTVCP.WIDGETS.GCODE_EDITOR - DEBUG - editor: got external highlight 209
2025-11-26 21:28:45,803 - QTvcp.QTVCP.WIDGETS.GCODE_EDITOR - DEBUG - editor: got external highlight 209
2025-11-26 21:28:46,709 - QTvcp.QTVCP.WIDGETS.GCODE_EDITOR - DEBUG - editor: got external highlight 211
2025-11-26 21:28:46,711 - QTvcp.QTVCP.WIDGETS.GCODE_EDITOR - DEBUG - editor: got external highlight 211
2025-11-26 21:28:49,729 - QTvcp.QTVCP.WIDGETS.GCODE_EDITOR - DEBUG - editor: got external highlight 217
2025-11-26 21:28:49,730 - QTvcp.QTVCP.WIDGETS.GCODE_EDITOR - DEBUG - editor: got external highlight 217
2025-11-26 21:28:50,333 - QTvcp.QTVCP.WIDGETS.GCODE_EDITOR - DEBUG - editor: got external highlight 226
2025-11-26 21:28:50,334 - QTvcp.QTVCP.WIDGETS.GCODE_EDITOR - DEBUG - editor: got external highlight 226
2025-11-26 21:28:56,293 - QTvcp.QTVCP.WIDGETS.ACTION_BUTTON - DEBUG - INI MDI COMMAND #: 1
2025-11-26 21:28:56,296 - QTvcp.QTVCP.QT_ACTION - DEBUG - CALL_INI_MDI command:G1 X0 Y0 F3000
2025-11-26 21:28:56,316 - QTvcp.QTVCP.QT_ACTION - DEBUG - CALL_INI_MDI command:
2025-11-26 21:29:23,715 - QTvcp.QTVCP.WIDGETS.GCODE_EDITOR - DEBUG - editor: got external highlight 0
2025-11-26 21:29:23,718 - QTvcp.QTVCP.WIDGETS.GCODE_EDITOR - DEBUG - editor: got external highlight 0
2025-11-26 21:29:26,734 - QTvcp.QTVCP.QT_ACTION - DEBUG - CALL_MDI Command: m6 t3

2025-11-26 21:29:26,937 - QTvcp.QTVCP.WIDGETS.MDI_LINE - DEBUG - Ext line selected: , mdi_history.dat
2025-11-26 21:29:26,947 - QTvcp.QTVCP.WIDGETS.GCODE_EDITOR - DEBUG - editor: got external highlight 55
2025-11-26 21:29:26,948 - QTvcp.QTVCP.WIDGETS.GCODE_EDITOR - DEBUG - editor: got external highlight 55
2025-11-26 21:29:28,053 - QTvcp.QTVCP.WIDGETS.GCODE_EDITOR - DEBUG - editor: got external highlight 72
2025-11-26 21:29:28,054 - QTvcp.QTVCP.WIDGETS.GCODE_EDITOR - DEBUG - editor: got external highlight 72
2025-11-26 21:29:30,570 - QTvcp.QTVCP.WIDGETS.GCODE_EDITOR - DEBUG - editor: got external highlight 77
2025-11-26 21:29:30,572 - QTvcp.QTVCP.WIDGETS.GCODE_EDITOR - DEBUG - editor: got external highlight 77
2025-11-26 21:29:31,376 - QTvcp.QTVCP.WIDGETS.GCODE_EDITOR - DEBUG - editor: got external highlight 79
2025-11-26 21:29:31,376 - QTvcp.QTVCP.WIDGETS.GCODE_EDITOR - DEBUG - editor: got external highlight 79
2025-11-26 21:29:35,103 - QTvcp.QTVCP.WIDGETS.GCODE_EDITOR - DEBUG - editor: got external highlight 82
2025-11-26 21:29:35,104 - QTvcp.QTVCP.WIDGETS.GCODE_EDITOR - DEBUG - editor: got external highlight 82
2025-11-26 21:29:36,512 - QTvcp.QTVCP.WIDGETS.GCODE_EDITOR - DEBUG - editor: got external highlight 94
2025-11-26 21:29:36,513 - QTvcp.QTVCP.WIDGETS.GCODE_EDITOR - DEBUG - editor: got external highlight 94
2025-11-26 21:29:37,519 - QTvcp.QTVCP.WIDGETS.GCODE_EDITOR - DEBUG - editor: got external highlight 105
2025-11-26 21:29:37,521 - QTvcp.QTVCP.WIDGETS.GCODE_EDITOR - DEBUG - editor: got external highlight 105
2025-11-26 21:29:40,437 - QTvcp.QTVCP.WIDGETS.GCODE_EDITOR - DEBUG - editor: got external highlight 110
2025-11-26 21:29:40,438 - QTvcp.QTVCP.WIDGETS.GCODE_EDITOR - DEBUG - editor: got external highlight 110
2025-11-26 21:29:41,342 - QTvcp.QTVCP.WIDGETS.GCODE_EDITOR - DEBUG - editor: got external highlight 111
2025-11-26 21:29:41,345 - QTvcp.QTVCP.WIDGETS.GCODE_EDITOR - DEBUG - editor: got external highlight 111
2025-11-26 21:29:41,543 - QTvcp.QTVCP.WIDGETS.GCODE_EDITOR - DEBUG - editor: got external highlight 161
2025-11-26 21:29:41,546 - QTvcp.QTVCP.WIDGETS.GCODE_EDITOR - DEBUG - editor: got external highlight 161
2025-11-26 21:29:42,549 - QTvcp.QTVCP.WIDGETS.GCODE_EDITOR - DEBUG - editor: got external highlight 166
2025-11-26 21:29:42,550 - QTvcp.QTVCP.WIDGETS.GCODE_EDITOR - DEBUG - editor: got external highlight 166
2025-11-26 21:29:43,456 - QTvcp.QTVCP.WIDGETS.GCODE_EDITOR - DEBUG - editor: got external highlight 168
2025-11-26 21:29:43,459 - QTvcp.QTVCP.WIDGETS.GCODE_EDITOR - DEBUG - editor: got external highlight 168
2025-11-26 21:29:48,187 - QTvcp.QTVCP.WIDGETS.GCODE_EDITOR - DEBUG - editor: got external highlight 185
2025-11-26 21:29:48,188 - QTvcp.QTVCP.WIDGETS.GCODE_EDITOR - DEBUG - editor: got external highlight 185
2025-11-26 21:29:49,395 - QTvcp.QTVCP.WIDGETS.GCODE_EDITOR - DEBUG - editor: got external highlight 209
2025-11-26 21:29:49,396 - QTvcp.QTVCP.WIDGETS.GCODE_EDITOR - DEBUG - editor: got external highlight 209
2025-11-26 21:29:50,401 - QTvcp.QTVCP.WIDGETS.GCODE_EDITOR - DEBUG - editor: got external highlight 211
2025-11-26 21:29:50,402 - QTvcp.QTVCP.WIDGETS.GCODE_EDITOR - DEBUG - editor: got external highlight 211
2025-11-26 21:29:53,422 - QTvcp.QTVCP.WIDGETS.GCODE_EDITOR - DEBUG - editor: got external highlight 217
2025-11-26 21:29:53,424 - QTvcp.QTVCP.WIDGETS.GCODE_EDITOR - DEBUG - editor: got external highlight 217
2025-11-26 21:29:54,026 - QTvcp.QTVCP.WIDGETS.GCODE_EDITOR - DEBUG - editor: got external highlight 226
2025-11-26 21:29:54,027 - QTvcp.QTVCP.WIDGETS.GCODE_EDITOR - DEBUG - editor: got external highlight 226
2025-11-26 21:29:56,818 - QTvcp.QTVCP.WIDGETS.ACTION_BUTTON - DEBUG - INI MDI COMMAND #: 1
2025-11-26 21:29:56,819 - QTvcp.QTVCP.QT_ACTION - DEBUG - CALL_INI_MDI command:G1 X0 Y0 F3000
2025-11-26 21:29:56,840 - QTvcp.QTVCP.QT_ACTION - DEBUG - CALL_INI_MDI command:
2025-11-26 21:30:22,168 - QTvcp.QTVCP.WIDGETS.ACTION_BUTTON - DEBUG - INI MDI COMMAND #: 0
2025-11-26 21:30:22,220 - QTvcp.QTVCP.QT_ACTION - DEBUG - CALL_INI_MDI command:G53 Z-1 F2000
2025-11-26 21:30:22,241 - QTvcp.QTVCP.QT_ACTION - DEBUG - CALL_INI_MDI command:
2025-11-26 21:30:22,276 - QTvcp.QTVCP.WIDGETS.GCODE_EDITOR - DEBUG - editor: got external highlight 0
2025-11-26 21:30:22,277 - QTvcp.QTVCP.WIDGETS.GCODE_EDITOR - DEBUG - editor: got external highlight 0
2025-11-26 21:32:27,773 - QTvcp.QTVCP.WIDGETS.TOOL_OFFSETVIEW - DEBUG - Text: 51, Row: 28, Column: 2
2025-11-26 21:32:27,777 - QTvcp.QTVCP.WIDGETS.TOOL_OFFSETVIEW - DEBUG - message sent:{'NAME': 'CALCULATOR', 'ID': 'tooloffsetview__', 'PRELOAD': 51.0, 'TITLE': 'Tool 51 Offset of pocket,51', 'ITEM': <PyQt5.QtCore.QModelIndex object at 0x7f08aced3ca0>}
2025-11-26 21:32:36,795 - QTvcp.QTVCP.WIDGETS.DIALOGMIXIN - DEBUG - Saving CalculatorDialog-geometry data from widget  to file.
2025-11-26 21:32:37,297 - QTvcp.QTVCP.WIDGETS.DIALOG_WIDGET - DEBUG - Displayed value when accepted: 1.0
2025-11-26 21:32:37,307 - QTvcp.QTVCP.WIDGETS.ORIGIN_OFFSETVIEW - DEBUG - message returned:{'NAME': 'CALCULATOR', 'ID': 'tooloffsetview__', 'PRELOAD': 51.0, 'TITLE': 'Tool 51 Offset of pocket,51', 'ITEM': <PyQt5.QtCore.QModelIndex object at 0x7f08aced3ca0>, 'RETURN': 1.0}
2025-11-26 21:32:37,311 - QTvcp.QTVCP.WIDGETS.TOOL_OFFSETVIEW - DEBUG - message returned:{'NAME': 'CALCULATOR', 'ID': 'tooloffsetview__', 'PRELOAD': 51.0, 'TITLE': 'Tool 51 Offset of pocket,51', 'ITEM': <PyQt5.QtCore.QModelIndex object at 0x7f08aced3ca0>, 'RETURN': 1.0}
2025-11-26 21:32:37,315 - QTvcp.QTVCP.WIDGETS.TOOL_OFFSETVIEW - DEBUG - original value:51
2025-11-26 21:32:37,315 - QTvcp.QTVCP.WIDGETS.TOOL_OFFSETVIEW - DEBUG - >>> setData() role = None
2025-11-26 21:32:37,316 - QTvcp.QTVCP.WIDGETS.TOOL_OFFSETVIEW - DEBUG - >>> setData() column() = 2
2025-11-26 21:32:37,317 - QTvcp.QTVCP.WIDGETS.TOOL_OFFSETVIEW - DEBUG - >>> setData() value = 1.0 
2025-11-26 21:32:37,317 - QTvcp.QTVCP.QT_TSTAT - DEBUG - converted line: [63, 63, 0.0, 0.0, 110.09987, 0.0, 0.0, 0.0, 0.0, 0.0, 0.0, 4.85, 0.0, 0.0, 0, 'thread m6 4.85 china ']
2025-11-26 21:32:37,318 - QTvcp.QTVCP.QT_TSTAT - DEBUG - converted line: [0, 0, 0.0, 0.0, 0.0, 0.0, 0.0, 0.0, 0.0, 0.0, 0.0, 0.0, 0.0, 0.0, 0, ' ']
2025-11-26 21:32:37,319 - QTvcp.QTVCP.QT_TSTAT - DEBUG - converted line: [2, 2, 0.0, 0.0, 149.357875, 0.0, 0.0, 0.0, 0.0, 0.0, 0.0, 6.0, 0.0, 0.0, 0, ' ']
2025-11-26 21:32:37,320 - QTvcp.QTVCP.QT_TSTAT - DEBUG - converted line: [3, 3, 0.0, 0.0, 132.703875, 0.0, 0.0, 0.0, 0.0, 0.0, 0.0, 6.0, 0.0, 0.0, 0, ' ']
2025-11-26 21:32:37,321 - QTvcp.QTVCP.QT_TSTAT - DEBUG - converted line: [6, 6, 0.0, 0.0, 128.89087, 0.0, 0.0, 0.0, 0.0, 0.0, 0.0, 0.0, 0.0, 0.0, 0, '1/8 " 17mm ']
2025-11-26 21:32:37,325 - QTvcp.QTVCP.QT_TSTAT - DEBUG - converted line: [17, 3, 0.0, 0.0, 109.85839, 0.0, 0.0, 0.0, 0.0, 0.0, 0.0, 4.0, 0.0, 0.0, 0, '1F 4mm 15mm ']
2025-11-26 21:32:37,327 - QTvcp.QTVCP.QT_TSTAT - DEBUG - converted line: [7, 7, 0.0, 0.0, 129.10137, 0.0, 0.0, 0.0, 0.0, 0.0, 0.0, 0.0, 0.0, 0.0, 0, '1f 6mm sorotec 25mm ']
2025-11-26 21:32:37,329 - QTvcp.QTVCP.QT_TSTAT - DEBUG - converted line: [25, 25, 0.0, 0.0, 170.56463, 0.0, 0.0, 0.0, 0.0, 0.0, 0.0, 0.0, 0.0, 0.0, 0, '2f 10mm ']
2025-11-26 21:32:37,331 - QTvcp.QTVCP.QT_TSTAT - DEBUG - converted line: [24, 24, 0.0, 0.0, -56.78963, 0.0, 0.0, 0.0, 0.0, 0.0, 0.0, 0.0, 0.0, 0.0, 0, '2f 6mm flat coated china ']
2025-11-26 21:32:37,343 - QTvcp.QTVCP.QT_TSTAT - DEBUG - converted line: [9, 9, 0.0, 0.0, -55.22713, 0.0, 0.0, 0.0, 0.0, 0.0, 0.0, 0.0, 0.0, 0.0, 0, '2mm flat ']
2025-11-26 21:32:37,345 - QTvcp.QTVCP.QT_TSTAT - DEBUG - converted line: [22, 22, 0.0, 0.0, 0.0, 0.0, 0.0, 0.0, 0.0, 0.0, 0.0, 0.0, 0.0, 0.0, 0, '3f 4mm ']
2025-11-26 21:32:37,347 - QTvcp.QTVCP.QT_TSTAT - DEBUG - converted line: [23, 23, 0.0, 0.0, 0.0, 0.0, 0.0, 0.0, 0.0, 0.0, 0.0, 0.0, 0.0, 0.0, 0, '3f 6mm l25 coated china ']
2025-11-26 21:32:37,348 - QTvcp.QTVCP.QT_TSTAT - DEBUG - converted line: [60, 60, 0.0, 0.0, 0.0, 0.0, 0.0, 0.0, 0.0, 0.0, 0.0, 0.0, 0.0, 0.0, 0, '3f 90deg 6mm chamfer ']
2025-11-26 21:32:37,350 - QTvcp.QTVCP.QT_TSTAT - DEBUG - converted line: [18, 18, 0.0, 0.0, 124.45137, 0.0, 0.0, 0.0, 0.0, 0.0, 0.0, 0.0, 0.0, 0.0, 0, '3mm flat sorotec ']
2025-11-26 21:32:37,353 - QTvcp.QTVCP.QT_TSTAT - DEBUG - converted line: [11, 11, 0.0, 0.0, -31.2927, 0.0, 0.0, 0.0, 0.0, 0.0, 0.0, 5.0, 0.0, 0.0, 0, '5mm 4f china ']
2025-11-26 21:32:37,355 - QTvcp.QTVCP.QT_TSTAT - DEBUG - converted line: [14, 14, 0.0, 0.0, 0.0, 0.0, 0.0, 0.0, 0.0, 0.0, 0.0, 0.0, 0.0, 0.0, 0, '6mm 2f china col ']
2025-11-26 21:32:37,357 - QTvcp.QTVCP.QT_TSTAT - DEBUG - converted line: [1, 1, 0.0, 0.0, 136.959875, 0.0, 0.0, 0.0, 0.0, 0.0, 0.0, 6.0, 0.0, 0.0, 0, '6mm flat ']
2025-11-26 21:32:37,358 - QTvcp.QTVCP.QT_TSTAT - DEBUG - converted line: [52, 52, 0.0, 0.0, 147.241025, 0.0, 0.0, 0.0, 0.0, 0.0, 0.0, 35.0, 0.0, 0.0, 0, 'Face 35 wood ']
2025-11-26 21:32:37,360 - QTvcp.QTVCP.QT_TSTAT - DEBUG - converted line: [61, 4, 0.0, 0.0, 133.29438, 0.0, 0.0, 0.0, 0.0, 0.0, 0.0, 4.0, 0.0, 0.0, 0, 'thred m5-m8 sorotec ']
2025-11-26 21:32:37,362 - QTvcp.QTVCP.QT_TSTAT - DEBUG - converted line: [30, 30, 0.0, 0.0, 113.24574, 0.0, 0.0, 0.0, 0.0, 0.0, 0.0, 0.0, 0.0, 0.0, 0, 'ball 6mm 2f china ']
2025-11-26 21:32:37,364 - QTvcp.QTVCP.QT_TSTAT - DEBUG - converted line: [32, 32, 0.0, 0.0, -61.609, 0.0, 0.0, 0.0, 0.0, 0.0, 0.0, 0.0, 0.0, 0.0, 0, 'ball 6mm china ']
2025-11-26 21:32:37,365 - QTvcp.QTVCP.QT_TSTAT - DEBUG - converted line: [21, 21, 0.0, 0.0, -90.66397, 0.0, 0.0, 0.0, 0.0, 0.0, 0.0, 0.0, 0.0, 0.0, 0, 'ball end mill 6mm ']
2025-11-26 21:32:37,367 - QTvcp.QTVCP.QT_TSTAT - DEBUG - converted line: [62, 62, 0.0, 0.0, 130.74038, 0.0, 0.0, 0.0, 0.0, 0.0, 0.0, 0.0, 0.0, 0.0, 0, 'chamfer 60 degree ']
2025-11-26 21:32:37,368 - QTvcp.QTVCP.QT_TSTAT - DEBUG - converted line: [42, 42, 0.0, 0.0, -114.861, 0.0, 0.0, 0.0, 0.0, 0.0, 0.0, 0.0, 0.0, 0.0, 0, 'drill 2.5 ']
2025-11-26 21:32:37,370 - QTvcp.QTVCP.QT_TSTAT - DEBUG - converted line: [41, 41, 0.0, 0.0, -98.9562, 0.0, 0.0, 0.0, 0.0, 0.0, 0.0, 0.0, 0.0, 0.0, 0, 'drill 5mm sorotec ']
2025-11-26 21:32:37,371 - QTvcp.QTVCP.QT_TSTAT - DEBUG - converted line: [50, 50, 0.0, 0.0, 156.5646, 0.0, 0.0, 0.0, 0.0, 0.0, 0.0, 50.0, 0.0, 0.0, 0, 'face 50mm china ']
2025-11-26 21:32:37,373 - QTvcp.QTVCP.QT_TSTAT - DEBUG - converted line: [15, 1, 0.0, 0.0, 103.73574, 0.0, 0.0, 0.0, 0.0, 0.0, 0.0, 16.0, 0.0, 0.0, 0, 'face16 ']
2025-11-26 21:32:37,375 - QTvcp.QTVCP.QT_TSTAT - DEBUG - converted line: [25, 25, 0.0, 0.0, 146.71938, 0.0, 0.0, 0.0, 0.0, 0.0, 0.0, 0.0, 0.0, 0.0, 0, 'facemill 18mm ']
2025-11-26 21:32:37,376 - QTvcp.QTVCP.QT_TSTAT - DEBUG - converted line: [51, 1, 0.0, 0.0, 128.86488, 0.0, 0.0, 0.0, 0.0, 0.0, 0.0, 16.0, 0.0, 0.0, 0, 'facemill 50mm ']
2025-11-26 21:32:37,378 - QTvcp.QTVCP.QT_TSTAT - DEBUG - converted line: [13, 13, 0.0, 0.0, -41.8433, 0.0, 0.0, 0.0, 0.0, 0.0, 0.0, 6.0, 0.0, 0.0, 0, 'flat/ 6mm pro alu 26mm ']
2025-11-26 21:32:37,380 - QTvcp.QTVCP.QT_TSTAT - DEBUG - converted line: [19, 19, 0.0, 0.0, -17.6512, 0.0, 0.0, 0.0, 0.0, 0.0, 0.0, 2.0, 0.0, 0.0, 0, 'flat_por alu 2mm ']
2025-11-26 21:32:37,381 - QTvcp.QTVCP.QT_TSTAT - DEBUG - converted line: [26, 26, 0.0, 0.0, 117.47522, 0.0, 0.0, 0.0, 0.0, 0.0, 0.0, 3.175, 0.0, 0.0, 0, "foam cutter 1/8' "]
2025-11-26 21:32:37,383 - QTvcp.QTVCP.QT_TSTAT - DEBUG - converted line: [16, 16, 0.0, 0.0, 123.37369, 0.0, 0.0, 0.0, 0.0, 0.0, 0.0, 0.0, 0.0, 0.0, 0, 'pro alu 3mm ']
2025-11-26 21:32:37,385 - QTvcp.QTVCP.QT_TSTAT - DEBUG - converted line: [99, 99, 0.0, 0.0, 164.940875, 0.0, 0.0, 0.0, 0.0, 0.0, 0.0, 2.0, 0.0, 0.0, 0, 'probe ']
2025-11-26 21:32:37,386 - QTvcp.QTVCP.QT_TSTAT - DEBUG - converted line: [33, 33, 0.0, 0.0, -73.3551, 0.0, 0.0, 0.0, 0.0, 0.0, 0.0, 0.0, 0.0, 0.0, 0, 'r3 ball sorotec ']
2025-11-26 21:32:37,388 - QTvcp.QTVCP.QT_TSTAT - DEBUG - converted line: [12, 12, 0.0, 0.0, -36.4787, 0.0, 0.0, 0.0, 0.0, 0.0, 0.0, 0.0, 0.0, 0.0, 0, 'sor_flat_2mm_8mm ']
2025-11-26 21:32:37,389 - QTvcp.QTVCP.QT_TSTAT - DEBUG - converted line: [4, 4, 0.0, 0.0, 142.738375, 0.0, 0.0, 0.0, 0.0, 0.0, 0.0, 6.0, 0.0, 0.0, 0, 'sorotec_3mm ball ']
2025-11-26 21:32:37,392 - QTvcp.QTVCP.QT_TSTAT - DEBUG - converted line: [91, 91, 0.0, 0.0, -118.472, 0.0, 0.0, 0.0, 0.0, 0.0, 0.0, 0.0, 0.0, 0.0, 0, 'thread m2-m4 sorotec ']
2025-11-26 21:32:37,397 - QTvcp.QTVCP.QT_TSTAT - DEBUG - converted line: [90, 90, 0.0, 0.0, 0.0, 0.0, 0.0, 0.0, 0.0, 0.0, 0.0, 0.0, 0.0, 0.0, 0, 'thread m4-m8 sorotec ']
2025-11-26 21:32:37,399 - QTvcp.QTVCP.QT_TSTAT - DEBUG - converted line: [5, 5, 0.0, 0.0, 129.806375, 0.0, 0.0, 0.0, 0.0, 0.0, 0.0, 0.0, 0.0, 0.0, 0, 'tool ']
2025-11-26 21:32:37,404 - QTvcp.QTVCP.QT_TSTAT - DEBUG - Save line: T63 P63 X0 Y0 Z110.09987 A0 B0 C0 U0 V0 W0 D4.85000 I0 J0 Q0 ;thread m6 4.85 china 
2025-11-26 21:32:37,406 - QTvcp.QTVCP.QT_TSTAT - DEBUG - Save line: T0 P0 X0 Y0 Z0 A0 B0 C0 U0 V0 W0 D0 I0 J0 Q0 ; 
2025-11-26 21:32:37,408 - QTvcp.QTVCP.QT_TSTAT - DEBUG - Save line: T2 P2 X0 Y0 Z149.35788 A0 B0 C0 U0 V0 W0 D6.00000 I0 J0 Q0 ; 
2025-11-26 21:32:37,411 - QTvcp.QTVCP.QT_TSTAT - DEBUG - Save line: T3 P3 X0 Y0 Z132.70388 A0 B0 C0 U0 V0 W0 D6.00000 I0 J0 Q0 ; 
2025-11-26 21:32:37,413 - QTvcp.QTVCP.QT_TSTAT - DEBUG - Save line: T6 P6 X0 Y0 Z128.89087 A0 B0 C0 U0 V0 W0 D0 I0 J0 Q0 ;1/8 " 17mm 
2025-11-26 21:32:37,415 - QTvcp.QTVCP.QT_TSTAT - DEBUG - Save line: T17 P3 X0 Y0 Z109.85839 A0 B0 C0 U0 V0 W0 D4.00000 I0 J0 Q0 ;1F 4mm 15mm 
2025-11-26 21:32:37,417 - QTvcp.QTVCP.QT_TSTAT - DEBUG - Save line: T7 P7 X0 Y0 Z129.10137 A0 B0 C0 U0 V0 W0 D0 I0 J0 Q0 ;1f 6mm sorotec 25mm 
2025-11-26 21:32:37,426 - QTvcp.QTVCP.QT_TSTAT - DEBUG - Save line: T25 P25 X0 Y0 Z170.56463 A0 B0 C0 U0 V0 W0 D0 I0 J0 Q0 ;2f 10mm 
2025-11-26 21:32:37,429 - QTvcp.QTVCP.QT_TSTAT - DEBUG - Save line: T24 P24 X0 Y0 Z-56.78963 A0 B0 C0 U0 V0 W0 D0 I0 J0 Q0 ;2f 6mm flat coated china 
2025-11-26 21:32:37,431 - QTvcp.QTVCP.QT_TSTAT - DEBUG - Save line: T9 P9 X0 Y0 Z-55.22713 A0 B0 C0 U0 V0 W0 D0 I0 J0 Q0 ;2mm flat 
2025-11-26 21:32:37,434 - QTvcp.QTVCP.QT_TSTAT - DEBUG - Save line: T22 P22 X0 Y0 Z0 A0 B0 C0 U0 V0 W0 D0 I0 J0 Q0 ;3f 4mm 
2025-11-26 21:32:37,436 - QTvcp.QTVCP.QT_TSTAT - DEBUG - Save line: T23 P23 X0 Y0 Z0 A0 B0 C0 U0 V0 W0 D0 I0 J0 Q0 ;3f 6mm l25 coated china 
2025-11-26 21:32:37,437 - QTvcp.QTVCP.QT_TSTAT - DEBUG - Save line: T60 P60 X0 Y0 Z0 A0 B0 C0 U0 V0 W0 D0 I0 J0 Q0 ;3f 90deg 6mm chamfer 
2025-11-26 21:32:37,437 - QTvcp.QTVCP.QT_TSTAT - DEBUG - Save line: T18 P18 X0 Y0 Z124.45137 A0 B0 C0 U0 V0 W0 D0 I0 J0 Q0 ;3mm flat sorotec 
2025-11-26 21:32:37,438 - QTvcp.QTVCP.QT_TSTAT - DEBUG - Save line: T11 P11 X0 Y0 Z-31.29270 A0 B0 C0 U0 V0 W0 D5.00000 I0 J0 Q0 ;5mm 4f china 
2025-11-26 21:32:37,439 - QTvcp.QTVCP.QT_TSTAT - DEBUG - Save line: T14 P14 X0 Y0 Z0 A0 B0 C0 U0 V0 W0 D0 I0 J0 Q0 ;6mm 2f china col 
2025-11-26 21:32:37,441 - QTvcp.QTVCP.QT_TSTAT - DEBUG - Save line: T1 P1 X0 Y0 Z136.95988 A0 B0 C0 U0 V0 W0 D6.00000 I0 J0 Q0 ;6mm flat 
2025-11-26 21:32:37,442 - QTvcp.QTVCP.QT_TSTAT - DEBUG - Save line: T52 P52 X0 Y0 Z147.24103 A0 B0 C0 U0 V0 W0 D35.00000 I0 J0 Q0 ;Face 35 wood 
2025-11-26 21:32:37,443 - QTvcp.QTVCP.QT_TSTAT - DEBUG - Save line: T61 P4 X0 Y0 Z133.29438 A0 B0 C0 U0 V0 W0 D4.00000 I0 J0 Q0 ;thred m5-m8 sorotec 
2025-11-26 21:32:37,444 - QTvcp.QTVCP.QT_TSTAT - DEBUG - Save line: T30 P30 X0 Y0 Z113.24574 A0 B0 C0 U0 V0 W0 D0 I0 J0 Q0 ;ball 6mm 2f china 
2025-11-26 21:32:37,445 - QTvcp.QTVCP.QT_TSTAT - DEBUG - Save line: T32 P32 X0 Y0 Z-61.60900 A0 B0 C0 U0 V0 W0 D0 I0 J0 Q0 ;ball 6mm china 
2025-11-26 21:32:37,445 - QTvcp.QTVCP.QT_TSTAT - DEBUG - Save line: T21 P21 X0 Y0 Z-90.66397 A0 B0 C0 U0 V0 W0 D0 I0 J0 Q0 ;ball end mill 6mm 
2025-11-26 21:32:37,446 - QTvcp.QTVCP.QT_TSTAT - DEBUG - Save line: T62 P62 X0 Y0 Z130.74038 A0 B0 C0 U0 V0 W0 D0 I0 J0 Q0 ;chamfer 60 degree 
2025-11-26 21:32:37,446 - QTvcp.QTVCP.QT_TSTAT - DEBUG - Save line: T42 P42 X0 Y0 Z-114.86100 A0 B0 C0 U0 V0 W0 D0 I0 J0 Q0 ;drill 2.5 
2025-11-26 21:32:37,446 - QTvcp.QTVCP.QT_TSTAT - DEBUG - Save line: T41 P41 X0 Y0 Z-98.95620 A0 B0 C0 U0 V0 W0 D0 I0 J0 Q0 ;drill 5mm sorotec 
2025-11-26 21:32:37,447 - QTvcp.QTVCP.QT_TSTAT - DEBUG - Save line: T50 P50 X0 Y0 Z156.56460 A0 B0 C0 U0 V0 W0 D50.00000 I0 J0 Q0 ;face 50mm china 
2025-11-26 21:32:37,447 - QTvcp.QTVCP.QT_TSTAT - DEBUG - Save line: T15 P1 X0 Y0 Z103.73574 A0 B0 C0 U0 V0 W0 D16.00000 I0 J0 Q0 ;face16 
2025-11-26 21:32:37,448 - QTvcp.QTVCP.QT_TSTAT - DEBUG - Save line: T25 P25 X0 Y0 Z146.71938 A0 B0 C0 U0 V0 W0 D0 I0 J0 Q0 ;facemill 18mm 
2025-11-26 21:32:37,449 - QTvcp.QTVCP.QT_TSTAT - DEBUG - Save line: T51 P1 X0 Y0 Z128.86488 A0 B0 C0 U0 V0 W0 D16.00000 I0 J0 Q0 ;facemill 50mm 
2025-11-26 21:32:37,450 - QTvcp.QTVCP.QT_TSTAT - DEBUG - Save line: T13 P13 X0 Y0 Z-41.84330 A0 B0 C0 U0 V0 W0 D6.00000 I0 J0 Q0 ;flat/ 6mm pro alu 26mm 
2025-11-26 21:32:37,450 - QTvcp.QTVCP.QT_TSTAT - DEBUG - Save line: T19 P19 X0 Y0 Z-17.65120 A0 B0 C0 U0 V0 W0 D2.00000 I0 J0 Q0 ;flat_por alu 2mm 
2025-11-26 21:32:37,451 - QTvcp.QTVCP.QT_TSTAT - DEBUG - Save line: T26 P26 X0 Y0 Z117.47522 A0 B0 C0 U0 V0 W0 D3.17500 I0 J0 Q0 ;foam cutter 1/8' 
2025-11-26 21:32:37,451 - QTvcp.QTVCP.QT_TSTAT - DEBUG - Save line: T16 P16 X0 Y0 Z123.37369 A0 B0 C0 U0 V0 W0 D0 I0 J0 Q0 ;pro alu 3mm 
2025-11-26 21:32:37,452 - QTvcp.QTVCP.QT_TSTAT - DEBUG - Save line: T99 P99 X0 Y0 Z164.94088 A0 B0 C0 U0 V0 W0 D2.00000 I0 J0 Q0 ;probe 
2025-11-26 21:32:37,452 - QTvcp.QTVCP.QT_TSTAT - DEBUG - Save line: T33 P33 X0 Y0 Z-73.35510 A0 B0 C0 U0 V0 W0 D0 I0 J0 Q0 ;r3 ball sorotec 
2025-11-26 21:32:37,452 - QTvcp.QTVCP.QT_TSTAT - DEBUG - Save line: T12 P12 X0 Y0 Z-36.47870 A0 B0 C0 U0 V0 W0 D0 I0 J0 Q0 ;sor_flat_2mm_8mm 
2025-11-26 21:32:37,453 - QTvcp.QTVCP.QT_TSTAT - DEBUG - Save line: T4 P4 X0 Y0 Z142.73837 A0 B0 C0 U0 V0 W0 D6.00000 I0 J0 Q0 ;sorotec_3mm ball 
2025-11-26 21:32:37,453 - QTvcp.QTVCP.QT_TSTAT - DEBUG - Save line: T91 P91 X0 Y0 Z-118.47200 A0 B0 C0 U0 V0 W0 D0 I0 J0 Q0 ;thread m2-m4 sorotec 
2025-11-26 21:32:37,454 - QTvcp.QTVCP.QT_TSTAT - DEBUG - Save line: T90 P90 X0 Y0 Z0 A0 B0 C0 U0 V0 W0 D0 I0 J0 Q0 ;thread m4-m8 sorotec 
2025-11-26 21:32:37,454 - QTvcp.QTVCP.QT_TSTAT - DEBUG - Save line: T5 P5 X0 Y0 Z129.80638 A0 B0 C0 U0 V0 W0 D0 I0 J0 Q0 ;tool 
2025-11-26 21:32:37,478 - QTvcp.QTVCP.QT_ACTION - DEBUG - CALL_MDI Command: g43
2025-11-26 21:32:37,510 - QTvcp.QTVCP.WIDGETS.GCODE_GRAPHICS - DEBUG - reload the display: None
2025-11-26 21:32:37,512 - QTvcp.QTVCP.WIDGETS.ORIGIN_OFFSETVIEW - DEBUG - message returned:{'NAME': 'CALCULATOR', 'ID': 'tooloffsetview__', 'PRELOAD': 51.0, 'TITLE': 'Tool 51 Offset of pocket,51', 'ITEM': <PyQt5.QtCore.QModelIndex object at 0x7f08aced3ca0>, 'RETURN': 1.0}
2025-11-26 21:32:37,514 - QTvcp.QTVCP.WIDGETS.ORIGIN_OFFSETVIEW - DEBUG - message returned:{'NAME': 'CALCULATOR', 'ID': 'tooloffsetview__', 'PRELOAD': 51.0, 'TITLE': 'Tool 51 Offset of pocket,51', 'ITEM': <PyQt5.QtCore.QModelIndex object at 0x7f08aced3ca0>, 'RETURN': None}
2025-11-26 21:32:37,514 - QTvcp.QTVCP.WIDGETS.TOOL_OFFSETVIEW - DEBUG - message returned:{'NAME': 'CALCULATOR', 'ID': 'tooloffsetview__', 'PRELOAD': 51.0, 'TITLE': 'Tool 51 Offset of pocket,51', 'ITEM': <PyQt5.QtCore.QModelIndex object at 0x7f08aced3ca0>, 'RETURN': None}
2025-11-26 21:32:37,515 - QTvcp.QTVCP.WIDGETS.ORIGIN_OFFSETVIEW - DEBUG - message returned:{'NAME': 'CALCULATOR', 'ID': 'tooloffsetview__', 'PRELOAD': 51.0, 'TITLE': 'Tool 51 Offset of pocket,51', 'ITEM': <PyQt5.QtCore.QModelIndex object at 0x7f08aced3ca0>, 'RETURN': None}
2025-11-26 21:32:37,546 - QTvcp.QTVCP.WIDGETS.MDI_LINE - DEBUG - Ext line selected: m65 p1, mdi_history.dat
2025-11-26 21:32:53,369 - QTvcp.QTVCP.WIDGETS.TOOL_OFFSETVIEW - DEBUG - Text: facemill 50mm , Row: 28, Column: 19
2025-11-26 21:32:53,370 - QTvcp.QTVCP.WIDGETS.TOOL_OFFSETVIEW - DEBUG - message sent:{'NAME': 'KEYBOARD', 'ID': 'tooloffsetview__', 'PRELOAD': 'facemill 50mm ', 'TITLE': 'Tool 51 Description Entry', 'ITEM': <PyQt5.QtCore.QModelIndex object at 0x7f08aced3df0>}
2025-11-26 21:32:55,558 - QTvcp.QTVCP.WIDGETS.TOOL_OFFSETVIEW - DEBUG - Text: facemill 50mm , Row: 28, Column: 19
2025-11-26 21:32:55,559 - QTvcp.QTVCP.WIDGETS.TOOL_OFFSETVIEW - DEBUG - message sent:{'NAME': 'KEYBOARD', 'ID': 'tooloffsetview__', 'PRELOAD': 'facemill 50mm ', 'TITLE': 'Tool 51 Description Entry', 'ITEM': <PyQt5.QtCore.QModelIndex object at 0x7f08aced3ca0>}
2025-11-26 21:33:03,947 - QTvcp.QTVCP.WIDGETS.TOOL_OFFSETVIEW - DEBUG - original value:facemill 50mm 
2025-11-26 21:33:03,948 - QTvcp.QTVCP.WIDGETS.TOOL_OFFSETVIEW - DEBUG - >>> setData() role = 2
2025-11-26 21:33:03,948 - QTvcp.QTVCP.WIDGETS.TOOL_OFFSETVIEW - DEBUG - >>> setData() column() = 19
2025-11-26 21:33:03,948 - QTvcp.QTVCP.WIDGETS.TOOL_OFFSETVIEW - DEBUG - >>> setData() value = sorotec 16mm face mill 
2025-11-26 21:33:03,948 - QTvcp.QTVCP.QT_TSTAT - DEBUG - converted line: [63, 63, 0.0, 0.0, 110.09987, 0.0, 0.0, 0.0, 0.0, 0.0, 0.0, 4.85, 0.0, 0.0, 0, 'thread m6 4.85 china ']
2025-11-26 21:33:03,949 - QTvcp.QTVCP.QT_TSTAT - DEBUG - converted line: [0, 0, 0.0, 0.0, 0.0, 0.0, 0.0, 0.0, 0.0, 0.0, 0.0, 0.0, 0.0, 0.0, 0, ' ']
2025-11-26 21:33:03,949 - QTvcp.QTVCP.QT_TSTAT - DEBUG - converted line: [2, 2, 0.0, 0.0, 149.35788, 0.0, 0.0, 0.0, 0.0, 0.0, 0.0, 6.0, 0.0, 0.0, 0, ' ']
2025-11-26 21:33:03,949 - QTvcp.QTVCP.QT_TSTAT - DEBUG - converted line: [3, 3, 0.0, 0.0, 132.70388, 0.0, 0.0, 0.0, 0.0, 0.0, 0.0, 6.0, 0.0, 0.0, 0, ' ']
2025-11-26 21:33:03,949 - QTvcp.QTVCP.QT_TSTAT - DEBUG - converted line: [6, 6, 0.0, 0.0, 128.89087, 0.0, 0.0, 0.0, 0.0, 0.0, 0.0, 0.0, 0.0, 0.0, 0, '1/8 " 17mm ']
2025-11-26 21:33:03,950 - QTvcp.QTVCP.QT_TSTAT - DEBUG - converted line: [17, 3, 0.0, 0.0, 109.85839, 0.0, 0.0, 0.0, 0.0, 0.0, 0.0, 4.0, 0.0, 0.0, 0, '1F 4mm 15mm ']
2025-11-26 21:33:03,950 - QTvcp.QTVCP.QT_TSTAT - DEBUG - converted line: [7, 7, 0.0, 0.0, 129.10137, 0.0, 0.0, 0.0, 0.0, 0.0, 0.0, 0.0, 0.0, 0.0, 0, '1f 6mm sorotec 25mm ']
2025-11-26 21:33:03,950 - QTvcp.QTVCP.QT_TSTAT - DEBUG - converted line: [25, 25, 0.0, 0.0, 170.56463, 0.0, 0.0, 0.0, 0.0, 0.0, 0.0, 0.0, 0.0, 0.0, 0, '2f 10mm ']
2025-11-26 21:33:03,951 - QTvcp.QTVCP.QT_TSTAT - DEBUG - converted line: [24, 24, 0.0, 0.0, -56.78963, 0.0, 0.0, 0.0, 0.0, 0.0, 0.0, 0.0, 0.0, 0.0, 0, '2f 6mm flat coated china ']
2025-11-26 21:33:03,951 - QTvcp.QTVCP.QT_TSTAT - DEBUG - converted line: [9, 9, 0.0, 0.0, -55.22713, 0.0, 0.0, 0.0, 0.0, 0.0, 0.0, 0.0, 0.0, 0.0, 0, '2mm flat ']
2025-11-26 21:33:03,952 - QTvcp.QTVCP.QT_TSTAT - DEBUG - converted line: [22, 22, 0.0, 0.0, 0.0, 0.0, 0.0, 0.0, 0.0, 0.0, 0.0, 0.0, 0.0, 0.0, 0, '3f 4mm ']
2025-11-26 21:33:03,952 - QTvcp.QTVCP.QT_TSTAT - DEBUG - converted line: [23, 23, 0.0, 0.0, 0.0, 0.0, 0.0, 0.0, 0.0, 0.0, 0.0, 0.0, 0.0, 0.0, 0, '3f 6mm l25 coated china ']
2025-11-26 21:33:03,952 - QTvcp.QTVCP.QT_TSTAT - DEBUG - converted line: [60, 60, 0.0, 0.0, 0.0, 0.0, 0.0, 0.0, 0.0, 0.0, 0.0, 0.0, 0.0, 0.0, 0, '3f 90deg 6mm chamfer ']
2025-11-26 21:33:03,953 - QTvcp.QTVCP.QT_TSTAT - DEBUG - converted line: [18, 18, 0.0, 0.0, 124.45137, 0.0, 0.0, 0.0, 0.0, 0.0, 0.0, 0.0, 0.0, 0.0, 0, '3mm flat sorotec ']
2025-11-26 21:33:03,953 - QTvcp.QTVCP.QT_TSTAT - DEBUG - converted line: [11, 11, 0.0, 0.0, -31.2927, 0.0, 0.0, 0.0, 0.0, 0.0, 0.0, 5.0, 0.0, 0.0, 0, '5mm 4f china ']
2025-11-26 21:33:03,953 - QTvcp.QTVCP.QT_TSTAT - DEBUG - converted line: [14, 14, 0.0, 0.0, 0.0, 0.0, 0.0, 0.0, 0.0, 0.0, 0.0, 0.0, 0.0, 0.0, 0, '6mm 2f china col ']
2025-11-26 21:33:03,954 - QTvcp.QTVCP.QT_TSTAT - DEBUG - converted line: [1, 1, 0.0, 0.0, 136.95988, 0.0, 0.0, 0.0, 0.0, 0.0, 0.0, 6.0, 0.0, 0.0, 0, '6mm flat ']
2025-11-26 21:33:03,954 - QTvcp.QTVCP.QT_TSTAT - DEBUG - converted line: [52, 52, 0.0, 0.0, 147.24103, 0.0, 0.0, 0.0, 0.0, 0.0, 0.0, 35.0, 0.0, 0.0, 0, 'Face 35 wood ']
2025-11-26 21:33:03,954 - QTvcp.QTVCP.QT_TSTAT - DEBUG - converted line: [61, 4, 0.0, 0.0, 133.29438, 0.0, 0.0, 0.0, 0.0, 0.0, 0.0, 4.0, 0.0, 0.0, 0, 'thred m5-m8 sorotec ']
2025-11-26 21:33:03,955 - QTvcp.QTVCP.QT_TSTAT - DEBUG - converted line: [30, 30, 0.0, 0.0, 113.24574, 0.0, 0.0, 0.0, 0.0, 0.0, 0.0, 0.0, 0.0, 0.0, 0, 'ball 6mm 2f china ']
2025-11-26 21:33:03,955 - QTvcp.QTVCP.QT_TSTAT - DEBUG - converted line: [32, 32, 0.0, 0.0, -61.609, 0.0, 0.0, 0.0, 0.0, 0.0, 0.0, 0.0, 0.0, 0.0, 0, 'ball 6mm china ']
2025-11-26 21:33:03,955 - QTvcp.QTVCP.QT_TSTAT - DEBUG - converted line: [21, 21, 0.0, 0.0, -90.66397, 0.0, 0.0, 0.0, 0.0, 0.0, 0.0, 0.0, 0.0, 0.0, 0, 'ball end mill 6mm ']
2025-11-26 21:33:03,956 - QTvcp.QTVCP.QT_TSTAT - DEBUG - converted line: [62, 62, 0.0, 0.0, 130.74038, 0.0, 0.0, 0.0, 0.0, 0.0, 0.0, 0.0, 0.0, 0.0, 0, 'chamfer 60 degree ']
2025-11-26 21:33:03,956 - QTvcp.QTVCP.QT_TSTAT - DEBUG - converted line: [42, 42, 0.0, 0.0, -114.861, 0.0, 0.0, 0.0, 0.0, 0.0, 0.0, 0.0, 0.0, 0.0, 0, 'drill 2.5 ']
2025-11-26 21:33:03,956 - QTvcp.QTVCP.QT_TSTAT - DEBUG - converted line: [41, 41, 0.0, 0.0, -98.9562, 0.0, 0.0, 0.0, 0.0, 0.0, 0.0, 0.0, 0.0, 0.0, 0, 'drill 5mm sorotec ']
2025-11-26 21:33:03,956 - QTvcp.QTVCP.QT_TSTAT - DEBUG - converted line: [50, 50, 0.0, 0.0, 156.5646, 0.0, 0.0, 0.0, 0.0, 0.0, 0.0, 50.0, 0.0, 0.0, 0, 'face 50mm china ']
2025-11-26 21:33:03,957 - QTvcp.QTVCP.QT_TSTAT - DEBUG - converted line: [15, 1, 0.0, 0.0, 103.73574, 0.0, 0.0, 0.0, 0.0, 0.0, 0.0, 16.0, 0.0, 0.0, 0, 'face16 ']
2025-11-26 21:33:03,957 - QTvcp.QTVCP.QT_TSTAT - DEBUG - converted line: [25, 25, 0.0, 0.0, 146.71938, 0.0, 0.0, 0.0, 0.0, 0.0, 0.0, 0.0, 0.0, 0.0, 0, 'facemill 18mm ']
2025-11-26 21:33:03,957 - QTvcp.QTVCP.QT_TSTAT - DEBUG - converted line: [51, 1, 0.0, 0.0, 128.86488, 0.0, 0.0, 0.0, 0.0, 0.0, 0.0, 16.0, 0.0, 0.0, 0, 'sorotec 16mm face mill']
2025-11-26 21:33:03,957 - QTvcp.QTVCP.QT_TSTAT - DEBUG - converted line: [13, 13, 0.0, 0.0, -41.8433, 0.0, 0.0, 0.0, 0.0, 0.0, 0.0, 6.0, 0.0, 0.0, 0, 'flat/ 6mm pro alu 26mm ']
2025-11-26 21:33:03,958 - QTvcp.QTVCP.QT_TSTAT - DEBUG - converted line: [19, 19, 0.0, 0.0, -17.6512, 0.0, 0.0, 0.0, 0.0, 0.0, 0.0, 2.0, 0.0, 0.0, 0, 'flat_por alu 2mm ']
2025-11-26 21:33:03,958 - QTvcp.QTVCP.QT_TSTAT - DEBUG - converted line: [26, 26, 0.0, 0.0, 117.47522, 0.0, 0.0, 0.0, 0.0, 0.0, 0.0, 3.175, 0.0, 0.0, 0, "foam cutter 1/8' "]
2025-11-26 21:33:03,958 - QTvcp.QTVCP.QT_TSTAT - DEBUG - converted line: [16, 16, 0.0, 0.0, 123.37369, 0.0, 0.0, 0.0, 0.0, 0.0, 0.0, 0.0, 0.0, 0.0, 0, 'pro alu 3mm ']
2025-11-26 21:33:03,959 - QTvcp.QTVCP.QT_TSTAT - DEBUG - converted line: [99, 99, 0.0, 0.0, 164.94088, 0.0, 0.0, 0.0, 0.0, 0.0, 0.0, 2.0, 0.0, 0.0, 0, 'probe ']
2025-11-26 21:33:03,959 - QTvcp.QTVCP.QT_TSTAT - DEBUG - converted line: [33, 33, 0.0, 0.0, -73.3551, 0.0, 0.0, 0.0, 0.0, 0.0, 0.0, 0.0, 0.0, 0.0, 0, 'r3 ball sorotec ']
2025-11-26 21:33:03,959 - QTvcp.QTVCP.QT_TSTAT - DEBUG - converted line: [12, 12, 0.0, 0.0, -36.4787, 0.0, 0.0, 0.0, 0.0, 0.0, 0.0, 0.0, 0.0, 0.0, 0, 'sor_flat_2mm_8mm ']
2025-11-26 21:33:03,959 - QTvcp.QTVCP.QT_TSTAT - DEBUG - converted line: [4, 4, 0.0, 0.0, 142.73837, 0.0, 0.0, 0.0, 0.0, 0.0, 0.0, 6.0, 0.0, 0.0, 0, 'sorotec_3mm ball ']
2025-11-26 21:33:03,960 - QTvcp.QTVCP.QT_TSTAT - DEBUG - converted line: [91, 91, 0.0, 0.0, -118.472, 0.0, 0.0, 0.0, 0.0, 0.0, 0.0, 0.0, 0.0, 0.0, 0, 'thread m2-m4 sorotec ']
2025-11-26 21:33:03,960 - QTvcp.QTVCP.QT_TSTAT - DEBUG - converted line: [90, 90, 0.0, 0.0, 0.0, 0.0, 0.0, 0.0, 0.0, 0.0, 0.0, 0.0, 0.0, 0.0, 0, 'thread m4-m8 sorotec ']
2025-11-26 21:33:03,960 - QTvcp.QTVCP.QT_TSTAT - DEBUG - converted line: [5, 5, 0.0, 0.0, 129.80638, 0.0, 0.0, 0.0, 0.0, 0.0, 0.0, 0.0, 0.0, 0.0, 0, 'tool ']
2025-11-26 21:33:03,961 - QTvcp.QTVCP.QT_TSTAT - DEBUG - Save line: T63 P63 X0 Y0 Z110.09987 A0 B0 C0 U0 V0 W0 D4.85000 I0 J0 Q0 ;thread m6 4.85 china 
2025-11-26 21:33:03,961 - QTvcp.QTVCP.QT_TSTAT - DEBUG - Save line: T0 P0 X0 Y0 Z0 A0 B0 C0 U0 V0 W0 D0 I0 J0 Q0 ; 
2025-11-26 21:33:03,961 - QTvcp.QTVCP.QT_TSTAT - DEBUG - Save line: T2 P2 X0 Y0 Z149.35788 A0 B0 C0 U0 V0 W0 D6.00000 I0 J0 Q0 ; 
2025-11-26 21:33:03,962 - QTvcp.QTVCP.QT_TSTAT - DEBUG - Save line: T3 P3 X0 Y0 Z132.70388 A0 B0 C0 U0 V0 W0 D6.00000 I0 J0 Q0 ; 
2025-11-26 21:33:03,962 - QTvcp.QTVCP.QT_TSTAT - DEBUG - Save line: T6 P6 X0 Y0 Z128.89087 A0 B0 C0 U0 V0 W0 D0 I0 J0 Q0 ;1/8 " 17mm 
2025-11-26 21:33:03,962 - QTvcp.QTVCP.QT_TSTAT - DEBUG - Save line: T17 P3 X0 Y0 Z109.85839 A0 B0 C0 U0 V0 W0 D4.00000 I0 J0 Q0 ;1F 4mm 15mm 
2025-11-26 21:33:03,963 - QTvcp.QTVCP.QT_TSTAT - DEBUG - Save line: T7 P7 X0 Y0 Z129.10137 A0 B0 C0 U0 V0 W0 D0 I0 J0 Q0 ;1f 6mm sorotec 25mm 
2025-11-26 21:33:03,963 - QTvcp.QTVCP.QT_TSTAT - DEBUG - Save line: T25 P25 X0 Y0 Z170.56463 A0 B0 C0 U0 V0 W0 D0 I0 J0 Q0 ;2f 10mm 
2025-11-26 21:33:03,963 - QTvcp.QTVCP.QT_TSTAT - DEBUG - Save line: T24 P24 X0 Y0 Z-56.78963 A0 B0 C0 U0 V0 W0 D0 I0 J0 Q0 ;2f 6mm flat coated china 
2025-11-26 21:33:03,963 - QTvcp.QTVCP.QT_TSTAT - DEBUG - Save line: T9 P9 X0 Y0 Z-55.22713 A0 B0 C0 U0 V0 W0 D0 I0 J0 Q0 ;2mm flat 
2025-11-26 21:33:03,964 - QTvcp.QTVCP.QT_TSTAT - DEBUG - Save line: T22 P22 X0 Y0 Z0 A0 B0 C0 U0 V0 W0 D0 I0 J0 Q0 ;3f 4mm 
2025-11-26 21:33:03,964 - QTvcp.QTVCP.QT_TSTAT - DEBUG - Save line: T23 P23 X0 Y0 Z0 A0 B0 C0 U0 V0 W0 D0 I0 J0 Q0 ;3f 6mm l25 coated china 
2025-11-26 21:33:03,964 - QTvcp.QTVCP.QT_TSTAT - DEBUG - Save line: T60 P60 X0 Y0 Z0 A0 B0 C0 U0 V0 W0 D0 I0 J0 Q0 ;3f 90deg 6mm chamfer 
2025-11-26 21:33:03,965 - QTvcp.QTVCP.QT_TSTAT - DEBUG - Save line: T18 P18 X0 Y0 Z124.45137 A0 B0 C0 U0 V0 W0 D0 I0 J0 Q0 ;3mm flat sorotec 
2025-11-26 21:33:03,965 - QTvcp.QTVCP.QT_TSTAT - DEBUG - Save line: T11 P11 X0 Y0 Z-31.29270 A0 B0 C0 U0 V0 W0 D5.00000 I0 J0 Q0 ;5mm 4f china 
2025-11-26 21:33:03,965 - QTvcp.QTVCP.QT_TSTAT - DEBUG - Save line: T14 P14 X0 Y0 Z0 A0 B0 C0 U0 V0 W0 D0 I0 J0 Q0 ;6mm 2f china col 
2025-11-26 21:33:03,966 - QTvcp.QTVCP.QT_TSTAT - DEBUG - Save line: T1 P1 X0 Y0 Z136.95988 A0 B0 C0 U0 V0 W0 D6.00000 I0 J0 Q0 ;6mm flat 
2025-11-26 21:33:03,966 - QTvcp.QTVCP.QT_TSTAT - DEBUG - Save line: T52 P52 X0 Y0 Z147.24103 A0 B0 C0 U0 V0 W0 D35.00000 I0 J0 Q0 ;Face 35 wood 
2025-11-26 21:33:03,966 - QTvcp.QTVCP.QT_TSTAT - DEBUG - Save line: T61 P4 X0 Y0 Z133.29438 A0 B0 C0 U0 V0 W0 D4.00000 I0 J0 Q0 ;thred m5-m8 sorotec 
2025-11-26 21:33:03,967 - QTvcp.QTVCP.QT_TSTAT - DEBUG - Save line: T30 P30 X0 Y0 Z113.24574 A0 B0 C0 U0 V0 W0 D0 I0 J0 Q0 ;ball 6mm 2f china 
2025-11-26 21:33:03,967 - QTvcp.QTVCP.QT_TSTAT - DEBUG - Save line: T32 P32 X0 Y0 Z-61.60900 A0 B0 C0 U0 V0 W0 D0 I0 J0 Q0 ;ball 6mm china 
2025-11-26 21:33:03,967 - QTvcp.QTVCP.QT_TSTAT - DEBUG - Save line: T21 P21 X0 Y0 Z-90.66397 A0 B0 C0 U0 V0 W0 D0 I0 J0 Q0 ;ball end mill 6mm 
2025-11-26 21:33:03,967 - QTvcp.QTVCP.QT_TSTAT - DEBUG - Save line: T62 P62 X0 Y0 Z130.74038 A0 B0 C0 U0 V0 W0 D0 I0 J0 Q0 ;chamfer 60 degree 
2025-11-26 21:33:03,968 - QTvcp.QTVCP.QT_TSTAT - DEBUG - Save line: T42 P42 X0 Y0 Z-114.86100 A0 B0 C0 U0 V0 W0 D0 I0 J0 Q0 ;drill 2.5 
2025-11-26 21:33:03,968 - QTvcp.QTVCP.QT_TSTAT - DEBUG - Save line: T41 P41 X0 Y0 Z-98.95620 A0 B0 C0 U0 V0 W0 D0 I0 J0 Q0 ;drill 5mm sorotec 
2025-11-26 21:33:03,968 - QTvcp.QTVCP.QT_TSTAT - DEBUG - Save line: T50 P50 X0 Y0 Z156.56460 A0 B0 C0 U0 V0 W0 D50.00000 I0 J0 Q0 ;face 50mm china 
2025-11-26 21:33:03,968 - QTvcp.QTVCP.QT_TSTAT - DEBUG - Save line: T15 P1 X0 Y0 Z103.73574 A0 B0 C0 U0 V0 W0 D16.00000 I0 J0 Q0 ;face16 
2025-11-26 21:33:03,969 - QTvcp.QTVCP.QT_TSTAT - DEBUG - Save line: T25 P25 X0 Y0 Z146.71938 A0 B0 C0 U0 V0 W0 D0 I0 J0 Q0 ;facemill 18mm 
2025-11-26 21:33:03,969 - QTvcp.QTVCP.QT_TSTAT - DEBUG - Save line: T51 P1 X0 Y0 Z128.86488 A0 B0 C0 U0 V0 W0 D16.00000 I0 J0 Q0 ;sorotec 16mm face mill 
2025-11-26 21:33:03,969 - QTvcp.QTVCP.QT_TSTAT - DEBUG - Save line: T13 P13 X0 Y0 Z-41.84330 A0 B0 C0 U0 V0 W0 D6.00000 I0 J0 Q0 ;flat/ 6mm pro alu 26mm 
2025-11-26 21:33:03,970 - QTvcp.QTVCP.QT_TSTAT - DEBUG - Save line: T19 P19 X0 Y0 Z-17.65120 A0 B0 C0 U0 V0 W0 D2.00000 I0 J0 Q0 ;flat_por alu 2mm 
2025-11-26 21:33:03,970 - QTvcp.QTVCP.QT_TSTAT - DEBUG - Save line: T26 P26 X0 Y0 Z117.47522 A0 B0 C0 U0 V0 W0 D3.17500 I0 J0 Q0 ;foam cutter 1/8' 
2025-11-26 21:33:03,970 - QTvcp.QTVCP.QT_TSTAT - DEBUG - Save line: T16 P16 X0 Y0 Z123.37369 A0 B0 C0 U0 V0 W0 D0 I0 J0 Q0 ;pro alu 3mm 
2025-11-26 21:33:03,971 - QTvcp.QTVCP.QT_TSTAT - DEBUG - Save line: T99 P99 X0 Y0 Z164.94088 A0 B0 C0 U0 V0 W0 D2.00000 I0 J0 Q0 ;probe 
2025-11-26 21:33:03,971 - QTvcp.QTVCP.QT_TSTAT - DEBUG - Save line: T33 P33 X0 Y0 Z-73.35510 A0 B0 C0 U0 V0 W0 D0 I0 J0 Q0 ;r3 ball sorotec 
2025-11-26 21:33:03,971 - QTvcp.QTVCP.QT_TSTAT - DEBUG - Save line: T12 P12 X0 Y0 Z-36.47870 A0 B0 C0 U0 V0 W0 D0 I0 J0 Q0 ;sor_flat_2mm_8mm 
2025-11-26 21:33:03,972 - QTvcp.QTVCP.QT_TSTAT - DEBUG - Save line: T4 P4 X0 Y0 Z142.73837 A0 B0 C0 U0 V0 W0 D6.00000 I0 J0 Q0 ;sorotec_3mm ball 
2025-11-26 21:33:03,972 - QTvcp.QTVCP.QT_TSTAT - DEBUG - Save line: T91 P91 X0 Y0 Z-118.47200 A0 B0 C0 U0 V0 W0 D0 I0 J0 Q0 ;thread m2-m4 sorotec 
2025-11-26 21:33:03,972 - QTvcp.QTVCP.QT_TSTAT - DEBUG - Save line: T90 P90 X0 Y0 Z0 A0 B0 C0 U0 V0 W0 D0 I0 J0 Q0 ;thread m4-m8 sorotec 
2025-11-26 21:33:03,973 - QTvcp.QTVCP.QT_TSTAT - DEBUG - Save line: T5 P5 X0 Y0 Z129.80638 A0 B0 C0 U0 V0 W0 D0 I0 J0 Q0 ;tool 
2025-11-26 21:33:03,997 - QTvcp.QTVCP.QT_ACTION - DEBUG - CALL_MDI Command: g43
2025-11-26 21:33:04,020 - QTvcp.QTVCP.WIDGETS.GCODE_GRAPHICS - DEBUG - reload the display: None
2025-11-26 21:33:04,171 - QTvcp.QTVCP.WIDGETS.TOOL_OFFSETVIEW - DEBUG - Text: face16 , Row: 26, Column: 19
2025-11-26 21:33:04,172 - QTvcp.QTVCP.WIDGETS.TOOL_OFFSETVIEW - DEBUG - message sent:{'NAME': 'KEYBOARD', 'ID': 'tooloffsetview__', 'PRELOAD': 'face16 ', 'TITLE': 'Tool 15 Description Entry', 'ITEM': <PyQt5.QtCore.QModelIndex object at 0x7f08aced3990>}
2025-11-26 21:33:11,852 - QTvcp.QTVCP.QT_ACTION - DEBUG - CALL_MDI Command: m6 t51

2025-11-26 21:33:12,092 - QTvcp.QTVCP.WIDGETS.MDI_LINE - DEBUG - Ext line selected: , mdi_history.dat
2025-11-26 21:33:12,102 - QTvcp.QTVCP.WIDGETS.GCODE_EDITOR - DEBUG - editor: got external highlight 55
2025-11-26 21:33:12,103 - QTvcp.QTVCP.WIDGETS.GCODE_EDITOR - DEBUG - editor: got external highlight 55
2025-11-26 21:33:12,203 - QTvcp.QTVCP.WIDGETS.GCODE_EDITOR - DEBUG - editor: got external highlight 72
2025-11-26 21:33:12,205 - QTvcp.QTVCP.WIDGETS.GCODE_EDITOR - DEBUG - editor: got external highlight 72
2025-11-26 21:33:13,914 - QTvcp.QTVCP.WIDGETS.GCODE_EDITOR - DEBUG - editor: got external highlight 77
2025-11-26 21:33:13,915 - QTvcp.QTVCP.WIDGETS.GCODE_EDITOR - DEBUG - editor: got external highlight 77
2025-11-26 21:33:14,721 - QTvcp.QTVCP.WIDGETS.GCODE_EDITOR - DEBUG - editor: got external highlight 79
2025-11-26 21:33:14,723 - QTvcp.QTVCP.WIDGETS.GCODE_EDITOR - DEBUG - editor: got external highlight 79
2025-11-26 21:33:18,235 - QTvcp.QTVCP.WIDGETS.GCODE_GRAPHICS - DEBUG - load the display: /home/zieluch/linuxcnc/configs/qthd_sorotec_cl0604/macros/rack_change.ngc
2025-11-26 21:33:18,249 - QTvcp.QTVCP.WIDGETS.MDI_LINE - DEBUG - Ext line selected: ; M6 REMAP Macro for ATC track ool change, /home/zieluch/linuxcnc/configs/qthd_sorotec_cl0604/macros/rack_change.ngc
2025-11-26 21:33:18,325 - QTvcp.QTVCP.WIDGETS.GCODE_EDITOR - DEBUG - editor: got external highlight 0
2025-11-26 21:33:18,326 - QTvcp.QTVCP.WIDGETS.GCODE_EDITOR - DEBUG - editor: got external highlight 0
2025-11-26 21:33:27,680 - QTvcp.QTVCP.WIDGETS.MDI_LINE - DEBUG - Ext line selected: , mdi_history.dat
2025-11-26 21:33:30,812 - QTvcp.QTVCP.LIB.KEYBINDINGS - DEBUG - Exception in KEYBINDING: no function name conversion for QT Event: 'Key_m'
2025-11-26 21:33:31,092 - QTvcp.QTVCP.LIB.KEYBINDINGS - DEBUG - Exception in KEYBINDING: no function name conversion for QT Event: 'Key_6'
2025-11-26 21:33:31,516 - QTvcp.QTVCP.LIB.KEYBINDINGS - DEBUG - Exception in KEYBINDING: no function name conversion for QT Event: 'Key_t'
2025-11-26 21:33:31,968 - QTvcp.QTVCP.LIB.KEYBINDINGS - DEBUG - Exception in KEYBINDING: no function name conversion for QT Event: 'Key_5'
2025-11-26 21:33:32,340 - QTvcp.QTVCP.LIB.KEYBINDINGS - DEBUG - Exception in KEYBINDING: no function name conversion for QT Event: 'Key_1'
2025-11-26 21:33:34,808 - QTvcp.QTVCP.LIB.KEYBINDINGS - DEBUG - Exception in KEYBINDING: no function name conversion for QT Event: 'Key_Return'
2025-11-26 21:33:40,696 - QTvcp.QTVCP.QT_ACTION - DEBUG - CALL_MDI Command: m6 t51

2025-11-26 21:33:40,911 - QTvcp.QTVCP.WIDGETS.GCODE_EDITOR - DEBUG - editor: got external highlight 55
2025-11-26 21:33:40,914 - QTvcp.QTVCP.WIDGETS.GCODE_EDITOR - DEBUG - editor: got external highlight 55
2025-11-26 21:33:41,715 - QTvcp.QTVCP.WIDGETS.GCODE_EDITOR - DEBUG - editor: got external highlight 72
2025-11-26 21:33:41,716 - QTvcp.QTVCP.WIDGETS.GCODE_EDITOR - DEBUG - editor: got external highlight 72
2025-11-26 21:33:42,823 - QTvcp.QTVCP.WIDGETS.GCODE_EDITOR - DEBUG - editor: got external highlight 77
2025-11-26 21:33:42,824 - QTvcp.QTVCP.WIDGETS.GCODE_EDITOR - DEBUG - editor: got external highlight 77
2025-11-26 21:33:50,200 - QTvcp.QTVCP.QT_ACTION - DEBUG - CALL_MDI Command: m6 t51

2025-11-26 21:33:50,512 - QTvcp.QTVCP.WIDGETS.GCODE_EDITOR - DEBUG - editor: got external highlight 72
2025-11-26 21:33:50,512 - QTvcp.QTVCP.WIDGETS.GCODE_EDITOR - DEBUG - editor: got external highlight 72
2025-11-26 21:33:50,813 - QTvcp.QTVCP.WIDGETS.GCODE_EDITOR - DEBUG - editor: got external highlight 77
2025-11-26 21:33:50,814 - QTvcp.QTVCP.WIDGETS.GCODE_EDITOR - DEBUG - editor: got external highlight 77
2025-11-26 21:33:51,619 - QTvcp.QTVCP.WIDGETS.GCODE_EDITOR - DEBUG - editor: got external highlight 79
2025-11-26 21:33:51,620 - QTvcp.QTVCP.WIDGETS.GCODE_EDITOR - DEBUG - editor: got external highlight 79
2025-11-26 21:33:55,344 - QTvcp.QTVCP.WIDGETS.GCODE_EDITOR - DEBUG - editor: got external highlight 82
2025-11-26 21:33:55,345 - QTvcp.QTVCP.WIDGETS.GCODE_EDITOR - DEBUG - editor: got external highlight 82
2025-11-26 21:33:56,754 - QTvcp.QTVCP.WIDGETS.GCODE_EDITOR - DEBUG - editor: got external highlight 94
2025-11-26 21:33:56,755 - QTvcp.QTVCP.WIDGETS.GCODE_EDITOR - DEBUG - editor: got external highlight 94
2025-11-26 21:33:57,659 - QTvcp.QTVCP.WIDGETS.GCODE_EDITOR - DEBUG - editor: got external highlight 105
2025-11-26 21:33:57,660 - QTvcp.QTVCP.WIDGETS.GCODE_EDITOR - DEBUG - editor: got external highlight 105
2025-11-26 21:34:00,678 - QTvcp.QTVCP.WIDGETS.GCODE_EDITOR - DEBUG - editor: got external highlight 110
2025-11-26 21:34:00,678 - QTvcp.QTVCP.WIDGETS.GCODE_EDITOR - DEBUG - editor: got external highlight 110
2025-11-26 21:34:01,584 - QTvcp.QTVCP.WIDGETS.GCODE_EDITOR - DEBUG - editor: got external highlight 111
2025-11-26 21:34:01,585 - QTvcp.QTVCP.WIDGETS.GCODE_EDITOR - DEBUG - editor: got external highlight 111
2025-11-26 21:34:01,785 - QTvcp.QTVCP.WIDGETS.GCODE_EDITOR - DEBUG - editor: got external highlight 166
2025-11-26 21:34:01,786 - QTvcp.QTVCP.WIDGETS.GCODE_EDITOR - DEBUG - editor: got external highlight 166
2025-11-26 21:34:02,590 - QTvcp.QTVCP.WIDGETS.GCODE_EDITOR - DEBUG - editor: got external highlight 168
2025-11-26 21:34:02,590 - QTvcp.QTVCP.WIDGETS.GCODE_EDITOR - DEBUG - editor: got external highlight 168
2025-11-26 21:34:07,326 - QTvcp.QTVCP.WIDGETS.GCODE_EDITOR - DEBUG - editor: got external highlight 185
2025-11-26 21:34:07,328 - QTvcp.QTVCP.WIDGETS.GCODE_EDITOR - DEBUG - editor: got external highlight 185
2025-11-26 21:34:08,634 - QTvcp.QTVCP.WIDGETS.GCODE_EDITOR - DEBUG - editor: got external highlight 209
2025-11-26 21:34:08,635 - QTvcp.QTVCP.WIDGETS.GCODE_EDITOR - DEBUG - editor: got external highlight 209
2025-11-26 21:34:09,640 - QTvcp.QTVCP.WIDGETS.GCODE_EDITOR - DEBUG - editor: got external highlight 211
2025-11-26 21:34:09,642 - QTvcp.QTVCP.WIDGETS.GCODE_EDITOR - DEBUG - editor: got external highlight 211
2025-11-26 21:34:12,660 - QTvcp.QTVCP.WIDGETS.GCODE_EDITOR - DEBUG - editor: got external highlight 217
2025-11-26 21:34:12,661 - QTvcp.QTVCP.WIDGETS.GCODE_EDITOR - DEBUG - editor: got external highlight 217
2025-11-26 21:34:13,165 - QTvcp.QTVCP.WIDGETS.GCODE_EDITOR - DEBUG - editor: got external highlight 226
2025-11-26 21:34:13,165 - QTvcp.QTVCP.WIDGETS.GCODE_EDITOR - DEBUG - editor: got external highlight 226
2025-11-26 21:34:17,228 - QTvcp.QTVCP.WIDGETS.ACTION_BUTTON - DEBUG - INI MDI COMMAND #: 1
2025-11-26 21:34:17,228 - QTvcp.QTVCP.QT_ACTION - DEBUG - CALL_INI_MDI command:G1 X0 Y0 F3000
2025-11-26 21:34:17,249 - QTvcp.QTVCP.QT_ACTION - DEBUG - CALL_INI_MDI command:
2025-11-26 21:54:41,039 - QTvcp.QTVCP.WIDGETS.TOOL_OFFSETVIEW - DEBUG - Text:        0.0, Row: 5, Column: 15
2025-11-26 21:54:41,041 - QTvcp.QTVCP.WIDGETS.TOOL_OFFSETVIEW - DEBUG - message sent:{'NAME': 'CALCULATOR', 'ID': 'tooloffsetview__', 'PRELOAD': 0.0, 'TITLE': 'Tool 5 Offset of Diameter,       0.0', 'ITEM': <PyQt5.QtCore.QModelIndex object at 0x7f08aced3ca0>}
2025-11-26 21:54:44,872 - QTvcp.QTVCP.WIDGETS.DIALOGMIXIN - DEBUG - Saving CalculatorDialog-geometry data from widget  to file.
2025-11-26 21:54:45,110 - QTvcp.QTVCP.WIDGETS.DIALOG_WIDGET - DEBUG - Displayed value when accepted: 6.0
2025-11-26 21:54:45,110 - QTvcp.QTVCP.WIDGETS.ORIGIN_OFFSETVIEW - DEBUG - message returned:{'NAME': 'CALCULATOR', 'ID': 'tooloffsetview__', 'PRELOAD': 0.0, 'TITLE': 'Tool 5 Offset of Diameter,       0.0', 'ITEM': <PyQt5.QtCore.QModelIndex object at 0x7f08aced3ca0>, 'RETURN': 6.0}
2025-11-26 21:54:45,111 - QTvcp.QTVCP.WIDGETS.TOOL_OFFSETVIEW - DEBUG - message returned:{'NAME': 'CALCULATOR', 'ID': 'tooloffsetview__', 'PRELOAD': 0.0, 'TITLE': 'Tool 5 Offset of Diameter,       0.0', 'ITEM': <PyQt5.QtCore.QModelIndex object at 0x7f08aced3ca0>, 'RETURN': 6.0}
2025-11-26 21:54:45,111 - QTvcp.QTVCP.WIDGETS.TOOL_OFFSETVIEW - DEBUG - original value:0.0
2025-11-26 21:54:45,111 - QTvcp.QTVCP.WIDGETS.TOOL_OFFSETVIEW - DEBUG - >>> setData() role = None
2025-11-26 21:54:45,112 - QTvcp.QTVCP.WIDGETS.TOOL_OFFSETVIEW - DEBUG - >>> setData() column() = 15
2025-11-26 21:54:45,112 - QTvcp.QTVCP.WIDGETS.TOOL_OFFSETVIEW - DEBUG - >>> setData() value = 6.0 
2025-11-26 21:54:45,112 - QTvcp.QTVCP.QT_TSTAT - DEBUG - converted line: [0, 0, 0.0, 0.0, 0.0, 0.0, 0.0, 0.0, 0.0, 0.0, 0.0, 0.0, 0.0, 0.0, 0, ' ']
2025-11-26 21:54:45,112 - QTvcp.QTVCP.QT_TSTAT - DEBUG - converted line: [1, 1, 0.0, 0.0, 136.95988, 0.0, 0.0, 0.0, 0.0, 0.0, 0.0, 6.0, 0.0, 0.0, 0, '6mm flat ']
2025-11-26 21:54:45,113 - QTvcp.QTVCP.QT_TSTAT - DEBUG - converted line: [2, 2, 0.0, 0.0, 149.35788, 0.0, 0.0, 0.0, 0.0, 0.0, 0.0, 6.0, 0.0, 0.0, 0, ' ']
2025-11-26 21:54:45,113 - QTvcp.QTVCP.QT_TSTAT - DEBUG - converted line: [3, 3, 0.0, 0.0, 132.70388, 0.0, 0.0, 0.0, 0.0, 0.0, 0.0, 6.0, 0.0, 0.0, 0, '']
2025-11-26 21:54:45,113 - QTvcp.QTVCP.QT_TSTAT - DEBUG - converted line: [4, 4, 0.0, 0.0, 142.73837, 0.0, 0.0, 0.0, 0.0, 0.0, 0.0, 6.0, 0.0, 0.0, 0, 'sorotec_3mm ball ']
2025-11-26 21:54:45,114 - QTvcp.QTVCP.QT_TSTAT - DEBUG - converted line: [5, 5, 0.0, 0.0, 129.80638, 0.0, 0.0, 0.0, 0.0, 0.0, 0.0, 6.0, 0.0, 0.0, 0, 'tool ']
2025-11-26 21:54:45,114 - QTvcp.QTVCP.QT_TSTAT - DEBUG - converted line: [6, 6, 0.0, 0.0, 128.89087, 0.0, 0.0, 0.0, 0.0, 0.0, 0.0, 0.0, 0.0, 0.0, 0, '1/8 " 17mm ']
2025-11-26 21:54:45,114 - QTvcp.QTVCP.QT_TSTAT - DEBUG - converted line: [7, 7, 0.0, 0.0, 129.10137, 0.0, 0.0, 0.0, 0.0, 0.0, 0.0, 0.0, 0.0, 0.0, 0, '1f 6mm sorotec 25mm']
2025-11-26 21:54:45,114 - QTvcp.QTVCP.QT_TSTAT - DEBUG - converted line: [9, 9, 0.0, 0.0, -55.22713, 0.0, 0.0, 0.0, 0.0, 0.0, 0.0, 0.0, 0.0, 0.0, 0, '2mm flat ']
2025-11-26 21:54:45,115 - QTvcp.QTVCP.QT_TSTAT - DEBUG - converted line: [11, 11, 0.0, 0.0, -31.2927, 0.0, 0.0, 0.0, 0.0, 0.0, 0.0, 5.0, 0.0, 0.0, 0, '5mm 4f china ']
2025-11-26 21:54:45,115 - QTvcp.QTVCP.QT_TSTAT - DEBUG - converted line: [12, 12, 0.0, 0.0, -36.4787, 0.0, 0.0, 0.0, 0.0, 0.0, 0.0, 0.0, 0.0, 0.0, 0, 'sor_flat_2mm_8mm ']
2025-11-26 21:54:45,115 - QTvcp.QTVCP.QT_TSTAT - DEBUG - converted line: [13, 13, 0.0, 0.0, -41.8433, 0.0, 0.0, 0.0, 0.0, 0.0, 0.0, 6.0, 0.0, 0.0, 0, 'flat/ 6mm pro alu 26mm ']
2025-11-26 21:54:45,116 - QTvcp.QTVCP.QT_TSTAT - DEBUG - converted line: [14, 14, 0.0, 0.0, 0.0, 0.0, 0.0, 0.0, 0.0, 0.0, 0.0, 0.0, 0.0, 0.0, 0, '6mm 2f china col ']
2025-11-26 21:54:45,116 - QTvcp.QTVCP.QT_TSTAT - DEBUG - converted line: [15, 1, 0.0, 0.0, 103.73574, 0.0, 0.0, 0.0, 0.0, 0.0, 0.0, 16.0, 0.0, 0.0, 0, 'face16 ']
2025-11-26 21:54:45,116 - QTvcp.QTVCP.QT_TSTAT - DEBUG - converted line: [16, 16, 0.0, 0.0, 123.37369, 0.0, 0.0, 0.0, 0.0, 0.0, 0.0, 0.0, 0.0, 0.0, 0, 'pro alu 3mm ']
2025-11-26 21:54:45,116 - QTvcp.QTVCP.QT_TSTAT - DEBUG - converted line: [17, 3, 0.0, 0.0, 109.85839, 0.0, 0.0, 0.0, 0.0, 0.0, 0.0, 4.0, 0.0, 0.0, 0, '1F 4mm 15mm  ']
2025-11-26 21:54:45,117 - QTvcp.QTVCP.QT_TSTAT - DEBUG - converted line: [18, 18, 0.0, 0.0, 124.45137, 0.0, 0.0, 0.0, 0.0, 0.0, 0.0, 0.0, 0.0, 0.0, 0, '3mm flat sorotec ']
2025-11-26 21:54:45,117 - QTvcp.QTVCP.QT_TSTAT - DEBUG - converted line: [19, 19, 0.0, 0.0, -17.6512, 0.0, 0.0, 0.0, 0.0, 0.0, 0.0, 2.0, 0.0, 0.0, 0, 'flat_por alu 2mm ']
2025-11-26 21:54:45,117 - QTvcp.QTVCP.QT_TSTAT - DEBUG - converted line: [21, 21, 0.0, 0.0, -90.66397, 0.0, 0.0, 0.0, 0.0, 0.0, 0.0, 0.0, 0.0, 0.0, 0, 'ball end mill 6mm ']
2025-11-26 21:54:45,118 - QTvcp.QTVCP.QT_TSTAT - DEBUG - converted line: [22, 22, 0.0, 0.0, 0.0, 0.0, 0.0, 0.0, 0.0, 0.0, 0.0, 0.0, 0.0, 0.0, 0, '3f 4mm ']
2025-11-26 21:54:45,118 - QTvcp.QTVCP.QT_TSTAT - DEBUG - converted line: [23, 23, 0.0, 0.0, 0.0, 0.0, 0.0, 0.0, 0.0, 0.0, 0.0, 0.0, 0.0, 0.0, 0, '3f 6mm l25 coated china ']
2025-11-26 21:54:45,118 - QTvcp.QTVCP.QT_TSTAT - DEBUG - converted line: [24, 24, 0.0, 0.0, -56.78963, 0.0, 0.0, 0.0, 0.0, 0.0, 0.0, 0.0, 0.0, 0.0, 0, '2f 6mm flat coated china ']
2025-11-26 21:54:45,118 - QTvcp.QTVCP.QT_TSTAT - DEBUG - converted line: [25, 25, 0.0, 0.0, 146.71938, 0.0, 0.0, 0.0, 0.0, 0.0, 0.0, 0.0, 0.0, 0.0, 0, 'facemill 18mm ']
2025-11-26 21:54:45,119 - QTvcp.QTVCP.QT_TSTAT - DEBUG - converted line: [25, 25, 0.0, 0.0, 170.56463, 0.0, 0.0, 0.0, 0.0, 0.0, 0.0, 0.0, 0.0, 0.0, 0, '2f 10mm ']
2025-11-26 21:54:45,119 - QTvcp.QTVCP.QT_TSTAT - DEBUG - converted line: [26, 26, 0.0, 0.0, 117.47522, 0.0, 0.0, 0.0, 0.0, 0.0, 0.0, 3.175, 0.0, 0.0, 0, "foam cutter 1/8' "]
2025-11-26 21:54:45,119 - QTvcp.QTVCP.QT_TSTAT - DEBUG - converted line: [30, 30, 0.0, 0.0, 113.24574, 0.0, 0.0, 0.0, 0.0, 0.0, 0.0, 0.0, 0.0, 0.0, 0, 'ball 6mm 2f china ']
2025-11-26 21:54:45,119 - QTvcp.QTVCP.QT_TSTAT - DEBUG - converted line: [32, 32, 0.0, 0.0, -61.609, 0.0, 0.0, 0.0, 0.0, 0.0, 0.0, 0.0, 0.0, 0.0, 0, 'ball 6mm china ']
2025-11-26 21:54:45,120 - QTvcp.QTVCP.QT_TSTAT - DEBUG - converted line: [33, 33, 0.0, 0.0, -73.3551, 0.0, 0.0, 0.0, 0.0, 0.0, 0.0, 0.0, 0.0, 0.0, 0, 'r3 ball sorotec ']
2025-11-26 21:54:45,120 - QTvcp.QTVCP.QT_TSTAT - DEBUG - converted line: [41, 41, 0.0, 0.0, -98.9562, 0.0, 0.0, 0.0, 0.0, 0.0, 0.0, 0.0, 0.0, 0.0, 0, 'drill 5mm sorotec ']
2025-11-26 21:54:45,120 - QTvcp.QTVCP.QT_TSTAT - DEBUG - converted line: [42, 42, 0.0, 0.0, -114.861, 0.0, 0.0, 0.0, 0.0, 0.0, 0.0, 0.0, 0.0, 0.0, 0, 'drill 2.5 ']
2025-11-26 21:54:45,121 - QTvcp.QTVCP.QT_TSTAT - DEBUG - converted line: [50, 50, 0.0, 0.0, 156.5646, 0.0, 0.0, 0.0, 0.0, 0.0, 0.0, 50.0, 0.0, 0.0, 0, 'face 50mm china ']
2025-11-26 21:54:45,121 - QTvcp.QTVCP.QT_TSTAT - DEBUG - converted line: [51, 1, 0.0, 0.0, 128.86488, 0.0, 0.0, 0.0, 0.0, 0.0, 0.0, 16.0, 0.0, 0.0, 0, 'sorotec 16mm face mill ']
2025-11-26 21:54:45,121 - QTvcp.QTVCP.QT_TSTAT - DEBUG - converted line: [52, 52, 0.0, 0.0, 147.24103, 0.0, 0.0, 0.0, 0.0, 0.0, 0.0, 35.0, 0.0, 0.0, 0, 'Face 35 wood ']
2025-11-26 21:54:45,121 - QTvcp.QTVCP.QT_TSTAT - DEBUG - converted line: [60, 60, 0.0, 0.0, 0.0, 0.0, 0.0, 0.0, 0.0, 0.0, 0.0, 0.0, 0.0, 0.0, 0, '3f 90deg 6mm chamfer ']
2025-11-26 21:54:45,122 - QTvcp.QTVCP.QT_TSTAT - DEBUG - converted line: [61, 4, 0.0, 0.0, 133.29438, 0.0, 0.0, 0.0, 0.0, 0.0, 0.0, 4.0, 0.0, 0.0, 0, 'thred m5-m8 sorotec ']
2025-11-26 21:54:45,122 - QTvcp.QTVCP.QT_TSTAT - DEBUG - converted line: [62, 62, 0.0, 0.0, 130.74038, 0.0, 0.0, 0.0, 0.0, 0.0, 0.0, 0.0, 0.0, 0.0, 0, 'chamfer 60 degree ']
2025-11-26 21:54:45,122 - QTvcp.QTVCP.QT_TSTAT - DEBUG - converted line: [63, 63, 0.0, 0.0, 110.09987, 0.0, 0.0, 0.0, 0.0, 0.0, 0.0, 4.85, 0.0, 0.0, 0, 'thread m6 4.85 china ']
2025-11-26 21:54:45,123 - QTvcp.QTVCP.QT_TSTAT - DEBUG - converted line: [90, 90, 0.0, 0.0, 0.0, 0.0, 0.0, 0.0, 0.0, 0.0, 0.0, 0.0, 0.0, 0.0, 0, 'thread m4-m8 sorotec ']
2025-11-26 21:54:45,123 - QTvcp.QTVCP.QT_TSTAT - DEBUG - converted line: [91, 91, 0.0, 0.0, -118.472, 0.0, 0.0, 0.0, 0.0, 0.0, 0.0, 0.0, 0.0, 0.0, 0, 'thread m2-m4 sorotec ']
2025-11-26 21:54:45,123 - QTvcp.QTVCP.QT_TSTAT - DEBUG - converted line: [99, 99, 0.0, 0.0, 164.94088, 0.0, 0.0, 0.0, 0.0, 0.0, 0.0, 2.0, 0.0, 0.0, 0, 'probe ']
2025-11-26 21:54:45,124 - QTvcp.QTVCP.QT_TSTAT - DEBUG - Save line: T0 P0 X0 Y0 Z0 A0 B0 C0 U0 V0 W0 D0 I0 J0 Q0 ; 
2025-11-26 21:54:45,124 - QTvcp.QTVCP.QT_TSTAT - DEBUG - Save line: T1 P1 X0 Y0 Z136.95988 A0 B0 C0 U0 V0 W0 D6.00000 I0 J0 Q0 ;6mm flat 
2025-11-26 21:54:45,124 - QTvcp.QTVCP.QT_TSTAT - DEBUG - Save line: T2 P2 X0 Y0 Z149.35788 A0 B0 C0 U0 V0 W0 D6.00000 I0 J0 Q0 ; 
2025-11-26 21:54:45,125 - QTvcp.QTVCP.QT_TSTAT - DEBUG - Save line: T3 P3 X0 Y0 Z132.70388 A0 B0 C0 U0 V0 W0 D6.00000 I0 J0 Q0 ; 
2025-11-26 21:54:45,125 - QTvcp.QTVCP.QT_TSTAT - DEBUG - Save line: T4 P4 X0 Y0 Z142.73837 A0 B0 C0 U0 V0 W0 D6.00000 I0 J0 Q0 ;sorotec_3mm ball 
2025-11-26 21:54:45,125 - QTvcp.QTVCP.QT_TSTAT - DEBUG - Save line: T5 P5 X0 Y0 Z129.80638 A0 B0 C0 U0 V0 W0 D6.00000 I0 J0 Q0 ;tool 
2025-11-26 21:54:45,126 - QTvcp.QTVCP.QT_TSTAT - DEBUG - Save line: T6 P6 X0 Y0 Z128.89087 A0 B0 C0 U0 V0 W0 D0 I0 J0 Q0 ;1/8 " 17mm 
2025-11-26 21:54:45,126 - QTvcp.QTVCP.QT_TSTAT - DEBUG - Save line: T7 P7 X0 Y0 Z129.10137 A0 B0 C0 U0 V0 W0 D0 I0 J0 Q0 ;1f 6mm sorotec 25mm 
2025-11-26 21:54:45,126 - QTvcp.QTVCP.QT_TSTAT - DEBUG - Save line: T9 P9 X0 Y0 Z-55.22713 A0 B0 C0 U0 V0 W0 D0 I0 J0 Q0 ;2mm flat 
2025-11-26 21:54:45,127 - QTvcp.QTVCP.QT_TSTAT - DEBUG - Save line: T11 P11 X0 Y0 Z-31.29270 A0 B0 C0 U0 V0 W0 D5.00000 I0 J0 Q0 ;5mm 4f china 
2025-11-26 21:54:45,127 - QTvcp.QTVCP.QT_TSTAT - DEBUG - Save line: T12 P12 X0 Y0 Z-36.47870 A0 B0 C0 U0 V0 W0 D0 I0 J0 Q0 ;sor_flat_2mm_8mm 
2025-11-26 21:54:45,128 - QTvcp.QTVCP.QT_TSTAT - DEBUG - Save line: T13 P13 X0 Y0 Z-41.84330 A0 B0 C0 U0 V0 W0 D6.00000 I0 J0 Q0 ;flat/ 6mm pro alu 26mm 
2025-11-26 21:54:45,128 - QTvcp.QTVCP.QT_TSTAT - DEBUG - Save line: T14 P14 X0 Y0 Z0 A0 B0 C0 U0 V0 W0 D0 I0 J0 Q0 ;6mm 2f china col 
2025-11-26 21:54:45,128 - QTvcp.QTVCP.QT_TSTAT - DEBUG - Save line: T15 P1 X0 Y0 Z103.73574 A0 B0 C0 U0 V0 W0 D16.00000 I0 J0 Q0 ;face16 
2025-11-26 21:54:45,128 - QTvcp.QTVCP.QT_TSTAT - DEBUG - Save line: T16 P16 X0 Y0 Z123.37369 A0 B0 C0 U0 V0 W0 D0 I0 J0 Q0 ;pro alu 3mm 
2025-11-26 21:54:45,129 - QTvcp.QTVCP.QT_TSTAT - DEBUG - Save line: T17 P3 X0 Y0 Z109.85839 A0 B0 C0 U0 V0 W0 D4.00000 I0 J0 Q0 ;1F 4mm 15mm 
2025-11-26 21:54:45,129 - QTvcp.QTVCP.QT_TSTAT - DEBUG - Save line: T18 P18 X0 Y0 Z124.45137 A0 B0 C0 U0 V0 W0 D0 I0 J0 Q0 ;3mm flat sorotec 
2025-11-26 21:54:45,129 - QTvcp.QTVCP.QT_TSTAT - DEBUG - Save line: T19 P19 X0 Y0 Z-17.65120 A0 B0 C0 U0 V0 W0 D2.00000 I0 J0 Q0 ;flat_por alu 2mm 
2025-11-26 21:54:45,130 - QTvcp.QTVCP.QT_TSTAT - DEBUG - Save line: T21 P21 X0 Y0 Z-90.66397 A0 B0 C0 U0 V0 W0 D0 I0 J0 Q0 ;ball end mill 6mm 
2025-11-26 21:54:45,130 - QTvcp.QTVCP.QT_TSTAT - DEBUG - Save line: T22 P22 X0 Y0 Z0 A0 B0 C0 U0 V0 W0 D0 I0 J0 Q0 ;3f 4mm 
2025-11-26 21:54:45,130 - QTvcp.QTVCP.QT_TSTAT - DEBUG - Save line: T23 P23 X0 Y0 Z0 A0 B0 C0 U0 V0 W0 D0 I0 J0 Q0 ;3f 6mm l25 coated china 
2025-11-26 21:54:45,131 - QTvcp.QTVCP.QT_TSTAT - DEBUG - Save line: T24 P24 X0 Y0 Z-56.78963 A0 B0 C0 U0 V0 W0 D0 I0 J0 Q0 ;2f 6mm flat coated china 
2025-11-26 21:54:45,131 - QTvcp.QTVCP.QT_TSTAT - DEBUG - Save line: T25 P25 X0 Y0 Z146.71938 A0 B0 C0 U0 V0 W0 D0 I0 J0 Q0 ;facemill 18mm 
2025-11-26 21:54:45,131 - QTvcp.QTVCP.QT_TSTAT - DEBUG - Save line: T25 P25 X0 Y0 Z170.56463 A0 B0 C0 U0 V0 W0 D0 I0 J0 Q0 ;2f 10mm 
2025-11-26 21:54:45,132 - QTvcp.QTVCP.QT_TSTAT - DEBUG - Save line: T26 P26 X0 Y0 Z117.47522 A0 B0 C0 U0 V0 W0 D3.17500 I0 J0 Q0 ;foam cutter 1/8' 
2025-11-26 21:54:45,132 - QTvcp.QTVCP.QT_TSTAT - DEBUG - Save line: T30 P30 X0 Y0 Z113.24574 A0 B0 C0 U0 V0 W0 D0 I0 J0 Q0 ;ball 6mm 2f china 
2025-11-26 21:54:45,132 - QTvcp.QTVCP.QT_TSTAT - DEBUG - Save line: T32 P32 X0 Y0 Z-61.60900 A0 B0 C0 U0 V0 W0 D0 I0 J0 Q0 ;ball 6mm china 
2025-11-26 21:54:45,133 - QTvcp.QTVCP.QT_TSTAT - DEBUG - Save line: T33 P33 X0 Y0 Z-73.35510 A0 B0 C0 U0 V0 W0 D0 I0 J0 Q0 ;r3 ball sorotec 
2025-11-26 21:54:45,133 - QTvcp.QTVCP.QT_TSTAT - DEBUG - Save line: T41 P41 X0 Y0 Z-98.95620 A0 B0 C0 U0 V0 W0 D0 I0 J0 Q0 ;drill 5mm sorotec 
2025-11-26 21:54:45,133 - QTvcp.QTVCP.QT_TSTAT - DEBUG - Save line: T42 P42 X0 Y0 Z-114.86100 A0 B0 C0 U0 V0 W0 D0 I0 J0 Q0 ;drill 2.5 
2025-11-26 21:54:45,134 - QTvcp.QTVCP.QT_TSTAT - DEBUG - Save line: T50 P50 X0 Y0 Z156.56460 A0 B0 C0 U0 V0 W0 D50.00000 I0 J0 Q0 ;face 50mm china 
2025-11-26 21:54:45,135 - QTvcp.QTVCP.QT_TSTAT - DEBUG - Save line: T51 P1 X0 Y0 Z128.86488 A0 B0 C0 U0 V0 W0 D16.00000 I0 J0 Q0 ;sorotec 16mm face mill 
2025-11-26 21:54:45,135 - QTvcp.QTVCP.QT_TSTAT - DEBUG - Save line: T52 P52 X0 Y0 Z147.24103 A0 B0 C0 U0 V0 W0 D35.00000 I0 J0 Q0 ;Face 35 wood 
2025-11-26 21:54:45,135 - QTvcp.QTVCP.QT_TSTAT - DEBUG - Save line: T60 P60 X0 Y0 Z0 A0 B0 C0 U0 V0 W0 D0 I0 J0 Q0 ;3f 90deg 6mm chamfer 
2025-11-26 21:54:45,136 - QTvcp.QTVCP.QT_TSTAT - DEBUG - Save line: T61 P4 X0 Y0 Z133.29438 A0 B0 C0 U0 V0 W0 D4.00000 I0 J0 Q0 ;thred m5-m8 sorotec 
2025-11-26 21:54:45,136 - QTvcp.QTVCP.QT_TSTAT - DEBUG - Save line: T62 P62 X0 Y0 Z130.74038 A0 B0 C0 U0 V0 W0 D0 I0 J0 Q0 ;chamfer 60 degree 
2025-11-26 21:54:45,137 - QTvcp.QTVCP.QT_TSTAT - DEBUG - Save line: T63 P63 X0 Y0 Z110.09987 A0 B0 C0 U0 V0 W0 D4.85000 I0 J0 Q0 ;thread m6 4.85 china 
2025-11-26 21:54:45,137 - QTvcp.QTVCP.QT_TSTAT - DEBUG - Save line: T90 P90 X0 Y0 Z0 A0 B0 C0 U0 V0 W0 D0 I0 J0 Q0 ;thread m4-m8 sorotec 
2025-11-26 21:54:45,137 - QTvcp.QTVCP.QT_TSTAT - DEBUG - Save line: T91 P91 X0 Y0 Z-118.47200 A0 B0 C0 U0 V0 W0 D0 I0 J0 Q0 ;thread m2-m4 sorotec 
2025-11-26 21:54:45,138 - QTvcp.QTVCP.QT_TSTAT - DEBUG - Save line: T99 P99 X0 Y0 Z164.94088 A0 B0 C0 U0 V0 W0 D2.00000 I0 J0 Q0 ;probe 
2025-11-26 21:54:45,163 - QTvcp.QTVCP.QT_ACTION - DEBUG - CALL_MDI Command: g43
2025-11-26 21:54:45,350 - QTvcp.QTVCP.WIDGETS.GCODE_GRAPHICS - DEBUG - reload the display: /home/zieluch/linuxcnc/configs/qthd_sorotec_cl0604/macros/rack_change.ngc
2025-11-26 21:54:45,442 - QTvcp.QTVCP.WIDGETS.ORIGIN_OFFSETVIEW - DEBUG - message returned:{'NAME': 'CALCULATOR', 'ID': 'tooloffsetview__', 'PRELOAD': 0.0, 'TITLE': 'Tool 5 Offset of Diameter,       0.0', 'ITEM': <PyQt5.QtCore.QModelIndex object at 0x7f08aced3ca0>, 'RETURN': 6.0}
2025-11-26 21:54:45,443 - QTvcp.QTVCP.WIDGETS.ORIGIN_OFFSETVIEW - DEBUG - message returned:{'NAME': 'CALCULATOR', 'ID': 'tooloffsetview__', 'PRELOAD': 0.0, 'TITLE': 'Tool 5 Offset of Diameter,       0.0', 'ITEM': <PyQt5.QtCore.QModelIndex object at 0x7f08aced3ca0>, 'RETURN': None}
2025-11-26 21:54:45,443 - QTvcp.QTVCP.WIDGETS.TOOL_OFFSETVIEW - DEBUG - message returned:{'NAME': 'CALCULATOR', 'ID': 'tooloffsetview__', 'PRELOAD': 0.0, 'TITLE': 'Tool 5 Offset of Diameter,       0.0', 'ITEM': <PyQt5.QtCore.QModelIndex object at 0x7f08aced3ca0>, 'RETURN': None}
2025-11-26 21:54:45,444 - QTvcp.QTVCP.WIDGETS.ORIGIN_OFFSETVIEW - DEBUG - message returned:{'NAME': 'CALCULATOR', 'ID': 'tooloffsetview__', 'PRELOAD': 0.0, 'TITLE': 'Tool 5 Offset of Diameter,       0.0', 'ITEM': <PyQt5.QtCore.QModelIndex object at 0x7f08aced3ca0>, 'RETURN': None}
2025-11-26 21:54:45,447 - QTvcp.QTVCP.WIDGETS.GCODE_EDITOR - DEBUG - editor: got external highlight 0
2025-11-26 21:54:45,448 - QTvcp.QTVCP.WIDGETS.GCODE_EDITOR - DEBUG - editor: got external highlight 0
2025-11-26 21:54:46,207 - QTvcp.QTVCP.WIDGETS.TOOL_OFFSETVIEW - DEBUG - Text: tool , Row: 5, Column: 19
2025-11-26 21:54:46,208 - QTvcp.QTVCP.WIDGETS.TOOL_OFFSETVIEW - DEBUG - message sent:{'NAME': 'KEYBOARD', 'ID': 'tooloffsetview__', 'PRELOAD': 'tool ', 'TITLE': 'Tool 5 Description Entry', 'ITEM': <PyQt5.QtCore.QModelIndex object at 0x7f08aced3990>}
2025-11-26 21:54:54,641 - QTvcp.QTVCP.WIDGETS.TOOL_OFFSETVIEW - DEBUG - original value:tool 
2025-11-26 21:54:54,642 - QTvcp.QTVCP.WIDGETS.TOOL_OFFSETVIEW - DEBUG - >>> setData() role = 2
2025-11-26 21:54:54,643 - QTvcp.QTVCP.WIDGETS.TOOL_OFFSETVIEW - DEBUG - >>> setData() column() = 19
2025-11-26 21:54:54,644 - QTvcp.QTVCP.WIDGETS.TOOL_OFFSETVIEW - DEBUG - >>> setData() value = 3f chamfer mill 
2025-11-26 21:54:54,644 - QTvcp.QTVCP.QT_TSTAT - DEBUG - converted line: [0, 0, 0.0, 0.0, 0.0, 0.0, 0.0, 0.0, 0.0, 0.0, 0.0, 0.0, 0.0, 0.0, 0, ' ']
2025-11-26 21:54:54,645 - QTvcp.QTVCP.QT_TSTAT - DEBUG - converted line: [1, 1, 0.0, 0.0, 136.95988, 0.0, 0.0, 0.0, 0.0, 0.0, 0.0, 6.0, 0.0, 0.0, 0, '6mm flat ']
2025-11-26 21:54:54,646 - QTvcp.QTVCP.QT_TSTAT - DEBUG - converted line: [2, 2, 0.0, 0.0, 149.35788, 0.0, 0.0, 0.0, 0.0, 0.0, 0.0, 6.0, 0.0, 0.0, 0, ' ']
2025-11-26 21:54:54,646 - QTvcp.QTVCP.QT_TSTAT - DEBUG - converted line: [3, 3, 0.0, 0.0, 132.70388, 0.0, 0.0, 0.0, 0.0, 0.0, 0.0, 6.0, 0.0, 0.0, 0, ' ']
2025-11-26 21:54:54,647 - QTvcp.QTVCP.QT_TSTAT - DEBUG - converted line: [4, 4, 0.0, 0.0, 142.73837, 0.0, 0.0, 0.0, 0.0, 0.0, 0.0, 6.0, 0.0, 0.0, 0, 'sorotec_3mm ball ']
2025-11-26 21:54:54,648 - QTvcp.QTVCP.QT_TSTAT - DEBUG - converted line: [5, 5, 0.0, 0.0, 129.80638, 0.0, 0.0, 0.0, 0.0, 0.0, 0.0, 6.0, 0.0, 0.0, 0, '3f chamfer mill']
2025-11-26 21:54:54,648 - QTvcp.QTVCP.QT_TSTAT - DEBUG - converted line: [6, 6, 0.0, 0.0, 128.89087, 0.0, 0.0, 0.0, 0.0, 0.0, 0.0, 0.0, 0.0, 0.0, 0, '1/8 " 17mm ']
2025-11-26 21:54:54,649 - QTvcp.QTVCP.QT_TSTAT - DEBUG - converted line: [7, 7, 0.0, 0.0, 129.10137, 0.0, 0.0, 0.0, 0.0, 0.0, 0.0, 0.0, 0.0, 0.0, 0, '1f 6mm sorotec 25mm ']
2025-11-26 21:54:54,649 - QTvcp.QTVCP.QT_TSTAT - DEBUG - converted line: [9, 9, 0.0, 0.0, -55.22713, 0.0, 0.0, 0.0, 0.0, 0.0, 0.0, 0.0, 0.0, 0.0, 0, '2mm flat ']
2025-11-26 21:54:54,649 - QTvcp.QTVCP.QT_TSTAT - DEBUG - converted line: [11, 11, 0.0, 0.0, -31.2927, 0.0, 0.0, 0.0, 0.0, 0.0, 0.0, 5.0, 0.0, 0.0, 0, '5mm 4f china ']
2025-11-26 21:54:54,650 - QTvcp.QTVCP.QT_TSTAT - DEBUG - converted line: [12, 12, 0.0, 0.0, -36.4787, 0.0, 0.0, 0.0, 0.0, 0.0, 0.0, 0.0, 0.0, 0.0, 0, 'sor_flat_2mm_8mm ']
2025-11-26 21:54:54,650 - QTvcp.QTVCP.QT_TSTAT - DEBUG - converted line: [13, 13, 0.0, 0.0, -41.8433, 0.0, 0.0, 0.0, 0.0, 0.0, 0.0, 6.0, 0.0, 0.0, 0, 'flat/ 6mm pro alu 26mm ']
2025-11-26 21:54:54,650 - QTvcp.QTVCP.QT_TSTAT - DEBUG - converted line: [14, 14, 0.0, 0.0, 0.0, 0.0, 0.0, 0.0, 0.0, 0.0, 0.0, 0.0, 0.0, 0.0, 0, '6mm 2f china col ']
2025-11-26 21:54:54,651 - QTvcp.QTVCP.QT_TSTAT - DEBUG - converted line: [15, 1, 0.0, 0.0, 103.73574, 0.0, 0.0, 0.0, 0.0, 0.0, 0.0, 16.0, 0.0, 0.0, 0, 'face16 ']
2025-11-26 21:54:54,651 - QTvcp.QTVCP.QT_TSTAT - DEBUG - converted line: [16, 16, 0.0, 0.0, 123.37369, 0.0, 0.0, 0.0, 0.0, 0.0, 0.0, 0.0, 0.0, 0.0, 0, 'pro alu 3mm ']
2025-11-26 21:54:54,651 - QTvcp.QTVCP.QT_TSTAT - DEBUG - converted line: [17, 3, 0.0, 0.0, 109.85839, 0.0, 0.0, 0.0, 0.0, 0.0, 0.0, 4.0, 0.0, 0.0, 0, '1F 4mm 15mm ']
2025-11-26 21:54:54,652 - QTvcp.QTVCP.QT_TSTAT - DEBUG - converted line: [18, 18, 0.0, 0.0, 124.45137, 0.0, 0.0, 0.0, 0.0, 0.0, 0.0, 0.0, 0.0, 0.0, 0, '3mm flat sorotec ']
2025-11-26 21:54:54,652 - QTvcp.QTVCP.QT_TSTAT - DEBUG - converted line: [19, 19, 0.0, 0.0, -17.6512, 0.0, 0.0, 0.0, 0.0, 0.0, 0.0, 2.0, 0.0, 0.0, 0, 'flat_por alu 2mm ']
2025-11-26 21:54:54,653 - QTvcp.QTVCP.QT_TSTAT - DEBUG - converted line: [21, 21, 0.0, 0.0, -90.66397, 0.0, 0.0, 0.0, 0.0, 0.0, 0.0, 0.0, 0.0, 0.0, 0, 'ball end mill 6mm ']
2025-11-26 21:54:54,653 - QTvcp.QTVCP.QT_TSTAT - DEBUG - converted line: [22, 22, 0.0, 0.0, 0.0, 0.0, 0.0, 0.0, 0.0, 0.0, 0.0, 0.0, 0.0, 0.0, 0, '3f 4mm ']
2025-11-26 21:54:54,654 - QTvcp.QTVCP.QT_TSTAT - DEBUG - converted line: [23, 23, 0.0, 0.0, 0.0, 0.0, 0.0, 0.0, 0.0, 0.0, 0.0, 0.0, 0.0, 0.0, 0, '3f 6mm l25 coated china ']
2025-11-26 21:54:54,655 - QTvcp.QTVCP.QT_TSTAT - DEBUG - converted line: [24, 24, 0.0, 0.0, -56.78963, 0.0, 0.0, 0.0, 0.0, 0.0, 0.0, 0.0, 0.0, 0.0, 0, '2f 6mm flat coated china ']
2025-11-26 21:54:54,656 - QTvcp.QTVCP.QT_TSTAT - DEBUG - converted line: [25, 25, 0.0, 0.0, 146.71938, 0.0, 0.0, 0.0, 0.0, 0.0, 0.0, 0.0, 0.0, 0.0, 0, 'facemill 18mm ']
2025-11-26 21:54:54,657 - QTvcp.QTVCP.QT_TSTAT - DEBUG - converted line: [25, 25, 0.0, 0.0, 170.56463, 0.0, 0.0, 0.0, 0.0, 0.0, 0.0, 0.0, 0.0, 0.0, 0, '2f 10mm ']
2025-11-26 21:54:54,657 - QTvcp.QTVCP.QT_TSTAT - DEBUG - converted line: [26, 26, 0.0, 0.0, 117.47522, 0.0, 0.0, 0.0, 0.0, 0.0, 0.0, 3.175, 0.0, 0.0, 0, "foam cutter 1/8' "]
2025-11-26 21:54:54,658 - QTvcp.QTVCP.QT_TSTAT - DEBUG - converted line: [30, 30, 0.0, 0.0, 113.24574, 0.0, 0.0, 0.0, 0.0, 0.0, 0.0, 0.0, 0.0, 0.0, 0, 'ball 6mm 2f china ']
2025-11-26 21:54:54,658 - QTvcp.QTVCP.QT_TSTAT - DEBUG - converted line: [32, 32, 0.0, 0.0, -61.609, 0.0, 0.0, 0.0, 0.0, 0.0, 0.0, 0.0, 0.0, 0.0, 0, 'ball 6mm china ']
2025-11-26 21:54:54,659 - QTvcp.QTVCP.QT_TSTAT - DEBUG - converted line: [33, 33, 0.0, 0.0, -73.3551, 0.0, 0.0, 0.0, 0.0, 0.0, 0.0, 0.0, 0.0, 0.0, 0, 'r3 ball sorotec ']
2025-11-26 21:54:54,659 - QTvcp.QTVCP.QT_TSTAT - DEBUG - converted line: [41, 41, 0.0, 0.0, -98.9562, 0.0, 0.0, 0.0, 0.0, 0.0, 0.0, 0.0, 0.0, 0.0, 0, 'drill 5mm sorotec ']
2025-11-26 21:54:54,659 - QTvcp.QTVCP.QT_TSTAT - DEBUG - converted line: [42, 42, 0.0, 0.0, -114.861, 0.0, 0.0, 0.0, 0.0, 0.0, 0.0, 0.0, 0.0, 0.0, 0, 'drill 2.5 ']
2025-11-26 21:54:54,660 - QTvcp.QTVCP.QT_TSTAT - DEBUG - converted line: [50, 50, 0.0, 0.0, 156.5646, 0.0, 0.0, 0.0, 0.0, 0.0, 0.0, 50.0, 0.0, 0.0, 0, 'face 50mm china ']
2025-11-26 21:54:54,660 - QTvcp.QTVCP.QT_TSTAT - DEBUG - converted line: [51, 1, 0.0, 0.0, 128.86488, 0.0, 0.0, 0.0, 0.0, 0.0, 0.0, 16.0, 0.0, 0.0, 0, 'sorotec 16mm face mill ']
2025-11-26 21:54:54,661 - QTvcp.QTVCP.QT_TSTAT - DEBUG - converted line: [52, 52, 0.0, 0.0, 147.24103, 0.0, 0.0, 0.0, 0.0, 0.0, 0.0, 35.0, 0.0, 0.0, 0, 'Face 35 wood ']
2025-11-26 21:54:54,661 - QTvcp.QTVCP.QT_TSTAT - DEBUG - converted line: [60, 60, 0.0, 0.0, 0.0, 0.0, 0.0, 0.0, 0.0, 0.0, 0.0, 0.0, 0.0, 0.0, 0, '3f 90deg 6mm chamfer ']
2025-11-26 21:54:54,661 - QTvcp.QTVCP.QT_TSTAT - DEBUG - converted line: [61, 4, 0.0, 0.0, 133.29438, 0.0, 0.0, 0.0, 0.0, 0.0, 0.0, 4.0, 0.0, 0.0, 0, 'thred m5-m8 sorotec ']
2025-11-26 21:54:54,662 - QTvcp.QTVCP.QT_TSTAT - DEBUG - converted line: [62, 62, 0.0, 0.0, 130.74038, 0.0, 0.0, 0.0, 0.0, 0.0, 0.0, 0.0, 0.0, 0.0, 0, 'chamfer 60 degree ']
2025-11-26 21:54:54,662 - QTvcp.QTVCP.QT_TSTAT - DEBUG - converted line: [63, 63, 0.0, 0.0, 110.09987, 0.0, 0.0, 0.0, 0.0, 0.0, 0.0, 4.85, 0.0, 0.0, 0, 'thread m6 4.85 china ']
2025-11-26 21:54:54,662 - QTvcp.QTVCP.QT_TSTAT - DEBUG - converted line: [90, 90, 0.0, 0.0, 0.0, 0.0, 0.0, 0.0, 0.0, 0.0, 0.0, 0.0, 0.0, 0.0, 0, 'thread m4-m8 sorotec ']
2025-11-26 21:54:54,663 - QTvcp.QTVCP.QT_TSTAT - DEBUG - converted line: [91, 91, 0.0, 0.0, -118.472, 0.0, 0.0, 0.0, 0.0, 0.0, 0.0, 0.0, 0.0, 0.0, 0, 'thread m2-m4 sorotec ']
2025-11-26 21:54:54,663 - QTvcp.QTVCP.QT_TSTAT - DEBUG - converted line: [99, 99, 0.0, 0.0, 164.94088, 0.0, 0.0, 0.0, 0.0, 0.0, 0.0, 2.0, 0.0, 0.0, 0, 'probe ']
2025-11-26 21:54:54,665 - QTvcp.QTVCP.QT_TSTAT - DEBUG - Save line: T0 P0 X0 Y0 Z0 A0 B0 C0 U0 V0 W0 D0 I0 J0 Q0 ; 
2025-11-26 21:54:54,665 - QTvcp.QTVCP.QT_TSTAT - DEBUG - Save line: T1 P1 X0 Y0 Z136.95988 A0 B0 C0 U0 V0 W0 D6.00000 I0 J0 Q0 ;6mm flat 
2025-11-26 21:54:54,666 - QTvcp.QTVCP.QT_TSTAT - DEBUG - Save line: T2 P2 X0 Y0 Z149.35788 A0 B0 C0 U0 V0 W0 D6.00000 I0 J0 Q0 ; 
2025-11-26 21:54:54,666 - QTvcp.QTVCP.QT_TSTAT - DEBUG - Save line: T3 P3 X0 Y0 Z132.70388 A0 B0 C0 U0 V0 W0 D6.00000 I0 J0 Q0 ; 
2025-11-26 21:54:54,667 - QTvcp.QTVCP.QT_TSTAT - DEBUG - Save line: T4 P4 X0 Y0 Z142.73837 A0 B0 C0 U0 V0 W0 D6.00000 I0 J0 Q0 ;sorotec_3mm ball 
2025-11-26 21:54:54,667 - QTvcp.QTVCP.QT_TSTAT - DEBUG - Save line: T5 P5 X0 Y0 Z129.80638 A0 B0 C0 U0 V0 W0 D6.00000 I0 J0 Q0 ;3f chamfer mill 
2025-11-26 21:54:54,667 - QTvcp.QTVCP.QT_TSTAT - DEBUG - Save line: T6 P6 X0 Y0 Z128.89087 A0 B0 C0 U0 V0 W0 D0 I0 J0 Q0 ;1/8 " 17mm 
2025-11-26 21:54:54,668 - QTvcp.QTVCP.QT_TSTAT - DEBUG - Save line: T7 P7 X0 Y0 Z129.10137 A0 B0 C0 U0 V0 W0 D0 I0 J0 Q0 ;1f 6mm sorotec 25mm 
2025-11-26 21:54:54,668 - QTvcp.QTVCP.QT_TSTAT - DEBUG - Save line: T9 P9 X0 Y0 Z-55.22713 A0 B0 C0 U0 V0 W0 D0 I0 J0 Q0 ;2mm flat 
2025-11-26 21:54:54,669 - QTvcp.QTVCP.QT_TSTAT - DEBUG - Save line: T11 P11 X0 Y0 Z-31.29270 A0 B0 C0 U0 V0 W0 D5.00000 I0 J0 Q0 ;5mm 4f china 
2025-11-26 21:54:54,669 - QTvcp.QTVCP.QT_TSTAT - DEBUG - Save line: T12 P12 X0 Y0 Z-36.47870 A0 B0 C0 U0 V0 W0 D0 I0 J0 Q0 ;sor_flat_2mm_8mm 
2025-11-26 21:54:54,670 - QTvcp.QTVCP.QT_TSTAT - DEBUG - Save line: T13 P13 X0 Y0 Z-41.84330 A0 B0 C0 U0 V0 W0 D6.00000 I0 J0 Q0 ;flat/ 6mm pro alu 26mm 
2025-11-26 21:54:54,671 - QTvcp.QTVCP.QT_TSTAT - DEBUG - Save line: T14 P14 X0 Y0 Z0 A0 B0 C0 U0 V0 W0 D0 I0 J0 Q0 ;6mm 2f china col 
2025-11-26 21:54:54,671 - QTvcp.QTVCP.QT_TSTAT - DEBUG - Save line: T15 P1 X0 Y0 Z103.73574 A0 B0 C0 U0 V0 W0 D16.00000 I0 J0 Q0 ;face16 
2025-11-26 21:54:54,672 - QTvcp.QTVCP.QT_TSTAT - DEBUG - Save line: T16 P16 X0 Y0 Z123.37369 A0 B0 C0 U0 V0 W0 D0 I0 J0 Q0 ;pro alu 3mm 
2025-11-26 21:54:54,673 - QTvcp.QTVCP.QT_TSTAT - DEBUG - Save line: T17 P3 X0 Y0 Z109.85839 A0 B0 C0 U0 V0 W0 D4.00000 I0 J0 Q0 ;1F 4mm 15mm 
2025-11-26 21:54:54,673 - QTvcp.QTVCP.QT_TSTAT - DEBUG - Save line: T18 P18 X0 Y0 Z124.45137 A0 B0 C0 U0 V0 W0 D0 I0 J0 Q0 ;3mm flat sorotec 
2025-11-26 21:54:54,674 - QTvcp.QTVCP.QT_TSTAT - DEBUG - Save line: T19 P19 X0 Y0 Z-17.65120 A0 B0 C0 U0 V0 W0 D2.00000 I0 J0 Q0 ;flat_por alu 2mm 
2025-11-26 21:54:54,675 - QTvcp.QTVCP.QT_TSTAT - DEBUG - Save line: T21 P21 X0 Y0 Z-90.66397 A0 B0 C0 U0 V0 W0 D0 I0 J0 Q0 ;ball end mill 6mm 
2025-11-26 21:54:54,676 - QTvcp.QTVCP.QT_TSTAT - DEBUG - Save line: T22 P22 X0 Y0 Z0 A0 B0 C0 U0 V0 W0 D0 I0 J0 Q0 ;3f 4mm 
2025-11-26 21:54:54,676 - QTvcp.QTVCP.QT_TSTAT - DEBUG - Save line: T23 P23 X0 Y0 Z0 A0 B0 C0 U0 V0 W0 D0 I0 J0 Q0 ;3f 6mm l25 coated china 
2025-11-26 21:54:54,676 - QTvcp.QTVCP.QT_TSTAT - DEBUG - Save line: T24 P24 X0 Y0 Z-56.78963 A0 B0 C0 U0 V0 W0 D0 I0 J0 Q0 ;2f 6mm flat coated china 
2025-11-26 21:54:54,677 - QTvcp.QTVCP.QT_TSTAT - DEBUG - Save line: T25 P25 X0 Y0 Z146.71938 A0 B0 C0 U0 V0 W0 D0 I0 J0 Q0 ;facemill 18mm 
2025-11-26 21:54:54,677 - QTvcp.QTVCP.QT_TSTAT - DEBUG - Save line: T25 P25 X0 Y0 Z170.56463 A0 B0 C0 U0 V0 W0 D0 I0 J0 Q0 ;2f 10mm 
2025-11-26 21:54:54,678 - QTvcp.QTVCP.QT_TSTAT - DEBUG - Save line: T26 P26 X0 Y0 Z117.47522 A0 B0 C0 U0 V0 W0 D3.17500 I0 J0 Q0 ;foam cutter 1/8' 
2025-11-26 21:54:54,678 - QTvcp.QTVCP.QT_TSTAT - DEBUG - Save line: T30 P30 X0 Y0 Z113.24574 A0 B0 C0 U0 V0 W0 D0 I0 J0 Q0 ;ball 6mm 2f china 
2025-11-26 21:54:54,679 - QTvcp.QTVCP.QT_TSTAT - DEBUG - Save line: T32 P32 X0 Y0 Z-61.60900 A0 B0 C0 U0 V0 W0 D0 I0 J0 Q0 ;ball 6mm china 
2025-11-26 21:54:54,679 - QTvcp.QTVCP.QT_TSTAT - DEBUG - Save line: T33 P33 X0 Y0 Z-73.35510 A0 B0 C0 U0 V0 W0 D0 I0 J0 Q0 ;r3 ball sorotec 
2025-11-26 21:54:54,679 - QTvcp.QTVCP.QT_TSTAT - DEBUG - Save line: T41 P41 X0 Y0 Z-98.95620 A0 B0 C0 U0 V0 W0 D0 I0 J0 Q0 ;drill 5mm sorotec 
2025-11-26 21:54:54,680 - QTvcp.QTVCP.QT_TSTAT - DEBUG - Save line: T42 P42 X0 Y0 Z-114.86100 A0 B0 C0 U0 V0 W0 D0 I0 J0 Q0 ;drill 2.5 
2025-11-26 21:54:54,681 - QTvcp.QTVCP.QT_TSTAT - DEBUG - Save line: T50 P50 X0 Y0 Z156.56460 A0 B0 C0 U0 V0 W0 D50.00000 I0 J0 Q0 ;face 50mm china 
2025-11-26 21:54:54,681 - QTvcp.QTVCP.QT_TSTAT - DEBUG - Save line: T51 P1 X0 Y0 Z128.86488 A0 B0 C0 U0 V0 W0 D16.00000 I0 J0 Q0 ;sorotec 16mm face mill 
2025-11-26 21:54:54,682 - QTvcp.QTVCP.QT_TSTAT - DEBUG - Save line: T52 P52 X0 Y0 Z147.24103 A0 B0 C0 U0 V0 W0 D35.00000 I0 J0 Q0 ;Face 35 wood 
2025-11-26 21:54:54,682 - QTvcp.QTVCP.QT_TSTAT - DEBUG - Save line: T60 P60 X0 Y0 Z0 A0 B0 C0 U0 V0 W0 D0 I0 J0 Q0 ;3f 90deg 6mm chamfer 
2025-11-26 21:54:54,683 - QTvcp.QTVCP.QT_TSTAT - DEBUG - Save line: T61 P4 X0 Y0 Z133.29438 A0 B0 C0 U0 V0 W0 D4.00000 I0 J0 Q0 ;thred m5-m8 sorotec 
2025-11-26 21:54:54,683 - QTvcp.QTVCP.QT_TSTAT - DEBUG - Save line: T62 P62 X0 Y0 Z130.74038 A0 B0 C0 U0 V0 W0 D0 I0 J0 Q0 ;chamfer 60 degree 
2025-11-26 21:54:54,684 - QTvcp.QTVCP.QT_TSTAT - DEBUG - Save line: T63 P63 X0 Y0 Z110.09987 A0 B0 C0 U0 V0 W0 D4.85000 I0 J0 Q0 ;thread m6 4.85 china 
2025-11-26 21:54:54,684 - QTvcp.QTVCP.QT_TSTAT - DEBUG - Save line: T90 P90 X0 Y0 Z0 A0 B0 C0 U0 V0 W0 D0 I0 J0 Q0 ;thread m4-m8 sorotec 
2025-11-26 21:54:54,685 - QTvcp.QTVCP.QT_TSTAT - DEBUG - Save line: T91 P91 X0 Y0 Z-118.47200 A0 B0 C0 U0 V0 W0 D0 I0 J0 Q0 ;thread m2-m4 sorotec 
2025-11-26 21:54:54,685 - QTvcp.QTVCP.QT_TSTAT - DEBUG - Save line: T99 P99 X0 Y0 Z164.94088 A0 B0 C0 U0 V0 W0 D2.00000 I0 J0 Q0 ;probe 
2025-11-26 21:54:54,709 - QTvcp.QTVCP.QT_ACTION - DEBUG - CALL_MDI Command: g43
2025-11-26 21:54:54,847 - QTvcp.QTVCP.WIDGETS.GCODE_GRAPHICS - DEBUG - reload the display: /home/zieluch/linuxcnc/configs/qthd_sorotec_cl0604/macros/rack_change.ngc
2025-11-26 21:55:59,291 - QTvcp.QTVCP.WIDGETS.TOOL_OFFSETVIEW - DEBUG - Text:    -55.227, Row: 8, Column: 7
2025-11-26 21:55:59,292 - QTvcp.QTVCP.WIDGETS.TOOL_OFFSETVIEW - DEBUG - message sent:{'NAME': 'CALCULATOR', 'ID': 'tooloffsetview__', 'PRELOAD': -55.227, 'TITLE': 'Tool 9 Offset of Z,   -55.227', 'ITEM': <PyQt5.QtCore.QModelIndex object at 0x7f08acb98120>}
2025-11-26 21:56:04,986 - QTvcp.QTVCP.WIDGETS.DIALOGMIXIN - DEBUG - Saving CalculatorDialog-geometry data from widget  to file.
2025-11-26 21:56:05,277 - QTvcp.QTVCP.WIDGETS.DIALOG_WIDGET - DEBUG - Displayed value when accepted: 0.0
2025-11-26 21:56:05,277 - QTvcp.QTVCP.WIDGETS.ORIGIN_OFFSETVIEW - DEBUG - message returned:{'NAME': 'CALCULATOR', 'ID': 'tooloffsetview__', 'PRELOAD': -55.227, 'TITLE': 'Tool 9 Offset of Z,   -55.227', 'ITEM': <PyQt5.QtCore.QModelIndex object at 0x7f08acb98120>, 'RETURN': 0.0}
2025-11-26 21:56:05,278 - QTvcp.QTVCP.WIDGETS.TOOL_OFFSETVIEW - DEBUG - message returned:{'NAME': 'CALCULATOR', 'ID': 'tooloffsetview__', 'PRELOAD': -55.227, 'TITLE': 'Tool 9 Offset of Z,   -55.227', 'ITEM': <PyQt5.QtCore.QModelIndex object at 0x7f08acb98120>, 'RETURN': 0.0}
2025-11-26 21:56:05,278 - QTvcp.QTVCP.WIDGETS.TOOL_OFFSETVIEW - DEBUG - original value:-55.22713
2025-11-26 21:56:05,279 - QTvcp.QTVCP.WIDGETS.TOOL_OFFSETVIEW - DEBUG - >>> setData() role = None
2025-11-26 21:56:05,280 - QTvcp.QTVCP.WIDGETS.TOOL_OFFSETVIEW - DEBUG - >>> setData() column() = 7
2025-11-26 21:56:05,280 - QTvcp.QTVCP.WIDGETS.TOOL_OFFSETVIEW - DEBUG - >>> setData() value = 0.0 
2025-11-26 21:56:05,281 - QTvcp.QTVCP.QT_TSTAT - DEBUG - converted line: [0, 0, 0.0, 0.0, 0.0, 0.0, 0.0, 0.0, 0.0, 0.0, 0.0, 0.0, 0.0, 0.0, 0, ' ']
2025-11-26 21:56:05,281 - QTvcp.QTVCP.QT_TSTAT - DEBUG - converted line: [1, 1, 0.0, 0.0, 136.95988, 0.0, 0.0, 0.0, 0.0, 0.0, 0.0, 6.0, 0.0, 0.0, 0, '6mm flat ']
2025-11-26 21:56:05,282 - QTvcp.QTVCP.QT_TSTAT - DEBUG - converted line: [2, 2, 0.0, 0.0, 149.35788, 0.0, 0.0, 0.0, 0.0, 0.0, 0.0, 6.0, 0.0, 0.0, 0, ' ']
2025-11-26 21:56:05,282 - QTvcp.QTVCP.QT_TSTAT - DEBUG - converted line: [3, 3, 0.0, 0.0, 132.70388, 0.0, 0.0, 0.0, 0.0, 0.0, 0.0, 6.0, 0.0, 0.0, 0, ' ']
2025-11-26 21:56:05,282 - QTvcp.QTVCP.QT_TSTAT - DEBUG - converted line: [4, 4, 0.0, 0.0, 142.73837, 0.0, 0.0, 0.0, 0.0, 0.0, 0.0, 6.0, 0.0, 0.0, 0, 'sorotec_3mm ball ']
2025-11-26 21:56:05,283 - QTvcp.QTVCP.QT_TSTAT - DEBUG - converted line: [5, 5, 0.0, 0.0, 129.80638, 0.0, 0.0, 0.0, 0.0, 0.0, 0.0, 6.0, 0.0, 0.0, 0, '3f chamfer mill ']
2025-11-26 21:56:05,283 - QTvcp.QTVCP.QT_TSTAT - DEBUG - converted line: [6, 6, 0.0, 0.0, 128.89087, 0.0, 0.0, 0.0, 0.0, 0.0, 0.0, 0.0, 0.0, 0.0, 0, '1/8 " 17mm ']
2025-11-26 21:56:05,284 - QTvcp.QTVCP.QT_TSTAT - DEBUG - converted line: [7, 7, 0.0, 0.0, 129.10137, 0.0, 0.0, 0.0, 0.0, 0.0, 0.0, 0.0, 0.0, 0.0, 0, '1f 6mm sorotec 25mm ']
2025-11-26 21:56:05,284 - QTvcp.QTVCP.QT_TSTAT - DEBUG - converted line: [9, 9, 0.0, 0.0, 0.0, 0.0, 0.0, 0.0, 0.0, 0.0, 0.0, 0.0, 0.0, 0.0, 0, '2mm flat ']
2025-11-26 21:56:05,285 - QTvcp.QTVCP.QT_TSTAT - DEBUG - converted line: [11, 11, 0.0, 0.0, -31.2927, 0.0, 0.0, 0.0, 0.0, 0.0, 0.0, 5.0, 0.0, 0.0, 0, '5mm 4f china ']
2025-11-26 21:56:05,285 - QTvcp.QTVCP.QT_TSTAT - DEBUG - converted line: [12, 12, 0.0, 0.0, -36.4787, 0.0, 0.0, 0.0, 0.0, 0.0, 0.0, 0.0, 0.0, 0.0, 0, 'sor_flat_2mm_8mm ']
2025-11-26 21:56:05,286 - QTvcp.QTVCP.QT_TSTAT - DEBUG - converted line: [13, 13, 0.0, 0.0, -41.8433, 0.0, 0.0, 0.0, 0.0, 0.0, 0.0, 6.0, 0.0, 0.0, 0, 'flat/ 6mm pro alu 26mm ']
2025-11-26 21:56:05,286 - QTvcp.QTVCP.QT_TSTAT - DEBUG - converted line: [14, 14, 0.0, 0.0, 0.0, 0.0, 0.0, 0.0, 0.0, 0.0, 0.0, 0.0, 0.0, 0.0, 0, '6mm 2f china col ']
2025-11-26 21:56:05,287 - QTvcp.QTVCP.QT_TSTAT - DEBUG - converted line: [15, 1, 0.0, 0.0, 103.73574, 0.0, 0.0, 0.0, 0.0, 0.0, 0.0, 16.0, 0.0, 0.0, 0, 'face16 ']
2025-11-26 21:56:05,287 - QTvcp.QTVCP.QT_TSTAT - DEBUG - converted line: [16, 16, 0.0, 0.0, 123.37369, 0.0, 0.0, 0.0, 0.0, 0.0, 0.0, 0.0, 0.0, 0.0, 0, 'pro alu 3mm ']
2025-11-26 21:56:05,287 - QTvcp.QTVCP.QT_TSTAT - DEBUG - converted line: [17, 3, 0.0, 0.0, 109.85839, 0.0, 0.0, 0.0, 0.0, 0.0, 0.0, 4.0, 0.0, 0.0, 0, '1F 4mm 15mm ']
2025-11-26 21:56:05,288 - QTvcp.QTVCP.QT_TSTAT - DEBUG - converted line: [18, 18, 0.0, 0.0, 124.45137, 0.0, 0.0, 0.0, 0.0, 0.0, 0.0, 0.0, 0.0, 0.0, 0, '3mm flat sorotec ']
2025-11-26 21:56:05,288 - QTvcp.QTVCP.QT_TSTAT - DEBUG - converted line: [19, 19, 0.0, 0.0, -17.6512, 0.0, 0.0, 0.0, 0.0, 0.0, 0.0, 2.0, 0.0, 0.0, 0, 'flat_por alu 2mm ']
2025-11-26 21:56:05,289 - QTvcp.QTVCP.QT_TSTAT - DEBUG - converted line: [21, 21, 0.0, 0.0, -90.66397, 0.0, 0.0, 0.0, 0.0, 0.0, 0.0, 0.0, 0.0, 0.0, 0, 'ball end mill 6mm ']
2025-11-26 21:56:05,289 - QTvcp.QTVCP.QT_TSTAT - DEBUG - converted line: [22, 22, 0.0, 0.0, 0.0, 0.0, 0.0, 0.0, 0.0, 0.0, 0.0, 0.0, 0.0, 0.0, 0, '3f 4mm ']
2025-11-26 21:56:05,290 - QTvcp.QTVCP.QT_TSTAT - DEBUG - converted line: [23, 23, 0.0, 0.0, 0.0, 0.0, 0.0, 0.0, 0.0, 0.0, 0.0, 0.0, 0.0, 0.0, 0, '3f 6mm l25 coated china ']
2025-11-26 21:56:05,290 - QTvcp.QTVCP.QT_TSTAT - DEBUG - converted line: [24, 24, 0.0, 0.0, -56.78963, 0.0, 0.0, 0.0, 0.0, 0.0, 0.0, 0.0, 0.0, 0.0, 0, '2f 6mm flat coated china ']
2025-11-26 21:56:05,291 - QTvcp.QTVCP.QT_TSTAT - DEBUG - converted line: [25, 25, 0.0, 0.0, 146.71938, 0.0, 0.0, 0.0, 0.0, 0.0, 0.0, 0.0, 0.0, 0.0, 0, 'facemill 18mm ']
2025-11-26 21:56:05,292 - QTvcp.QTVCP.QT_TSTAT - DEBUG - converted line: [25, 25, 0.0, 0.0, 170.56463, 0.0, 0.0, 0.0, 0.0, 0.0, 0.0, 0.0, 0.0, 0.0, 0, '2f 10mm ']
2025-11-26 21:56:05,292 - QTvcp.QTVCP.QT_TSTAT - DEBUG - converted line: [26, 26, 0.0, 0.0, 117.47522, 0.0, 0.0, 0.0, 0.0, 0.0, 0.0, 3.175, 0.0, 0.0, 0, "foam cutter 1/8' "]
2025-11-26 21:56:05,293 - QTvcp.QTVCP.QT_TSTAT - DEBUG - converted line: [30, 30, 0.0, 0.0, 113.24574, 0.0, 0.0, 0.0, 0.0, 0.0, 0.0, 0.0, 0.0, 0.0, 0, 'ball 6mm 2f china ']
2025-11-26 21:56:05,294 - QTvcp.QTVCP.QT_TSTAT - DEBUG - converted line: [32, 32, 0.0, 0.0, -61.609, 0.0, 0.0, 0.0, 0.0, 0.0, 0.0, 0.0, 0.0, 0.0, 0, 'ball 6mm china ']
2025-11-26 21:56:05,294 - QTvcp.QTVCP.QT_TSTAT - DEBUG - converted line: [33, 33, 0.0, 0.0, -73.3551, 0.0, 0.0, 0.0, 0.0, 0.0, 0.0, 0.0, 0.0, 0.0, 0, 'r3 ball sorotec ']
2025-11-26 21:56:05,295 - QTvcp.QTVCP.QT_TSTAT - DEBUG - converted line: [41, 41, 0.0, 0.0, -98.9562, 0.0, 0.0, 0.0, 0.0, 0.0, 0.0, 0.0, 0.0, 0.0, 0, 'drill 5mm sorotec ']
2025-11-26 21:56:05,296 - QTvcp.QTVCP.QT_TSTAT - DEBUG - converted line: [42, 42, 0.0, 0.0, -114.861, 0.0, 0.0, 0.0, 0.0, 0.0, 0.0, 0.0, 0.0, 0.0, 0, 'drill 2.5 ']
2025-11-26 21:56:05,297 - QTvcp.QTVCP.QT_TSTAT - DEBUG - converted line: [50, 50, 0.0, 0.0, 156.5646, 0.0, 0.0, 0.0, 0.0, 0.0, 0.0, 50.0, 0.0, 0.0, 0, 'face 50mm china ']
2025-11-26 21:56:05,297 - QTvcp.QTVCP.QT_TSTAT - DEBUG - converted line: [51, 1, 0.0, 0.0, 128.86488, 0.0, 0.0, 0.0, 0.0, 0.0, 0.0, 16.0, 0.0, 0.0, 0, 'sorotec 16mm face mill ']
2025-11-26 21:56:05,298 - QTvcp.QTVCP.QT_TSTAT - DEBUG - converted line: [52, 52, 0.0, 0.0, 147.24103, 0.0, 0.0, 0.0, 0.0, 0.0, 0.0, 35.0, 0.0, 0.0, 0, 'Face 35 wood ']
2025-11-26 21:56:05,299 - QTvcp.QTVCP.QT_TSTAT - DEBUG - converted line: [60, 60, 0.0, 0.0, 0.0, 0.0, 0.0, 0.0, 0.0, 0.0, 0.0, 0.0, 0.0, 0.0, 0, '3f 90deg 6mm chamfer ']
2025-11-26 21:56:05,300 - QTvcp.QTVCP.QT_TSTAT - DEBUG - converted line: [61, 4, 0.0, 0.0, 133.29438, 0.0, 0.0, 0.0, 0.0, 0.0, 0.0, 4.0, 0.0, 0.0, 0, 'thred m5-m8 sorotec ']
2025-11-26 21:56:05,300 - QTvcp.QTVCP.QT_TSTAT - DEBUG - converted line: [62, 62, 0.0, 0.0, 130.74038, 0.0, 0.0, 0.0, 0.0, 0.0, 0.0, 0.0, 0.0, 0.0, 0, 'chamfer 60 degree ']
2025-11-26 21:56:05,301 - QTvcp.QTVCP.QT_TSTAT - DEBUG - converted line: [63, 63, 0.0, 0.0, 110.09987, 0.0, 0.0, 0.0, 0.0, 0.0, 0.0, 4.85, 0.0, 0.0, 0, 'thread m6 4.85 china ']
2025-11-26 21:56:05,302 - QTvcp.QTVCP.QT_TSTAT - DEBUG - converted line: [90, 90, 0.0, 0.0, 0.0, 0.0, 0.0, 0.0, 0.0, 0.0, 0.0, 0.0, 0.0, 0.0, 0, 'thread m4-m8 sorotec ']
2025-11-26 21:56:05,303 - QTvcp.QTVCP.QT_TSTAT - DEBUG - converted line: [91, 91, 0.0, 0.0, -118.472, 0.0, 0.0, 0.0, 0.0, 0.0, 0.0, 0.0, 0.0, 0.0, 0, 'thread m2-m4 sorotec ']
2025-11-26 21:56:05,305 - QTvcp.QTVCP.QT_TSTAT - DEBUG - converted line: [99, 99, 0.0, 0.0, 164.94088, 0.0, 0.0, 0.0, 0.0, 0.0, 0.0, 2.0, 0.0, 0.0, 0, 'probe ']
2025-11-26 21:56:05,307 - QTvcp.QTVCP.QT_TSTAT - DEBUG - Save line: T0 P0 X0 Y0 Z0 A0 B0 C0 U0 V0 W0 D0 I0 J0 Q0 ; 
2025-11-26 21:56:05,311 - QTvcp.QTVCP.QT_TSTAT - DEBUG - Save line: T1 P1 X0 Y0 Z136.95988 A0 B0 C0 U0 V0 W0 D6.00000 I0 J0 Q0 ;6mm flat 
2025-11-26 21:56:05,312 - QTvcp.QTVCP.QT_TSTAT - DEBUG - Save line: T2 P2 X0 Y0 Z149.35788 A0 B0 C0 U0 V0 W0 D6.00000 I0 J0 Q0 ; 
2025-11-26 21:56:05,315 - QTvcp.QTVCP.QT_TSTAT - DEBUG - Save line: T3 P3 X0 Y0 Z132.70388 A0 B0 C0 U0 V0 W0 D6.00000 I0 J0 Q0 ; 
2025-11-26 21:56:05,316 - QTvcp.QTVCP.QT_TSTAT - DEBUG - Save line: T4 P4 X0 Y0 Z142.73837 A0 B0 C0 U0 V0 W0 D6.00000 I0 J0 Q0 ;sorotec_3mm ball 
2025-11-26 21:56:05,317 - QTvcp.QTVCP.QT_TSTAT - DEBUG - Save line: T5 P5 X0 Y0 Z129.80638 A0 B0 C0 U0 V0 W0 D6.00000 I0 J0 Q0 ;3f chamfer mill 
2025-11-26 21:56:05,318 - QTvcp.QTVCP.QT_TSTAT - DEBUG - Save line: T6 P6 X0 Y0 Z128.89087 A0 B0 C0 U0 V0 W0 D0 I0 J0 Q0 ;1/8 " 17mm 
2025-11-26 21:56:05,319 - QTvcp.QTVCP.QT_TSTAT - DEBUG - Save line: T7 P7 X0 Y0 Z129.10137 A0 B0 C0 U0 V0 W0 D0 I0 J0 Q0 ;1f 6mm sorotec 25mm 
2025-11-26 21:56:05,321 - QTvcp.QTVCP.QT_TSTAT - DEBUG - Save line: T9 P9 X0 Y0 Z0 A0 B0 C0 U0 V0 W0 D0 I0 J0 Q0 ;2mm flat 
2025-11-26 21:56:05,322 - QTvcp.QTVCP.QT_TSTAT - DEBUG - Save line: T11 P11 X0 Y0 Z-31.29270 A0 B0 C0 U0 V0 W0 D5.00000 I0 J0 Q0 ;5mm 4f china 
2025-11-26 21:56:05,324 - QTvcp.QTVCP.QT_TSTAT - DEBUG - Save line: T12 P12 X0 Y0 Z-36.47870 A0 B0 C0 U0 V0 W0 D0 I0 J0 Q0 ;sor_flat_2mm_8mm 
2025-11-26 21:56:05,325 - QTvcp.QTVCP.QT_TSTAT - DEBUG - Save line: T13 P13 X0 Y0 Z-41.84330 A0 B0 C0 U0 V0 W0 D6.00000 I0 J0 Q0 ;flat/ 6mm pro alu 26mm 
2025-11-26 21:56:05,327 - QTvcp.QTVCP.QT_TSTAT - DEBUG - Save line: T14 P14 X0 Y0 Z0 A0 B0 C0 U0 V0 W0 D0 I0 J0 Q0 ;6mm 2f china col 
2025-11-26 21:56:05,328 - QTvcp.QTVCP.QT_TSTAT - DEBUG - Save line: T15 P1 X0 Y0 Z103.73574 A0 B0 C0 U0 V0 W0 D16.00000 I0 J0 Q0 ;face16 
2025-11-26 21:56:05,329 - QTvcp.QTVCP.QT_TSTAT - DEBUG - Save line: T16 P16 X0 Y0 Z123.37369 A0 B0 C0 U0 V0 W0 D0 I0 J0 Q0 ;pro alu 3mm 
2025-11-26 21:56:05,330 - QTvcp.QTVCP.QT_TSTAT - DEBUG - Save line: T17 P3 X0 Y0 Z109.85839 A0 B0 C0 U0 V0 W0 D4.00000 I0 J0 Q0 ;1F 4mm 15mm 
2025-11-26 21:56:05,331 - QTvcp.QTVCP.QT_TSTAT - DEBUG - Save line: T18 P18 X0 Y0 Z124.45137 A0 B0 C0 U0 V0 W0 D0 I0 J0 Q0 ;3mm flat sorotec 
2025-11-26 21:56:05,332 - QTvcp.QTVCP.QT_TSTAT - DEBUG - Save line: T19 P19 X0 Y0 Z-17.65120 A0 B0 C0 U0 V0 W0 D2.00000 I0 J0 Q0 ;flat_por alu 2mm 
2025-11-26 21:56:05,333 - QTvcp.QTVCP.QT_TSTAT - DEBUG - Save line: T21 P21 X0 Y0 Z-90.66397 A0 B0 C0 U0 V0 W0 D0 I0 J0 Q0 ;ball end mill 6mm 
2025-11-26 21:56:05,334 - QTvcp.QTVCP.QT_TSTAT - DEBUG - Save line: T22 P22 X0 Y0 Z0 A0 B0 C0 U0 V0 W0 D0 I0 J0 Q0 ;3f 4mm 
2025-11-26 21:56:05,335 - QTvcp.QTVCP.QT_TSTAT - DEBUG - Save line: T23 P23 X0 Y0 Z0 A0 B0 C0 U0 V0 W0 D0 I0 J0 Q0 ;3f 6mm l25 coated china 
2025-11-26 21:56:05,336 - QTvcp.QTVCP.QT_TSTAT - DEBUG - Save line: T24 P24 X0 Y0 Z-56.78963 A0 B0 C0 U0 V0 W0 D0 I0 J0 Q0 ;2f 6mm flat coated china 
2025-11-26 21:56:05,337 - QTvcp.QTVCP.QT_TSTAT - DEBUG - Save line: T25 P25 X0 Y0 Z146.71938 A0 B0 C0 U0 V0 W0 D0 I0 J0 Q0 ;facemill 18mm 
2025-11-26 21:56:05,338 - QTvcp.QTVCP.QT_TSTAT - DEBUG - Save line: T25 P25 X0 Y0 Z170.56463 A0 B0 C0 U0 V0 W0 D0 I0 J0 Q0 ;2f 10mm 
2025-11-26 21:56:05,340 - QTvcp.QTVCP.QT_TSTAT - DEBUG - Save line: T26 P26 X0 Y0 Z117.47522 A0 B0 C0 U0 V0 W0 D3.17500 I0 J0 Q0 ;foam cutter 1/8' 
2025-11-26 21:56:05,341 - QTvcp.QTVCP.QT_TSTAT - DEBUG - Save line: T30 P30 X0 Y0 Z113.24574 A0 B0 C0 U0 V0 W0 D0 I0 J0 Q0 ;ball 6mm 2f china 
2025-11-26 21:56:05,342 - QTvcp.QTVCP.QT_TSTAT - DEBUG - Save line: T32 P32 X0 Y0 Z-61.60900 A0 B0 C0 U0 V0 W0 D0 I0 J0 Q0 ;ball 6mm china 
2025-11-26 21:56:05,343 - QTvcp.QTVCP.QT_TSTAT - DEBUG - Save line: T33 P33 X0 Y0 Z-73.35510 A0 B0 C0 U0 V0 W0 D0 I0 J0 Q0 ;r3 ball sorotec 
2025-11-26 21:56:05,344 - QTvcp.QTVCP.QT_TSTAT - DEBUG - Save line: T41 P41 X0 Y0 Z-98.95620 A0 B0 C0 U0 V0 W0 D0 I0 J0 Q0 ;drill 5mm sorotec 
2025-11-26 21:56:05,345 - QTvcp.QTVCP.QT_TSTAT - DEBUG - Save line: T42 P42 X0 Y0 Z-114.86100 A0 B0 C0 U0 V0 W0 D0 I0 J0 Q0 ;drill 2.5 
2025-11-26 21:56:05,345 - QTvcp.QTVCP.QT_TSTAT - DEBUG - Save line: T50 P50 X0 Y0 Z156.56460 A0 B0 C0 U0 V0 W0 D50.00000 I0 J0 Q0 ;face 50mm china 
2025-11-26 21:56:05,346 - QTvcp.QTVCP.QT_TSTAT - DEBUG - Save line: T51 P1 X0 Y0 Z128.86488 A0 B0 C0 U0 V0 W0 D16.00000 I0 J0 Q0 ;sorotec 16mm face mill 
2025-11-26 21:56:05,347 - QTvcp.QTVCP.QT_TSTAT - DEBUG - Save line: T52 P52 X0 Y0 Z147.24103 A0 B0 C0 U0 V0 W0 D35.00000 I0 J0 Q0 ;Face 35 wood 
2025-11-26 21:56:05,349 - QTvcp.QTVCP.QT_TSTAT - DEBUG - Save line: T60 P60 X0 Y0 Z0 A0 B0 C0 U0 V0 W0 D0 I0 J0 Q0 ;3f 90deg 6mm chamfer 
2025-11-26 21:56:05,350 - QTvcp.QTVCP.QT_TSTAT - DEBUG - Save line: T61 P4 X0 Y0 Z133.29438 A0 B0 C0 U0 V0 W0 D4.00000 I0 J0 Q0 ;thred m5-m8 sorotec 
2025-11-26 21:56:05,351 - QTvcp.QTVCP.QT_TSTAT - DEBUG - Save line: T62 P62 X0 Y0 Z130.74038 A0 B0 C0 U0 V0 W0 D0 I0 J0 Q0 ;chamfer 60 degree 
2025-11-26 21:56:05,352 - QTvcp.QTVCP.QT_TSTAT - DEBUG - Save line: T63 P63 X0 Y0 Z110.09987 A0 B0 C0 U0 V0 W0 D4.85000 I0 J0 Q0 ;thread m6 4.85 china 
2025-11-26 21:56:05,353 - QTvcp.QTVCP.QT_TSTAT - DEBUG - Save line: T90 P90 X0 Y0 Z0 A0 B0 C0 U0 V0 W0 D0 I0 J0 Q0 ;thread m4-m8 sorotec 
2025-11-26 21:56:05,354 - QTvcp.QTVCP.QT_TSTAT - DEBUG - Save line: T91 P91 X0 Y0 Z-118.47200 A0 B0 C0 U0 V0 W0 D0 I0 J0 Q0 ;thread m2-m4 sorotec 
2025-11-26 21:56:05,356 - QTvcp.QTVCP.QT_TSTAT - DEBUG - Save line: T99 P99 X0 Y0 Z164.94088 A0 B0 C0 U0 V0 W0 D2.00000 I0 J0 Q0 ;probe 
2025-11-26 21:56:05,381 - QTvcp.QTVCP.QT_ACTION - DEBUG - CALL_MDI Command: g43
2025-11-26 21:56:05,558 - QTvcp.QTVCP.WIDGETS.GCODE_GRAPHICS - DEBUG - reload the display: /home/zieluch/linuxcnc/configs/qthd_sorotec_cl0604/macros/rack_change.ngc
2025-11-26 21:56:05,654 - QTvcp.QTVCP.WIDGETS.ORIGIN_OFFSETVIEW - DEBUG - message returned:{'NAME': 'CALCULATOR', 'ID': 'tooloffsetview__', 'PRELOAD': -55.227, 'TITLE': 'Tool 9 Offset of Z,   -55.227', 'ITEM': <PyQt5.QtCore.QModelIndex object at 0x7f08acb98120>, 'RETURN': 0.0}
2025-11-26 21:56:05,659 - QTvcp.QTVCP.WIDGETS.ORIGIN_OFFSETVIEW - DEBUG - message returned:{'NAME': 'CALCULATOR', 'ID': 'tooloffsetview__', 'PRELOAD': -55.227, 'TITLE': 'Tool 9 Offset of Z,   -55.227', 'ITEM': <PyQt5.QtCore.QModelIndex object at 0x7f08acb98120>, 'RETURN': None}
2025-11-26 21:56:05,660 - QTvcp.QTVCP.WIDGETS.TOOL_OFFSETVIEW - DEBUG - message returned:{'NAME': 'CALCULATOR', 'ID': 'tooloffsetview__', 'PRELOAD': -55.227, 'TITLE': 'Tool 9 Offset of Z,   -55.227', 'ITEM': <PyQt5.QtCore.QModelIndex object at 0x7f08acb98120>, 'RETURN': None}
2025-11-26 21:56:05,661 - QTvcp.QTVCP.WIDGETS.ORIGIN_OFFSETVIEW - DEBUG - message returned:{'NAME': 'CALCULATOR', 'ID': 'tooloffsetview__', 'PRELOAD': -55.227, 'TITLE': 'Tool 9 Offset of Z,   -55.227', 'ITEM': <PyQt5.QtCore.QModelIndex object at 0x7f08acb98120>, 'RETURN': None}
2025-11-26 21:56:06,879 - QTvcp.QTVCP.WIDGETS.TOOL_OFFSETVIEW - DEBUG - Text:    -31.293, Row: 9, Column: 7
2025-11-26 21:56:06,882 - QTvcp.QTVCP.WIDGETS.TOOL_OFFSETVIEW - DEBUG - message sent:{'NAME': 'CALCULATOR', 'ID': 'tooloffsetview__', 'PRELOAD': -31.293, 'TITLE': 'Tool 11 Offset of Z,   -31.293', 'ITEM': <PyQt5.QtCore.QModelIndex object at 0x7f08aced3ca0>}
2025-11-26 21:56:11,168 - QTvcp.QTVCP.WIDGETS.DIALOGMIXIN - DEBUG - Saving CalculatorDialog-geometry data from widget  to file.
2025-11-26 21:56:11,462 - QTvcp.QTVCP.WIDGETS.DIALOG_WIDGET - DEBUG - Displayed value when accepted: 0.0
2025-11-26 21:56:11,466 - QTvcp.QTVCP.WIDGETS.ORIGIN_OFFSETVIEW - DEBUG - message returned:{'NAME': 'CALCULATOR', 'ID': 'tooloffsetview__', 'PRELOAD': -31.293, 'TITLE': 'Tool 11 Offset of Z,   -31.293', 'ITEM': <PyQt5.QtCore.QModelIndex object at 0x7f08aced3ca0>, 'RETURN': 0.0}
2025-11-26 21:56:11,467 - QTvcp.QTVCP.WIDGETS.TOOL_OFFSETVIEW - DEBUG - message returned:{'NAME': 'CALCULATOR', 'ID': 'tooloffsetview__', 'PRELOAD': -31.293, 'TITLE': 'Tool 11 Offset of Z,   -31.293', 'ITEM': <PyQt5.QtCore.QModelIndex object at 0x7f08aced3ca0>, 'RETURN': 0.0}
2025-11-26 21:56:11,468 - QTvcp.QTVCP.WIDGETS.TOOL_OFFSETVIEW - DEBUG - original value:-31.2927
2025-11-26 21:56:11,470 - QTvcp.QTVCP.WIDGETS.TOOL_OFFSETVIEW - DEBUG - >>> setData() role = None
2025-11-26 21:56:11,471 - QTvcp.QTVCP.WIDGETS.TOOL_OFFSETVIEW - DEBUG - >>> setData() column() = 7
2025-11-26 21:56:11,475 - QTvcp.QTVCP.WIDGETS.TOOL_OFFSETVIEW - DEBUG - >>> setData() value = 0.0 
2025-11-26 21:56:11,477 - QTvcp.QTVCP.QT_TSTAT - DEBUG - converted line: [0, 0, 0.0, 0.0, 0.0, 0.0, 0.0, 0.0, 0.0, 0.0, 0.0, 0.0, 0.0, 0.0, 0, ' ']
2025-11-26 21:56:11,481 - QTvcp.QTVCP.QT_TSTAT - DEBUG - converted line: [1, 1, 0.0, 0.0, 136.95988, 0.0, 0.0, 0.0, 0.0, 0.0, 0.0, 6.0, 0.0, 0.0, 0, '6mm flat ']
2025-11-26 21:56:11,482 - QTvcp.QTVCP.QT_TSTAT - DEBUG - converted line: [2, 2, 0.0, 0.0, 149.35788, 0.0, 0.0, 0.0, 0.0, 0.0, 0.0, 6.0, 0.0, 0.0, 0, ' ']
2025-11-26 21:56:11,486 - QTvcp.QTVCP.QT_TSTAT - DEBUG - converted line: [3, 3, 0.0, 0.0, 132.70388, 0.0, 0.0, 0.0, 0.0, 0.0, 0.0, 6.0, 0.0, 0.0, 0, ' ']
2025-11-26 21:56:11,492 - QTvcp.QTVCP.QT_TSTAT - DEBUG - converted line: [4, 4, 0.0, 0.0, 142.73837, 0.0, 0.0, 0.0, 0.0, 0.0, 0.0, 6.0, 0.0, 0.0, 0, 'sorotec_3mm ball ']
2025-11-26 21:56:11,493 - QTvcp.QTVCP.QT_TSTAT - DEBUG - converted line: [5, 5, 0.0, 0.0, 129.80638, 0.0, 0.0, 0.0, 0.0, 0.0, 0.0, 6.0, 0.0, 0.0, 0, '3f chamfer mill ']
2025-11-26 21:56:11,494 - QTvcp.QTVCP.QT_TSTAT - DEBUG - converted line: [6, 6, 0.0, 0.0, 128.89087, 0.0, 0.0, 0.0, 0.0, 0.0, 0.0, 0.0, 0.0, 0.0, 0, '1/8 " 17mm ']
2025-11-26 21:56:11,497 - QTvcp.QTVCP.QT_TSTAT - DEBUG - converted line: [7, 7, 0.0, 0.0, 129.10137, 0.0, 0.0, 0.0, 0.0, 0.0, 0.0, 0.0, 0.0, 0.0, 0, '1f 6mm sorotec 25mm ']
2025-11-26 21:56:11,498 - QTvcp.QTVCP.QT_TSTAT - DEBUG - converted line: [9, 9, 0.0, 0.0, 0.0, 0.0, 0.0, 0.0, 0.0, 0.0, 0.0, 0.0, 0.0, 0.0, 0, '2mm flat ']
2025-11-26 21:56:11,499 - QTvcp.QTVCP.QT_TSTAT - DEBUG - converted line: [11, 11, 0.0, 0.0, 0.0, 0.0, 0.0, 0.0, 0.0, 0.0, 0.0, 5.0, 0.0, 0.0, 0, '5mm 4f china ']
2025-11-26 21:56:11,500 - QTvcp.QTVCP.QT_TSTAT - DEBUG - converted line: [12, 12, 0.0, 0.0, -36.4787, 0.0, 0.0, 0.0, 0.0, 0.0, 0.0, 0.0, 0.0, 0.0, 0, 'sor_flat_2mm_8mm ']
2025-11-26 21:56:11,501 - QTvcp.QTVCP.QT_TSTAT - DEBUG - converted line: [13, 13, 0.0, 0.0, -41.8433, 0.0, 0.0, 0.0, 0.0, 0.0, 0.0, 6.0, 0.0, 0.0, 0, 'flat/ 6mm pro alu 26mm ']
2025-11-26 21:56:11,503 - QTvcp.QTVCP.QT_TSTAT - DEBUG - converted line: [14, 14, 0.0, 0.0, 0.0, 0.0, 0.0, 0.0, 0.0, 0.0, 0.0, 0.0, 0.0, 0.0, 0, '6mm 2f china col ']
2025-11-26 21:56:11,503 - QTvcp.QTVCP.QT_TSTAT - DEBUG - converted line: [15, 1, 0.0, 0.0, 103.73574, 0.0, 0.0, 0.0, 0.0, 0.0, 0.0, 16.0, 0.0, 0.0, 0, 'face16 ']
2025-11-26 21:56:11,504 - QTvcp.QTVCP.QT_TSTAT - DEBUG - converted line: [16, 16, 0.0, 0.0, 123.37369, 0.0, 0.0, 0.0, 0.0, 0.0, 0.0, 0.0, 0.0, 0.0, 0, 'pro alu 3mm ']
2025-11-26 21:56:11,505 - QTvcp.QTVCP.QT_TSTAT - DEBUG - converted line: [17, 3, 0.0, 0.0, 109.85839, 0.0, 0.0, 0.0, 0.0, 0.0, 0.0, 4.0, 0.0, 0.0, 0, '1F 4mm 15mm ']
2025-11-26 21:56:11,507 - QTvcp.QTVCP.QT_TSTAT - DEBUG - converted line: [18, 18, 0.0, 0.0, 124.45137, 0.0, 0.0, 0.0, 0.0, 0.0, 0.0, 0.0, 0.0, 0.0, 0, '3mm flat sorotec ']
2025-11-26 21:56:11,509 - QTvcp.QTVCP.QT_TSTAT - DEBUG - converted line: [19, 19, 0.0, 0.0, -17.6512, 0.0, 0.0, 0.0, 0.0, 0.0, 0.0, 2.0, 0.0, 0.0, 0, 'flat_por alu 2mm ']
2025-11-26 21:56:11,510 - QTvcp.QTVCP.QT_TSTAT - DEBUG - converted line: [21, 21, 0.0, 0.0, -90.66397, 0.0, 0.0, 0.0, 0.0, 0.0, 0.0, 0.0, 0.0, 0.0, 0, 'ball end mill 6mm ']
2025-11-26 21:56:11,511 - QTvcp.QTVCP.QT_TSTAT - DEBUG - converted line: [22, 22, 0.0, 0.0, 0.0, 0.0, 0.0, 0.0, 0.0, 0.0, 0.0, 0.0, 0.0, 0.0, 0, '3f 4mm ']
2025-11-26 21:56:11,512 - QTvcp.QTVCP.QT_TSTAT - DEBUG - converted line: [23, 23, 0.0, 0.0, 0.0, 0.0, 0.0, 0.0, 0.0, 0.0, 0.0, 0.0, 0.0, 0.0, 0, '3f 6mm l25 coated china ']
2025-11-26 21:56:11,513 - QTvcp.QTVCP.QT_TSTAT - DEBUG - converted line: [24, 24, 0.0, 0.0, -56.78963, 0.0, 0.0, 0.0, 0.0, 0.0, 0.0, 0.0, 0.0, 0.0, 0, '2f 6mm flat coated china ']
2025-11-26 21:56:11,514 - QTvcp.QTVCP.QT_TSTAT - DEBUG - converted line: [25, 25, 0.0, 0.0, 146.71938, 0.0, 0.0, 0.0, 0.0, 0.0, 0.0, 0.0, 0.0, 0.0, 0, 'facemill 18mm ']
2025-11-26 21:56:11,515 - QTvcp.QTVCP.QT_TSTAT - DEBUG - converted line: [25, 25, 0.0, 0.0, 170.56463, 0.0, 0.0, 0.0, 0.0, 0.0, 0.0, 0.0, 0.0, 0.0, 0, '2f 10mm ']
2025-11-26 21:56:11,516 - QTvcp.QTVCP.QT_TSTAT - DEBUG - converted line: [26, 26, 0.0, 0.0, 117.47522, 0.0, 0.0, 0.0, 0.0, 0.0, 0.0, 3.175, 0.0, 0.0, 0, "foam cutter 1/8' "]
2025-11-26 21:56:11,517 - QTvcp.QTVCP.QT_TSTAT - DEBUG - converted line: [30, 30, 0.0, 0.0, 113.24574, 0.0, 0.0, 0.0, 0.0, 0.0, 0.0, 0.0, 0.0, 0.0, 0, 'ball 6mm 2f china ']
2025-11-26 21:56:11,518 - QTvcp.QTVCP.QT_TSTAT - DEBUG - converted line: [32, 32, 0.0, 0.0, -61.609, 0.0, 0.0, 0.0, 0.0, 0.0, 0.0, 0.0, 0.0, 0.0, 0, 'ball 6mm china ']
2025-11-26 21:56:11,519 - QTvcp.QTVCP.QT_TSTAT - DEBUG - converted line: [33, 33, 0.0, 0.0, -73.3551, 0.0, 0.0, 0.0, 0.0, 0.0, 0.0, 0.0, 0.0, 0.0, 0, 'r3 ball sorotec ']
2025-11-26 21:56:11,520 - QTvcp.QTVCP.QT_TSTAT - DEBUG - converted line: [41, 41, 0.0, 0.0, -98.9562, 0.0, 0.0, 0.0, 0.0, 0.0, 0.0, 0.0, 0.0, 0.0, 0, 'drill 5mm sorotec ']
2025-11-26 21:56:11,521 - QTvcp.QTVCP.QT_TSTAT - DEBUG - converted line: [42, 42, 0.0, 0.0, -114.861, 0.0, 0.0, 0.0, 0.0, 0.0, 0.0, 0.0, 0.0, 0.0, 0, 'drill 2.5 ']
2025-11-26 21:56:11,523 - QTvcp.QTVCP.QT_TSTAT - DEBUG - converted line: [50, 50, 0.0, 0.0, 156.5646, 0.0, 0.0, 0.0, 0.0, 0.0, 0.0, 50.0, 0.0, 0.0, 0, 'face 50mm china ']
2025-11-26 21:56:11,524 - QTvcp.QTVCP.QT_TSTAT - DEBUG - converted line: [51, 1, 0.0, 0.0, 128.86488, 0.0, 0.0, 0.0, 0.0, 0.0, 0.0, 16.0, 0.0, 0.0, 0, 'sorotec 16mm face mill ']
2025-11-26 21:56:11,525 - QTvcp.QTVCP.QT_TSTAT - DEBUG - converted line: [52, 52, 0.0, 0.0, 147.24103, 0.0, 0.0, 0.0, 0.0, 0.0, 0.0, 35.0, 0.0, 0.0, 0, 'Face 35 wood ']
2025-11-26 21:56:11,526 - QTvcp.QTVCP.QT_TSTAT - DEBUG - converted line: [60, 60, 0.0, 0.0, 0.0, 0.0, 0.0, 0.0, 0.0, 0.0, 0.0, 0.0, 0.0, 0.0, 0, '3f 90deg 6mm chamfer ']
2025-11-26 21:56:11,527 - QTvcp.QTVCP.QT_TSTAT - DEBUG - converted line: [61, 4, 0.0, 0.0, 133.29438, 0.0, 0.0, 0.0, 0.0, 0.0, 0.0, 4.0, 0.0, 0.0, 0, 'thred m5-m8 sorotec ']
2025-11-26 21:56:11,528 - QTvcp.QTVCP.QT_TSTAT - DEBUG - converted line: [62, 62, 0.0, 0.0, 130.74038, 0.0, 0.0, 0.0, 0.0, 0.0, 0.0, 0.0, 0.0, 0.0, 0, 'chamfer 60 degree ']
2025-11-26 21:56:11,529 - QTvcp.QTVCP.QT_TSTAT - DEBUG - converted line: [63, 63, 0.0, 0.0, 110.09987, 0.0, 0.0, 0.0, 0.0, 0.0, 0.0, 4.85, 0.0, 0.0, 0, 'thread m6 4.85 china ']
2025-11-26 21:56:11,530 - QTvcp.QTVCP.QT_TSTAT - DEBUG - converted line: [90, 90, 0.0, 0.0, 0.0, 0.0, 0.0, 0.0, 0.0, 0.0, 0.0, 0.0, 0.0, 0.0, 0, 'thread m4-m8 sorotec ']
2025-11-26 21:56:11,531 - QTvcp.QTVCP.QT_TSTAT - DEBUG - converted line: [91, 91, 0.0, 0.0, -118.472, 0.0, 0.0, 0.0, 0.0, 0.0, 0.0, 0.0, 0.0, 0.0, 0, 'thread m2-m4 sorotec ']
2025-11-26 21:56:11,532 - QTvcp.QTVCP.QT_TSTAT - DEBUG - converted line: [99, 99, 0.0, 0.0, 164.94088, 0.0, 0.0, 0.0, 0.0, 0.0, 0.0, 2.0, 0.0, 0.0, 0, 'probe ']
2025-11-26 21:56:11,534 - QTvcp.QTVCP.QT_TSTAT - DEBUG - Save line: T0 P0 X0 Y0 Z0 A0 B0 C0 U0 V0 W0 D0 I0 J0 Q0 ; 
2025-11-26 21:56:11,535 - QTvcp.QTVCP.QT_TSTAT - DEBUG - Save line: T1 P1 X0 Y0 Z136.95988 A0 B0 C0 U0 V0 W0 D6.00000 I0 J0 Q0 ;6mm flat 
2025-11-26 21:56:11,536 - QTvcp.QTVCP.QT_TSTAT - DEBUG - Save line: T2 P2 X0 Y0 Z149.35788 A0 B0 C0 U0 V0 W0 D6.00000 I0 J0 Q0 ; 
2025-11-26 21:56:11,537 - QTvcp.QTVCP.QT_TSTAT - DEBUG - Save line: T3 P3 X0 Y0 Z132.70388 A0 B0 C0 U0 V0 W0 D6.00000 I0 J0 Q0 ; 
2025-11-26 21:56:11,540 - QTvcp.QTVCP.QT_TSTAT - DEBUG - Save line: T4 P4 X0 Y0 Z142.73837 A0 B0 C0 U0 V0 W0 D6.00000 I0 J0 Q0 ;sorotec_3mm ball 
2025-11-26 21:56:11,541 - QTvcp.QTVCP.QT_TSTAT - DEBUG - Save line: T5 P5 X0 Y0 Z129.80638 A0 B0 C0 U0 V0 W0 D6.00000 I0 J0 Q0 ;3f chamfer mill 
2025-11-26 21:56:11,543 - QTvcp.QTVCP.QT_TSTAT - DEBUG - Save line: T6 P6 X0 Y0 Z128.89087 A0 B0 C0 U0 V0 W0 D0 I0 J0 Q0 ;1/8 " 17mm 
2025-11-26 21:56:11,546 - QTvcp.QTVCP.QT_TSTAT - DEBUG - Save line: T7 P7 X0 Y0 Z129.10137 A0 B0 C0 U0 V0 W0 D0 I0 J0 Q0 ;1f 6mm sorotec 25mm 
2025-11-26 21:56:11,547 - QTvcp.QTVCP.QT_TSTAT - DEBUG - Save line: T9 P9 X0 Y0 Z0 A0 B0 C0 U0 V0 W0 D0 I0 J0 Q0 ;2mm flat 
2025-11-26 21:56:11,548 - QTvcp.QTVCP.QT_TSTAT - DEBUG - Save line: T11 P11 X0 Y0 Z0 A0 B0 C0 U0 V0 W0 D5.00000 I0 J0 Q0 ;5mm 4f china 
2025-11-26 21:56:11,549 - QTvcp.QTVCP.QT_TSTAT - DEBUG - Save line: T12 P12 X0 Y0 Z-36.47870 A0 B0 C0 U0 V0 W0 D0 I0 J0 Q0 ;sor_flat_2mm_8mm 
2025-11-26 21:56:11,550 - QTvcp.QTVCP.QT_TSTAT - DEBUG - Save line: T13 P13 X0 Y0 Z-41.84330 A0 B0 C0 U0 V0 W0 D6.00000 I0 J0 Q0 ;flat/ 6mm pro alu 26mm 
2025-11-26 21:56:11,551 - QTvcp.QTVCP.QT_TSTAT - DEBUG - Save line: T14 P14 X0 Y0 Z0 A0 B0 C0 U0 V0 W0 D0 I0 J0 Q0 ;6mm 2f china col 
2025-11-26 21:56:11,552 - QTvcp.QTVCP.QT_TSTAT - DEBUG - Save line: T15 P1 X0 Y0 Z103.73574 A0 B0 C0 U0 V0 W0 D16.00000 I0 J0 Q0 ;face16 
2025-11-26 21:56:11,553 - QTvcp.QTVCP.QT_TSTAT - DEBUG - Save line: T16 P16 X0 Y0 Z123.37369 A0 B0 C0 U0 V0 W0 D0 I0 J0 Q0 ;pro alu 3mm 
2025-11-26 21:56:11,555 - QTvcp.QTVCP.QT_TSTAT - DEBUG - Save line: T17 P3 X0 Y0 Z109.85839 A0 B0 C0 U0 V0 W0 D4.00000 I0 J0 Q0 ;1F 4mm 15mm 
2025-11-26 21:56:11,556 - QTvcp.QTVCP.QT_TSTAT - DEBUG - Save line: T18 P18 X0 Y0 Z124.45137 A0 B0 C0 U0 V0 W0 D0 I0 J0 Q0 ;3mm flat sorotec 
2025-11-26 21:56:11,558 - QTvcp.QTVCP.QT_TSTAT - DEBUG - Save line: T19 P19 X0 Y0 Z-17.65120 A0 B0 C0 U0 V0 W0 D2.00000 I0 J0 Q0 ;flat_por alu 2mm 
2025-11-26 21:56:11,560 - QTvcp.QTVCP.QT_TSTAT - DEBUG - Save line: T21 P21 X0 Y0 Z-90.66397 A0 B0 C0 U0 V0 W0 D0 I0 J0 Q0 ;ball end mill 6mm 
2025-11-26 21:56:11,561 - QTvcp.QTVCP.QT_TSTAT - DEBUG - Save line: T22 P22 X0 Y0 Z0 A0 B0 C0 U0 V0 W0 D0 I0 J0 Q0 ;3f 4mm 
2025-11-26 21:56:11,562 - QTvcp.QTVCP.QT_TSTAT - DEBUG - Save line: T23 P23 X0 Y0 Z0 A0 B0 C0 U0 V0 W0 D0 I0 J0 Q0 ;3f 6mm l25 coated china 
2025-11-26 21:56:11,563 - QTvcp.QTVCP.QT_TSTAT - DEBUG - Save line: T24 P24 X0 Y0 Z-56.78963 A0 B0 C0 U0 V0 W0 D0 I0 J0 Q0 ;2f 6mm flat coated china 
2025-11-26 21:56:11,564 - QTvcp.QTVCP.QT_TSTAT - DEBUG - Save line: T25 P25 X0 Y0 Z146.71938 A0 B0 C0 U0 V0 W0 D0 I0 J0 Q0 ;facemill 18mm 
2025-11-26 21:56:11,565 - QTvcp.QTVCP.QT_TSTAT - DEBUG - Save line: T25 P25 X0 Y0 Z170.56463 A0 B0 C0 U0 V0 W0 D0 I0 J0 Q0 ;2f 10mm 
2025-11-26 21:56:11,567 - QTvcp.QTVCP.QT_TSTAT - DEBUG - Save line: T26 P26 X0 Y0 Z117.47522 A0 B0 C0 U0 V0 W0 D3.17500 I0 J0 Q0 ;foam cutter 1/8' 
2025-11-26 21:56:11,568 - QTvcp.QTVCP.QT_TSTAT - DEBUG - Save line: T30 P30 X0 Y0 Z113.24574 A0 B0 C0 U0 V0 W0 D0 I0 J0 Q0 ;ball 6mm 2f china 
2025-11-26 21:56:11,571 - QTvcp.QTVCP.QT_TSTAT - DEBUG - Save line: T32 P32 X0 Y0 Z-61.60900 A0 B0 C0 U0 V0 W0 D0 I0 J0 Q0 ;ball 6mm china 
2025-11-26 21:56:11,571 - QTvcp.QTVCP.QT_TSTAT - DEBUG - Save line: T33 P33 X0 Y0 Z-73.35510 A0 B0 C0 U0 V0 W0 D0 I0 J0 Q0 ;r3 ball sorotec 
2025-11-26 21:56:11,572 - QTvcp.QTVCP.QT_TSTAT - DEBUG - Save line: T41 P41 X0 Y0 Z-98.95620 A0 B0 C0 U0 V0 W0 D0 I0 J0 Q0 ;drill 5mm sorotec 
2025-11-26 21:56:11,574 - QTvcp.QTVCP.QT_TSTAT - DEBUG - Save line: T42 P42 X0 Y0 Z-114.86100 A0 B0 C0 U0 V0 W0 D0 I0 J0 Q0 ;drill 2.5 
2025-11-26 21:56:11,575 - QTvcp.QTVCP.QT_TSTAT - DEBUG - Save line: T50 P50 X0 Y0 Z156.56460 A0 B0 C0 U0 V0 W0 D50.00000 I0 J0 Q0 ;face 50mm china 
2025-11-26 21:56:11,576 - QTvcp.QTVCP.QT_TSTAT - DEBUG - Save line: T51 P1 X0 Y0 Z128.86488 A0 B0 C0 U0 V0 W0 D16.00000 I0 J0 Q0 ;sorotec 16mm face mill 
2025-11-26 21:56:11,577 - QTvcp.QTVCP.QT_TSTAT - DEBUG - Save line: T52 P52 X0 Y0 Z147.24103 A0 B0 C0 U0 V0 W0 D35.00000 I0 J0 Q0 ;Face 35 wood 
2025-11-26 21:56:11,578 - QTvcp.QTVCP.QT_TSTAT - DEBUG - Save line: T60 P60 X0 Y0 Z0 A0 B0 C0 U0 V0 W0 D0 I0 J0 Q0 ;3f 90deg 6mm chamfer 
2025-11-26 21:56:11,579 - QTvcp.QTVCP.QT_TSTAT - DEBUG - Save line: T61 P4 X0 Y0 Z133.29438 A0 B0 C0 U0 V0 W0 D4.00000 I0 J0 Q0 ;thred m5-m8 sorotec 
2025-11-26 21:56:11,580 - QTvcp.QTVCP.QT_TSTAT - DEBUG - Save line: T62 P62 X0 Y0 Z130.74038 A0 B0 C0 U0 V0 W0 D0 I0 J0 Q0 ;chamfer 60 degree 
2025-11-26 21:56:11,580 - QTvcp.QTVCP.QT_TSTAT - DEBUG - Save line: T63 P63 X0 Y0 Z110.09987 A0 B0 C0 U0 V0 W0 D4.85000 I0 J0 Q0 ;thread m6 4.85 china 
2025-11-26 21:56:11,581 - QTvcp.QTVCP.QT_TSTAT - DEBUG - Save line: T90 P90 X0 Y0 Z0 A0 B0 C0 U0 V0 W0 D0 I0 J0 Q0 ;thread m4-m8 sorotec 
2025-11-26 21:56:11,583 - QTvcp.QTVCP.QT_TSTAT - DEBUG - Save line: T91 P91 X0 Y0 Z-118.47200 A0 B0 C0 U0 V0 W0 D0 I0 J0 Q0 ;thread m2-m4 sorotec 
2025-11-26 21:56:11,584 - QTvcp.QTVCP.QT_TSTAT - DEBUG - Save line: T99 P99 X0 Y0 Z164.94088 A0 B0 C0 U0 V0 W0 D2.00000 I0 J0 Q0 ;probe 
2025-11-26 21:56:11,612 - QTvcp.QTVCP.QT_ACTION - DEBUG - CALL_MDI Command: g43
2025-11-26 21:56:11,798 - QTvcp.QTVCP.WIDGETS.GCODE_GRAPHICS - DEBUG - reload the display: /home/zieluch/linuxcnc/configs/qthd_sorotec_cl0604/macros/rack_change.ngc
2025-11-26 21:56:11,917 - QTvcp.QTVCP.WIDGETS.ORIGIN_OFFSETVIEW - DEBUG - message returned:{'NAME': 'CALCULATOR', 'ID': 'tooloffsetview__', 'PRELOAD': -31.293, 'TITLE': 'Tool 11 Offset of Z,   -31.293', 'ITEM': <PyQt5.QtCore.QModelIndex object at 0x7f08aced3ca0>, 'RETURN': 0.0}
2025-11-26 21:56:11,922 - QTvcp.QTVCP.WIDGETS.ORIGIN_OFFSETVIEW - DEBUG - message returned:{'NAME': 'CALCULATOR', 'ID': 'tooloffsetview__', 'PRELOAD': -31.293, 'TITLE': 'Tool 11 Offset of Z,   -31.293', 'ITEM': <PyQt5.QtCore.QModelIndex object at 0x7f08aced3ca0>, 'RETURN': None}
2025-11-26 21:56:11,923 - QTvcp.QTVCP.WIDGETS.TOOL_OFFSETVIEW - DEBUG - message returned:{'NAME': 'CALCULATOR', 'ID': 'tooloffsetview__', 'PRELOAD': -31.293, 'TITLE': 'Tool 11 Offset of Z,   -31.293', 'ITEM': <PyQt5.QtCore.QModelIndex object at 0x7f08aced3ca0>, 'RETURN': None}
2025-11-26 21:56:11,924 - QTvcp.QTVCP.WIDGETS.ORIGIN_OFFSETVIEW - DEBUG - message returned:{'NAME': 'CALCULATOR', 'ID': 'tooloffsetview__', 'PRELOAD': -31.293, 'TITLE': 'Tool 11 Offset of Z,   -31.293', 'ITEM': <PyQt5.QtCore.QModelIndex object at 0x7f08aced3ca0>, 'RETURN': None}
2025-11-26 21:56:12,993 - QTvcp.QTVCP.WIDGETS.TOOL_OFFSETVIEW - DEBUG - Text:    -36.479, Row: 10, Column: 7
2025-11-26 21:56:12,995 - QTvcp.QTVCP.WIDGETS.TOOL_OFFSETVIEW - DEBUG - message sent:{'NAME': 'CALCULATOR', 'ID': 'tooloffsetview__', 'PRELOAD': -36.479, 'TITLE': 'Tool 12 Offset of Z,   -36.479', 'ITEM': <PyQt5.QtCore.QModelIndex object at 0x7f08acb99bd0>}
2025-11-26 21:56:17,246 - QTvcp.QTVCP.WIDGETS.DIALOGMIXIN - DEBUG - Saving CalculatorDialog-geometry data from widget  to file.
2025-11-26 21:56:17,610 - QTvcp.QTVCP.WIDGETS.DIALOG_WIDGET - DEBUG - Displayed value when accepted: 0.0
2025-11-26 21:56:17,610 - QTvcp.QTVCP.WIDGETS.ORIGIN_OFFSETVIEW - DEBUG - message returned:{'NAME': 'CALCULATOR', 'ID': 'tooloffsetview__', 'PRELOAD': -36.479, 'TITLE': 'Tool 12 Offset of Z,   -36.479', 'ITEM': <PyQt5.QtCore.QModelIndex object at 0x7f08acb99bd0>, 'RETURN': 0.0}
2025-11-26 21:56:17,611 - QTvcp.QTVCP.WIDGETS.TOOL_OFFSETVIEW - DEBUG - message returned:{'NAME': 'CALCULATOR', 'ID': 'tooloffsetview__', 'PRELOAD': -36.479, 'TITLE': 'Tool 12 Offset of Z,   -36.479', 'ITEM': <PyQt5.QtCore.QModelIndex object at 0x7f08acb99bd0>, 'RETURN': 0.0}
2025-11-26 21:56:17,611 - QTvcp.QTVCP.WIDGETS.TOOL_OFFSETVIEW - DEBUG - original value:-36.4787
2025-11-26 21:56:17,612 - QTvcp.QTVCP.WIDGETS.TOOL_OFFSETVIEW - DEBUG - >>> setData() role = None
2025-11-26 21:56:17,612 - QTvcp.QTVCP.WIDGETS.TOOL_OFFSETVIEW - DEBUG - >>> setData() column() = 7
2025-11-26 21:56:17,612 - QTvcp.QTVCP.WIDGETS.TOOL_OFFSETVIEW - DEBUG - >>> setData() value = 0.0 
2025-11-26 21:56:17,613 - QTvcp.QTVCP.QT_TSTAT - DEBUG - converted line: [0, 0, 0.0, 0.0, 0.0, 0.0, 0.0, 0.0, 0.0, 0.0, 0.0, 0.0, 0.0, 0.0, 0, ' ']
2025-11-26 21:56:17,613 - QTvcp.QTVCP.QT_TSTAT - DEBUG - converted line: [1, 1, 0.0, 0.0, 136.95988, 0.0, 0.0, 0.0, 0.0, 0.0, 0.0, 6.0, 0.0, 0.0, 0, '6mm flat ']
2025-11-26 21:56:17,614 - QTvcp.QTVCP.QT_TSTAT - DEBUG - converted line: [2, 2, 0.0, 0.0, 149.35788, 0.0, 0.0, 0.0, 0.0, 0.0, 0.0, 6.0, 0.0, 0.0, 0, ' ']
2025-11-26 21:56:17,614 - QTvcp.QTVCP.QT_TSTAT - DEBUG - converted line: [3, 3, 0.0, 0.0, 132.70388, 0.0, 0.0, 0.0, 0.0, 0.0, 0.0, 6.0, 0.0, 0.0, 0, ' ']
2025-11-26 21:56:17,615 - QTvcp.QTVCP.QT_TSTAT - DEBUG - converted line: [4, 4, 0.0, 0.0, 142.73837, 0.0, 0.0, 0.0, 0.0, 0.0, 0.0, 6.0, 0.0, 0.0, 0, 'sorotec_3mm ball ']
2025-11-26 21:56:17,615 - QTvcp.QTVCP.QT_TSTAT - DEBUG - converted line: [5, 5, 0.0, 0.0, 129.80638, 0.0, 0.0, 0.0, 0.0, 0.0, 0.0, 6.0, 0.0, 0.0, 0, '3f chamfer mill ']
2025-11-26 21:56:17,615 - QTvcp.QTVCP.QT_TSTAT - DEBUG - converted line: [6, 6, 0.0, 0.0, 128.89087, 0.0, 0.0, 0.0, 0.0, 0.0, 0.0, 0.0, 0.0, 0.0, 0, '1/8 " 17mm ']
2025-11-26 21:56:17,616 - QTvcp.QTVCP.QT_TSTAT - DEBUG - converted line: [7, 7, 0.0, 0.0, 129.10137, 0.0, 0.0, 0.0, 0.0, 0.0, 0.0, 0.0, 0.0, 0.0, 0, '1f 6mm sorotec 25mm ']
2025-11-26 21:56:17,617 - QTvcp.QTVCP.QT_TSTAT - DEBUG - converted line: [9, 9, 0.0, 0.0, 0.0, 0.0, 0.0, 0.0, 0.0, 0.0, 0.0, 0.0, 0.0, 0.0, 0, '2mm flat ']
2025-11-26 21:56:17,617 - QTvcp.QTVCP.QT_TSTAT - DEBUG - converted line: [11, 11, 0.0, 0.0, 0.0, 0.0, 0.0, 0.0, 0.0, 0.0, 0.0, 5.0, 0.0, 0.0, 0, '5mm 4f china ']
2025-11-26 21:56:17,618 - QTvcp.QTVCP.QT_TSTAT - DEBUG - converted line: [12, 12, 0.0, 0.0, 0.0, 0.0, 0.0, 0.0, 0.0, 0.0, 0.0, 0.0, 0.0, 0.0, 0, 'sor_flat_2mm_8mm ']
2025-11-26 21:56:17,618 - QTvcp.QTVCP.QT_TSTAT - DEBUG - converted line: [13, 13, 0.0, 0.0, -41.8433, 0.0, 0.0, 0.0, 0.0, 0.0, 0.0, 6.0, 0.0, 0.0, 0, 'flat/ 6mm pro alu 26mm ']
2025-11-26 21:56:17,619 - QTvcp.QTVCP.QT_TSTAT - DEBUG - converted line: [14, 14, 0.0, 0.0, 0.0, 0.0, 0.0, 0.0, 0.0, 0.0, 0.0, 0.0, 0.0, 0.0, 0, '6mm 2f china col ']
2025-11-26 21:56:17,619 - QTvcp.QTVCP.QT_TSTAT - DEBUG - converted line: [15, 1, 0.0, 0.0, 103.73574, 0.0, 0.0, 0.0, 0.0, 0.0, 0.0, 16.0, 0.0, 0.0, 0, 'face16 ']
2025-11-26 21:56:17,620 - QTvcp.QTVCP.QT_TSTAT - DEBUG - converted line: [16, 16, 0.0, 0.0, 123.37369, 0.0, 0.0, 0.0, 0.0, 0.0, 0.0, 0.0, 0.0, 0.0, 0, 'pro alu 3mm ']
2025-11-26 21:56:17,620 - QTvcp.QTVCP.QT_TSTAT - DEBUG - converted line: [17, 3, 0.0, 0.0, 109.85839, 0.0, 0.0, 0.0, 0.0, 0.0, 0.0, 4.0, 0.0, 0.0, 0, '1F 4mm 15mm ']
2025-11-26 21:56:17,621 - QTvcp.QTVCP.QT_TSTAT - DEBUG - converted line: [18, 18, 0.0, 0.0, 124.45137, 0.0, 0.0, 0.0, 0.0, 0.0, 0.0, 0.0, 0.0, 0.0, 0, '3mm flat sorotec ']
2025-11-26 21:56:17,621 - QTvcp.QTVCP.QT_TSTAT - DEBUG - converted line: [19, 19, 0.0, 0.0, -17.6512, 0.0, 0.0, 0.0, 0.0, 0.0, 0.0, 2.0, 0.0, 0.0, 0, 'flat_por alu 2mm ']
2025-11-26 21:56:17,621 - QTvcp.QTVCP.QT_TSTAT - DEBUG - converted line: [21, 21, 0.0, 0.0, -90.66397, 0.0, 0.0, 0.0, 0.0, 0.0, 0.0, 0.0, 0.0, 0.0, 0, 'ball end mill 6mm ']
2025-11-26 21:56:17,622 - QTvcp.QTVCP.QT_TSTAT - DEBUG - converted line: [22, 22, 0.0, 0.0, 0.0, 0.0, 0.0, 0.0, 0.0, 0.0, 0.0, 0.0, 0.0, 0.0, 0, '3f 4mm ']
2025-11-26 21:56:17,622 - QTvcp.QTVCP.QT_TSTAT - DEBUG - converted line: [23, 23, 0.0, 0.0, 0.0, 0.0, 0.0, 0.0, 0.0, 0.0, 0.0, 0.0, 0.0, 0.0, 0, '3f 6mm l25 coated china ']
2025-11-26 21:56:17,623 - QTvcp.QTVCP.QT_TSTAT - DEBUG - converted line: [24, 24, 0.0, 0.0, -56.78963, 0.0, 0.0, 0.0, 0.0, 0.0, 0.0, 0.0, 0.0, 0.0, 0, '2f 6mm flat coated china ']
2025-11-26 21:56:17,623 - QTvcp.QTVCP.QT_TSTAT - DEBUG - converted line: [25, 25, 0.0, 0.0, 146.71938, 0.0, 0.0, 0.0, 0.0, 0.0, 0.0, 0.0, 0.0, 0.0, 0, 'facemill 18mm ']
2025-11-26 21:56:17,623 - QTvcp.QTVCP.QT_TSTAT - DEBUG - converted line: [25, 25, 0.0, 0.0, 170.56463, 0.0, 0.0, 0.0, 0.0, 0.0, 0.0, 0.0, 0.0, 0.0, 0, '2f 10mm ']
2025-11-26 21:56:17,624 - QTvcp.QTVCP.QT_TSTAT - DEBUG - converted line: [26, 26, 0.0, 0.0, 117.47522, 0.0, 0.0, 0.0, 0.0, 0.0, 0.0, 3.175, 0.0, 0.0, 0, "foam cutter 1/8' "]
2025-11-26 21:56:17,624 - QTvcp.QTVCP.QT_TSTAT - DEBUG - converted line: [30, 30, 0.0, 0.0, 113.24574, 0.0, 0.0, 0.0, 0.0, 0.0, 0.0, 0.0, 0.0, 0.0, 0, 'ball 6mm 2f china ']
2025-11-26 21:56:17,625 - QTvcp.QTVCP.QT_TSTAT - DEBUG - converted line: [32, 32, 0.0, 0.0, -61.609, 0.0, 0.0, 0.0, 0.0, 0.0, 0.0, 0.0, 0.0, 0.0, 0, 'ball 6mm china ']
2025-11-26 21:56:17,625 - QTvcp.QTVCP.QT_TSTAT - DEBUG - converted line: [33, 33, 0.0, 0.0, -73.3551, 0.0, 0.0, 0.0, 0.0, 0.0, 0.0, 0.0, 0.0, 0.0, 0, 'r3 ball sorotec ']
2025-11-26 21:56:17,626 - QTvcp.QTVCP.QT_TSTAT - DEBUG - converted line: [41, 41, 0.0, 0.0, -98.9562, 0.0, 0.0, 0.0, 0.0, 0.0, 0.0, 0.0, 0.0, 0.0, 0, 'drill 5mm sorotec ']
2025-11-26 21:56:17,626 - QTvcp.QTVCP.QT_TSTAT - DEBUG - converted line: [42, 42, 0.0, 0.0, -114.861, 0.0, 0.0, 0.0, 0.0, 0.0, 0.0, 0.0, 0.0, 0.0, 0, 'drill 2.5 ']
2025-11-26 21:56:17,627 - QTvcp.QTVCP.QT_TSTAT - DEBUG - converted line: [50, 50, 0.0, 0.0, 156.5646, 0.0, 0.0, 0.0, 0.0, 0.0, 0.0, 50.0, 0.0, 0.0, 0, 'face 50mm china ']
2025-11-26 21:56:17,628 - QTvcp.QTVCP.QT_TSTAT - DEBUG - converted line: [51, 1, 0.0, 0.0, 128.86488, 0.0, 0.0, 0.0, 0.0, 0.0, 0.0, 16.0, 0.0, 0.0, 0, 'sorotec 16mm face mill ']
2025-11-26 21:56:17,628 - QTvcp.QTVCP.QT_TSTAT - DEBUG - converted line: [52, 52, 0.0, 0.0, 147.24103, 0.0, 0.0, 0.0, 0.0, 0.0, 0.0, 35.0, 0.0, 0.0, 0, 'Face 35 wood ']
2025-11-26 21:56:17,629 - QTvcp.QTVCP.QT_TSTAT - DEBUG - converted line: [60, 60, 0.0, 0.0, 0.0, 0.0, 0.0, 0.0, 0.0, 0.0, 0.0, 0.0, 0.0, 0.0, 0, '3f 90deg 6mm chamfer ']
2025-11-26 21:56:17,629 - QTvcp.QTVCP.QT_TSTAT - DEBUG - converted line: [61, 4, 0.0, 0.0, 133.29438, 0.0, 0.0, 0.0, 0.0, 0.0, 0.0, 4.0, 0.0, 0.0, 0, 'thred m5-m8 sorotec ']
2025-11-26 21:56:17,630 - QTvcp.QTVCP.QT_TSTAT - DEBUG - converted line: [62, 62, 0.0, 0.0, 130.74038, 0.0, 0.0, 0.0, 0.0, 0.0, 0.0, 0.0, 0.0, 0.0, 0, 'chamfer 60 degree ']
2025-11-26 21:56:17,630 - QTvcp.QTVCP.QT_TSTAT - DEBUG - converted line: [63, 63, 0.0, 0.0, 110.09987, 0.0, 0.0, 0.0, 0.0, 0.0, 0.0, 4.85, 0.0, 0.0, 0, 'thread m6 4.85 china ']
2025-11-26 21:56:17,631 - QTvcp.QTVCP.QT_TSTAT - DEBUG - converted line: [90, 90, 0.0, 0.0, 0.0, 0.0, 0.0, 0.0, 0.0, 0.0, 0.0, 0.0, 0.0, 0.0, 0, 'thread m4-m8 sorotec ']
2025-11-26 21:56:17,631 - QTvcp.QTVCP.QT_TSTAT - DEBUG - converted line: [91, 91, 0.0, 0.0, -118.472, 0.0, 0.0, 0.0, 0.0, 0.0, 0.0, 0.0, 0.0, 0.0, 0, 'thread m2-m4 sorotec ']
2025-11-26 21:56:17,632 - QTvcp.QTVCP.QT_TSTAT - DEBUG - converted line: [99, 99, 0.0, 0.0, 164.94088, 0.0, 0.0, 0.0, 0.0, 0.0, 0.0, 2.0, 0.0, 0.0, 0, 'probe ']
2025-11-26 21:56:17,633 - QTvcp.QTVCP.QT_TSTAT - DEBUG - Save line: T0 P0 X0 Y0 Z0 A0 B0 C0 U0 V0 W0 D0 I0 J0 Q0 ; 
2025-11-26 21:56:17,633 - QTvcp.QTVCP.QT_TSTAT - DEBUG - Save line: T1 P1 X0 Y0 Z136.95988 A0 B0 C0 U0 V0 W0 D6.00000 I0 J0 Q0 ;6mm flat 
2025-11-26 21:56:17,634 - QTvcp.QTVCP.QT_TSTAT - DEBUG - Save line: T2 P2 X0 Y0 Z149.35788 A0 B0 C0 U0 V0 W0 D6.00000 I0 J0 Q0 ; 
2025-11-26 21:56:17,634 - QTvcp.QTVCP.QT_TSTAT - DEBUG - Save line: T3 P3 X0 Y0 Z132.70388 A0 B0 C0 U0 V0 W0 D6.00000 I0 J0 Q0 ; 
2025-11-26 21:56:17,635 - QTvcp.QTVCP.QT_TSTAT - DEBUG - Save line: T4 P4 X0 Y0 Z142.73837 A0 B0 C0 U0 V0 W0 D6.00000 I0 J0 Q0 ;sorotec_3mm ball 
2025-11-26 21:56:17,636 - QTvcp.QTVCP.QT_TSTAT - DEBUG - Save line: T5 P5 X0 Y0 Z129.80638 A0 B0 C0 U0 V0 W0 D6.00000 I0 J0 Q0 ;3f chamfer mill 
2025-11-26 21:56:17,637 - QTvcp.QTVCP.QT_TSTAT - DEBUG - Save line: T6 P6 X0 Y0 Z128.89087 A0 B0 C0 U0 V0 W0 D0 I0 J0 Q0 ;1/8 " 17mm 
2025-11-26 21:56:17,637 - QTvcp.QTVCP.QT_TSTAT - DEBUG - Save line: T7 P7 X0 Y0 Z129.10137 A0 B0 C0 U0 V0 W0 D0 I0 J0 Q0 ;1f 6mm sorotec 25mm 
2025-11-26 21:56:17,638 - QTvcp.QTVCP.QT_TSTAT - DEBUG - Save line: T9 P9 X0 Y0 Z0 A0 B0 C0 U0 V0 W0 D0 I0 J0 Q0 ;2mm flat 
2025-11-26 21:56:17,639 - QTvcp.QTVCP.QT_TSTAT - DEBUG - Save line: T11 P11 X0 Y0 Z0 A0 B0 C0 U0 V0 W0 D5.00000 I0 J0 Q0 ;5mm 4f china 
2025-11-26 21:56:17,639 - QTvcp.QTVCP.QT_TSTAT - DEBUG - Save line: T12 P12 X0 Y0 Z0 A0 B0 C0 U0 V0 W0 D0 I0 J0 Q0 ;sor_flat_2mm_8mm 
2025-11-26 21:56:17,640 - QTvcp.QTVCP.QT_TSTAT - DEBUG - Save line: T13 P13 X0 Y0 Z-41.84330 A0 B0 C0 U0 V0 W0 D6.00000 I0 J0 Q0 ;flat/ 6mm pro alu 26mm 
2025-11-26 21:56:17,640 - QTvcp.QTVCP.QT_TSTAT - DEBUG - Save line: T14 P14 X0 Y0 Z0 A0 B0 C0 U0 V0 W0 D0 I0 J0 Q0 ;6mm 2f china col 
2025-11-26 21:56:17,642 - QTvcp.QTVCP.QT_TSTAT - DEBUG - Save line: T15 P1 X0 Y0 Z103.73574 A0 B0 C0 U0 V0 W0 D16.00000 I0 J0 Q0 ;face16 
2025-11-26 21:56:17,643 - QTvcp.QTVCP.QT_TSTAT - DEBUG - Save line: T16 P16 X0 Y0 Z123.37369 A0 B0 C0 U0 V0 W0 D0 I0 J0 Q0 ;pro alu 3mm 
2025-11-26 21:56:17,644 - QTvcp.QTVCP.QT_TSTAT - DEBUG - Save line: T17 P3 X0 Y0 Z109.85839 A0 B0 C0 U0 V0 W0 D4.00000 I0 J0 Q0 ;1F 4mm 15mm 
2025-11-26 21:56:17,644 - QTvcp.QTVCP.QT_TSTAT - DEBUG - Save line: T18 P18 X0 Y0 Z124.45137 A0 B0 C0 U0 V0 W0 D0 I0 J0 Q0 ;3mm flat sorotec 
2025-11-26 21:56:17,645 - QTvcp.QTVCP.QT_TSTAT - DEBUG - Save line: T19 P19 X0 Y0 Z-17.65120 A0 B0 C0 U0 V0 W0 D2.00000 I0 J0 Q0 ;flat_por alu 2mm 
2025-11-26 21:56:17,646 - QTvcp.QTVCP.QT_TSTAT - DEBUG - Save line: T21 P21 X0 Y0 Z-90.66397 A0 B0 C0 U0 V0 W0 D0 I0 J0 Q0 ;ball end mill 6mm 
2025-11-26 21:56:17,647 - QTvcp.QTVCP.QT_TSTAT - DEBUG - Save line: T22 P22 X0 Y0 Z0 A0 B0 C0 U0 V0 W0 D0 I0 J0 Q0 ;3f 4mm 
2025-11-26 21:56:17,647 - QTvcp.QTVCP.QT_TSTAT - DEBUG - Save line: T23 P23 X0 Y0 Z0 A0 B0 C0 U0 V0 W0 D0 I0 J0 Q0 ;3f 6mm l25 coated china 
2025-11-26 21:56:17,648 - QTvcp.QTVCP.QT_TSTAT - DEBUG - Save line: T24 P24 X0 Y0 Z-56.78963 A0 B0 C0 U0 V0 W0 D0 I0 J0 Q0 ;2f 6mm flat coated china 
2025-11-26 21:56:17,649 - QTvcp.QTVCP.QT_TSTAT - DEBUG - Save line: T25 P25 X0 Y0 Z146.71938 A0 B0 C0 U0 V0 W0 D0 I0 J0 Q0 ;facemill 18mm 
2025-11-26 21:56:17,650 - QTvcp.QTVCP.QT_TSTAT - DEBUG - Save line: T25 P25 X0 Y0 Z170.56463 A0 B0 C0 U0 V0 W0 D0 I0 J0 Q0 ;2f 10mm 
2025-11-26 21:56:17,651 - QTvcp.QTVCP.QT_TSTAT - DEBUG - Save line: T26 P26 X0 Y0 Z117.47522 A0 B0 C0 U0 V0 W0 D3.17500 I0 J0 Q0 ;foam cutter 1/8' 
2025-11-26 21:56:17,651 - QTvcp.QTVCP.QT_TSTAT - DEBUG - Save line: T30 P30 X0 Y0 Z113.24574 A0 B0 C0 U0 V0 W0 D0 I0 J0 Q0 ;ball 6mm 2f china 
2025-11-26 21:56:17,652 - QTvcp.QTVCP.QT_TSTAT - DEBUG - Save line: T32 P32 X0 Y0 Z-61.60900 A0 B0 C0 U0 V0 W0 D0 I0 J0 Q0 ;ball 6mm china 
2025-11-26 21:56:17,652 - QTvcp.QTVCP.QT_TSTAT - DEBUG - Save line: T33 P33 X0 Y0 Z-73.35510 A0 B0 C0 U0 V0 W0 D0 I0 J0 Q0 ;r3 ball sorotec 
2025-11-26 21:56:17,653 - QTvcp.QTVCP.QT_TSTAT - DEBUG - Save line: T41 P41 X0 Y0 Z-98.95620 A0 B0 C0 U0 V0 W0 D0 I0 J0 Q0 ;drill 5mm sorotec 
2025-11-26 21:56:17,654 - QTvcp.QTVCP.QT_TSTAT - DEBUG - Save line: T42 P42 X0 Y0 Z-114.86100 A0 B0 C0 U0 V0 W0 D0 I0 J0 Q0 ;drill 2.5 
2025-11-26 21:56:17,655 - QTvcp.QTVCP.QT_TSTAT - DEBUG - Save line: T50 P50 X0 Y0 Z156.56460 A0 B0 C0 U0 V0 W0 D50.00000 I0 J0 Q0 ;face 50mm china 
2025-11-26 21:56:17,656 - QTvcp.QTVCP.QT_TSTAT - DEBUG - Save line: T51 P1 X0 Y0 Z128.86488 A0 B0 C0 U0 V0 W0 D16.00000 I0 J0 Q0 ;sorotec 16mm face mill 
2025-11-26 21:56:17,657 - QTvcp.QTVCP.QT_TSTAT - DEBUG - Save line: T52 P52 X0 Y0 Z147.24103 A0 B0 C0 U0 V0 W0 D35.00000 I0 J0 Q0 ;Face 35 wood 
2025-11-26 21:56:17,659 - QTvcp.QTVCP.QT_TSTAT - DEBUG - Save line: T60 P60 X0 Y0 Z0 A0 B0 C0 U0 V0 W0 D0 I0 J0 Q0 ;3f 90deg 6mm chamfer 
2025-11-26 21:56:17,660 - QTvcp.QTVCP.QT_TSTAT - DEBUG - Save line: T61 P4 X0 Y0 Z133.29438 A0 B0 C0 U0 V0 W0 D4.00000 I0 J0 Q0 ;thred m5-m8 sorotec 
2025-11-26 21:56:17,661 - QTvcp.QTVCP.QT_TSTAT - DEBUG - Save line: T62 P62 X0 Y0 Z130.74038 A0 B0 C0 U0 V0 W0 D0 I0 J0 Q0 ;chamfer 60 degree 
2025-11-26 21:56:17,662 - QTvcp.QTVCP.QT_TSTAT - DEBUG - Save line: T63 P63 X0 Y0 Z110.09987 A0 B0 C0 U0 V0 W0 D4.85000 I0 J0 Q0 ;thread m6 4.85 china 
2025-11-26 21:56:17,663 - QTvcp.QTVCP.QT_TSTAT - DEBUG - Save line: T90 P90 X0 Y0 Z0 A0 B0 C0 U0 V0 W0 D0 I0 J0 Q0 ;thread m4-m8 sorotec 
2025-11-26 21:56:17,664 - QTvcp.QTVCP.QT_TSTAT - DEBUG - Save line: T91 P91 X0 Y0 Z-118.47200 A0 B0 C0 U0 V0 W0 D0 I0 J0 Q0 ;thread m2-m4 sorotec 
2025-11-26 21:56:17,665 - QTvcp.QTVCP.QT_TSTAT - DEBUG - Save line: T99 P99 X0 Y0 Z164.94088 A0 B0 C0 U0 V0 W0 D2.00000 I0 J0 Q0 ;probe 
2025-11-26 21:56:17,692 - QTvcp.QTVCP.QT_ACTION - DEBUG - CALL_MDI Command: g43
2025-11-26 21:56:17,816 - QTvcp.QTVCP.WIDGETS.GCODE_GRAPHICS - DEBUG - reload the display: /home/zieluch/linuxcnc/configs/qthd_sorotec_cl0604/macros/rack_change.ngc
2025-11-26 21:56:17,916 - QTvcp.QTVCP.WIDGETS.ORIGIN_OFFSETVIEW - DEBUG - message returned:{'NAME': 'CALCULATOR', 'ID': 'tooloffsetview__', 'PRELOAD': -36.479, 'TITLE': 'Tool 12 Offset of Z,   -36.479', 'ITEM': <PyQt5.QtCore.QModelIndex object at 0x7f08acb99bd0>, 'RETURN': 0.0}
2025-11-26 21:56:17,921 - QTvcp.QTVCP.WIDGETS.ORIGIN_OFFSETVIEW - DEBUG - message returned:{'NAME': 'CALCULATOR', 'ID': 'tooloffsetview__', 'PRELOAD': -36.479, 'TITLE': 'Tool 12 Offset of Z,   -36.479', 'ITEM': <PyQt5.QtCore.QModelIndex object at 0x7f08acb99bd0>, 'RETURN': None}
2025-11-26 21:56:17,937 - QTvcp.QTVCP.WIDGETS.TOOL_OFFSETVIEW - DEBUG - message returned:{'NAME': 'CALCULATOR', 'ID': 'tooloffsetview__', 'PRELOAD': -36.479, 'TITLE': 'Tool 12 Offset of Z,   -36.479', 'ITEM': <PyQt5.QtCore.QModelIndex object at 0x7f08acb99bd0>, 'RETURN': None}
2025-11-26 21:56:17,941 - QTvcp.QTVCP.WIDGETS.ORIGIN_OFFSETVIEW - DEBUG - message returned:{'NAME': 'CALCULATOR', 'ID': 'tooloffsetview__', 'PRELOAD': -36.479, 'TITLE': 'Tool 12 Offset of Z,   -36.479', 'ITEM': <PyQt5.QtCore.QModelIndex object at 0x7f08acb99bd0>, 'RETURN': None}
2025-11-26 21:56:19,155 - QTvcp.QTVCP.WIDGETS.TOOL_OFFSETVIEW - DEBUG - Text:    -41.843, Row: 11, Column: 7
2025-11-26 21:56:19,156 - QTvcp.QTVCP.WIDGETS.TOOL_OFFSETVIEW - DEBUG - message sent:{'NAME': 'CALCULATOR', 'ID': 'tooloffsetview__', 'PRELOAD': -41.843, 'TITLE': 'Tool 13 Offset of Z,   -41.843', 'ITEM': <PyQt5.QtCore.QModelIndex object at 0x7f08aced3ca0>}
2025-11-26 21:56:22,893 - QTvcp.QTVCP.WIDGETS.DIALOGMIXIN - DEBUG - Saving CalculatorDialog-geometry data from widget  to file.
2025-11-26 21:56:23,216 - QTvcp.QTVCP.WIDGETS.DIALOG_WIDGET - DEBUG - Displayed value when accepted: 0.0
2025-11-26 21:56:23,223 - QTvcp.QTVCP.WIDGETS.ORIGIN_OFFSETVIEW - DEBUG - message returned:{'NAME': 'CALCULATOR', 'ID': 'tooloffsetview__', 'PRELOAD': -41.843, 'TITLE': 'Tool 13 Offset of Z,   -41.843', 'ITEM': <PyQt5.QtCore.QModelIndex object at 0x7f08aced3ca0>, 'RETURN': 0.0}
2025-11-26 21:56:23,228 - QTvcp.QTVCP.WIDGETS.TOOL_OFFSETVIEW - DEBUG - message returned:{'NAME': 'CALCULATOR', 'ID': 'tooloffsetview__', 'PRELOAD': -41.843, 'TITLE': 'Tool 13 Offset of Z,   -41.843', 'ITEM': <PyQt5.QtCore.QModelIndex object at 0x7f08aced3ca0>, 'RETURN': 0.0}
2025-11-26 21:56:23,232 - QTvcp.QTVCP.WIDGETS.TOOL_OFFSETVIEW - DEBUG - original value:-41.8433
2025-11-26 21:56:23,232 - QTvcp.QTVCP.WIDGETS.TOOL_OFFSETVIEW - DEBUG - >>> setData() role = None
2025-11-26 21:56:23,232 - QTvcp.QTVCP.WIDGETS.TOOL_OFFSETVIEW - DEBUG - >>> setData() column() = 7
2025-11-26 21:56:23,233 - QTvcp.QTVCP.WIDGETS.TOOL_OFFSETVIEW - DEBUG - >>> setData() value = 0.0 
2025-11-26 21:56:23,233 - QTvcp.QTVCP.QT_TSTAT - DEBUG - converted line: [0, 0, 0.0, 0.0, 0.0, 0.0, 0.0, 0.0, 0.0, 0.0, 0.0, 0.0, 0.0, 0.0, 0, ' ']
2025-11-26 21:56:23,233 - QTvcp.QTVCP.QT_TSTAT - DEBUG - converted line: [1, 1, 0.0, 0.0, 136.95988, 0.0, 0.0, 0.0, 0.0, 0.0, 0.0, 6.0, 0.0, 0.0, 0, '6mm flat ']
2025-11-26 21:56:23,237 - QTvcp.QTVCP.QT_TSTAT - DEBUG - converted line: [2, 2, 0.0, 0.0, 149.35788, 0.0, 0.0, 0.0, 0.0, 0.0, 0.0, 6.0, 0.0, 0.0, 0, ' ']
2025-11-26 21:56:23,242 - QTvcp.QTVCP.QT_TSTAT - DEBUG - converted line: [3, 3, 0.0, 0.0, 132.70388, 0.0, 0.0, 0.0, 0.0, 0.0, 0.0, 6.0, 0.0, 0.0, 0, ' ']
2025-11-26 21:56:23,244 - QTvcp.QTVCP.QT_TSTAT - DEBUG - converted line: [4, 4, 0.0, 0.0, 142.73837, 0.0, 0.0, 0.0, 0.0, 0.0, 0.0, 6.0, 0.0, 0.0, 0, 'sorotec_3mm ball ']
2025-11-26 21:56:23,245 - QTvcp.QTVCP.QT_TSTAT - DEBUG - converted line: [5, 5, 0.0, 0.0, 129.80638, 0.0, 0.0, 0.0, 0.0, 0.0, 0.0, 6.0, 0.0, 0.0, 0, '3f chamfer mill ']
2025-11-26 21:56:23,246 - QTvcp.QTVCP.QT_TSTAT - DEBUG - converted line: [6, 6, 0.0, 0.0, 128.89087, 0.0, 0.0, 0.0, 0.0, 0.0, 0.0, 0.0, 0.0, 0.0, 0, '1/8 " 17mm ']
2025-11-26 21:56:23,250 - QTvcp.QTVCP.QT_TSTAT - DEBUG - converted line: [7, 7, 0.0, 0.0, 129.10137, 0.0, 0.0, 0.0, 0.0, 0.0, 0.0, 0.0, 0.0, 0.0, 0, '1f 6mm sorotec 25mm ']
2025-11-26 21:56:23,255 - QTvcp.QTVCP.QT_TSTAT - DEBUG - converted line: [9, 9, 0.0, 0.0, 0.0, 0.0, 0.0, 0.0, 0.0, 0.0, 0.0, 0.0, 0.0, 0.0, 0, '2mm flat ']
2025-11-26 21:56:23,256 - QTvcp.QTVCP.QT_TSTAT - DEBUG - converted line: [11, 11, 0.0, 0.0, 0.0, 0.0, 0.0, 0.0, 0.0, 0.0, 0.0, 5.0, 0.0, 0.0, 0, '5mm 4f china ']
2025-11-26 21:56:23,257 - QTvcp.QTVCP.QT_TSTAT - DEBUG - converted line: [12, 12, 0.0, 0.0, 0.0, 0.0, 0.0, 0.0, 0.0, 0.0, 0.0, 0.0, 0.0, 0.0, 0, 'sor_flat_2mm_8mm ']
2025-11-26 21:56:23,258 - QTvcp.QTVCP.QT_TSTAT - DEBUG - converted line: [13, 13, 0.0, 0.0, 0.0, 0.0, 0.0, 0.0, 0.0, 0.0, 0.0, 6.0, 0.0, 0.0, 0, 'flat/ 6mm pro alu 26mm ']
2025-11-26 21:56:23,264 - QTvcp.QTVCP.QT_TSTAT - DEBUG - converted line: [14, 14, 0.0, 0.0, 0.0, 0.0, 0.0, 0.0, 0.0, 0.0, 0.0, 0.0, 0.0, 0.0, 0, '6mm 2f china col ']
2025-11-26 21:56:23,265 - QTvcp.QTVCP.QT_TSTAT - DEBUG - converted line: [15, 1, 0.0, 0.0, 103.73574, 0.0, 0.0, 0.0, 0.0, 0.0, 0.0, 16.0, 0.0, 0.0, 0, 'face16 ']
2025-11-26 21:56:23,266 - QTvcp.QTVCP.QT_TSTAT - DEBUG - converted line: [16, 16, 0.0, 0.0, 123.37369, 0.0, 0.0, 0.0, 0.0, 0.0, 0.0, 0.0, 0.0, 0.0, 0, 'pro alu 3mm ']
2025-11-26 21:56:23,267 - QTvcp.QTVCP.QT_TSTAT - DEBUG - converted line: [17, 3, 0.0, 0.0, 109.85839, 0.0, 0.0, 0.0, 0.0, 0.0, 0.0, 4.0, 0.0, 0.0, 0, '1F 4mm 15mm ']
2025-11-26 21:56:23,268 - QTvcp.QTVCP.QT_TSTAT - DEBUG - converted line: [18, 18, 0.0, 0.0, 124.45137, 0.0, 0.0, 0.0, 0.0, 0.0, 0.0, 0.0, 0.0, 0.0, 0, '3mm flat sorotec ']
2025-11-26 21:56:23,269 - QTvcp.QTVCP.QT_TSTAT - DEBUG - converted line: [19, 19, 0.0, 0.0, -17.6512, 0.0, 0.0, 0.0, 0.0, 0.0, 0.0, 2.0, 0.0, 0.0, 0, 'flat_por alu 2mm ']
2025-11-26 21:56:23,271 - QTvcp.QTVCP.QT_TSTAT - DEBUG - converted line: [21, 21, 0.0, 0.0, -90.66397, 0.0, 0.0, 0.0, 0.0, 0.0, 0.0, 0.0, 0.0, 0.0, 0, 'ball end mill 6mm ']
2025-11-26 21:56:23,272 - QTvcp.QTVCP.QT_TSTAT - DEBUG - converted line: [22, 22, 0.0, 0.0, 0.0, 0.0, 0.0, 0.0, 0.0, 0.0, 0.0, 0.0, 0.0, 0.0, 0, '3f 4mm ']
2025-11-26 21:56:23,273 - QTvcp.QTVCP.QT_TSTAT - DEBUG - converted line: [23, 23, 0.0, 0.0, 0.0, 0.0, 0.0, 0.0, 0.0, 0.0, 0.0, 0.0, 0.0, 0.0, 0, '3f 6mm l25 coated china ']
2025-11-26 21:56:23,274 - QTvcp.QTVCP.QT_TSTAT - DEBUG - converted line: [24, 24, 0.0, 0.0, -56.78963, 0.0, 0.0, 0.0, 0.0, 0.0, 0.0, 0.0, 0.0, 0.0, 0, '2f 6mm flat coated china ']
2025-11-26 21:56:23,275 - QTvcp.QTVCP.QT_TSTAT - DEBUG - converted line: [25, 25, 0.0, 0.0, 146.71938, 0.0, 0.0, 0.0, 0.0, 0.0, 0.0, 0.0, 0.0, 0.0, 0, 'facemill 18mm ']
2025-11-26 21:56:23,276 - QTvcp.QTVCP.QT_TSTAT - DEBUG - converted line: [25, 25, 0.0, 0.0, 170.56463, 0.0, 0.0, 0.0, 0.0, 0.0, 0.0, 0.0, 0.0, 0.0, 0, '2f 10mm ']
2025-11-26 21:56:23,277 - QTvcp.QTVCP.QT_TSTAT - DEBUG - converted line: [26, 26, 0.0, 0.0, 117.47522, 0.0, 0.0, 0.0, 0.0, 0.0, 0.0, 3.175, 0.0, 0.0, 0, "foam cutter 1/8' "]
2025-11-26 21:56:23,278 - QTvcp.QTVCP.QT_TSTAT - DEBUG - converted line: [30, 30, 0.0, 0.0, 113.24574, 0.0, 0.0, 0.0, 0.0, 0.0, 0.0, 0.0, 0.0, 0.0, 0, 'ball 6mm 2f china ']
2025-11-26 21:56:23,282 - QTvcp.QTVCP.QT_TSTAT - DEBUG - converted line: [32, 32, 0.0, 0.0, -61.609, 0.0, 0.0, 0.0, 0.0, 0.0, 0.0, 0.0, 0.0, 0.0, 0, 'ball 6mm china ']
2025-11-26 21:56:23,283 - QTvcp.QTVCP.QT_TSTAT - DEBUG - converted line: [33, 33, 0.0, 0.0, -73.3551, 0.0, 0.0, 0.0, 0.0, 0.0, 0.0, 0.0, 0.0, 0.0, 0, 'r3 ball sorotec ']
2025-11-26 21:56:23,284 - QTvcp.QTVCP.QT_TSTAT - DEBUG - converted line: [41, 41, 0.0, 0.0, -98.9562, 0.0, 0.0, 0.0, 0.0, 0.0, 0.0, 0.0, 0.0, 0.0, 0, 'drill 5mm sorotec ']
2025-11-26 21:56:23,286 - QTvcp.QTVCP.QT_TSTAT - DEBUG - converted line: [42, 42, 0.0, 0.0, -114.861, 0.0, 0.0, 0.0, 0.0, 0.0, 0.0, 0.0, 0.0, 0.0, 0, 'drill 2.5 ']
2025-11-26 21:56:23,287 - QTvcp.QTVCP.QT_TSTAT - DEBUG - converted line: [50, 50, 0.0, 0.0, 156.5646, 0.0, 0.0, 0.0, 0.0, 0.0, 0.0, 50.0, 0.0, 0.0, 0, 'face 50mm china ']
2025-11-26 21:56:23,289 - QTvcp.QTVCP.QT_TSTAT - DEBUG - converted line: [51, 1, 0.0, 0.0, 128.86488, 0.0, 0.0, 0.0, 0.0, 0.0, 0.0, 16.0, 0.0, 0.0, 0, 'sorotec 16mm face mill ']
2025-11-26 21:56:23,290 - QTvcp.QTVCP.QT_TSTAT - DEBUG - converted line: [52, 52, 0.0, 0.0, 147.24103, 0.0, 0.0, 0.0, 0.0, 0.0, 0.0, 35.0, 0.0, 0.0, 0, 'Face 35 wood ']
2025-11-26 21:56:23,291 - QTvcp.QTVCP.QT_TSTAT - DEBUG - converted line: [60, 60, 0.0, 0.0, 0.0, 0.0, 0.0, 0.0, 0.0, 0.0, 0.0, 0.0, 0.0, 0.0, 0, '3f 90deg 6mm chamfer ']
2025-11-26 21:56:23,292 - QTvcp.QTVCP.QT_TSTAT - DEBUG - converted line: [61, 4, 0.0, 0.0, 133.29438, 0.0, 0.0, 0.0, 0.0, 0.0, 0.0, 4.0, 0.0, 0.0, 0, 'thred m5-m8 sorotec ']
2025-11-26 21:56:23,293 - QTvcp.QTVCP.QT_TSTAT - DEBUG - converted line: [62, 62, 0.0, 0.0, 130.74038, 0.0, 0.0, 0.0, 0.0, 0.0, 0.0, 0.0, 0.0, 0.0, 0, 'chamfer 60 degree ']
2025-11-26 21:56:23,294 - QTvcp.QTVCP.QT_TSTAT - DEBUG - converted line: [63, 63, 0.0, 0.0, 110.09987, 0.0, 0.0, 0.0, 0.0, 0.0, 0.0, 4.85, 0.0, 0.0, 0, 'thread m6 4.85 china ']
2025-11-26 21:56:23,296 - QTvcp.QTVCP.QT_TSTAT - DEBUG - converted line: [90, 90, 0.0, 0.0, 0.0, 0.0, 0.0, 0.0, 0.0, 0.0, 0.0, 0.0, 0.0, 0.0, 0, 'thread m4-m8 sorotec ']
2025-11-26 21:56:23,297 - QTvcp.QTVCP.QT_TSTAT - DEBUG - converted line: [91, 91, 0.0, 0.0, -118.472, 0.0, 0.0, 0.0, 0.0, 0.0, 0.0, 0.0, 0.0, 0.0, 0, 'thread m2-m4 sorotec ']
2025-11-26 21:56:23,298 - QTvcp.QTVCP.QT_TSTAT - DEBUG - converted line: [99, 99, 0.0, 0.0, 164.94088, 0.0, 0.0, 0.0, 0.0, 0.0, 0.0, 2.0, 0.0, 0.0, 0, 'probe ']
2025-11-26 21:56:23,302 - QTvcp.QTVCP.QT_TSTAT - DEBUG - Save line: T0 P0 X0 Y0 Z0 A0 B0 C0 U0 V0 W0 D0 I0 J0 Q0 ; 
2025-11-26 21:56:23,304 - QTvcp.QTVCP.QT_TSTAT - DEBUG - Save line: T1 P1 X0 Y0 Z136.95988 A0 B0 C0 U0 V0 W0 D6.00000 I0 J0 Q0 ;6mm flat 
2025-11-26 21:56:23,305 - QTvcp.QTVCP.QT_TSTAT - DEBUG - Save line: T2 P2 X0 Y0 Z149.35788 A0 B0 C0 U0 V0 W0 D6.00000 I0 J0 Q0 ; 
2025-11-26 21:56:23,307 - QTvcp.QTVCP.QT_TSTAT - DEBUG - Save line: T3 P3 X0 Y0 Z132.70388 A0 B0 C0 U0 V0 W0 D6.00000 I0 J0 Q0 ; 
2025-11-26 21:56:23,308 - QTvcp.QTVCP.QT_TSTAT - DEBUG - Save line: T4 P4 X0 Y0 Z142.73837 A0 B0 C0 U0 V0 W0 D6.00000 I0 J0 Q0 ;sorotec_3mm ball 
2025-11-26 21:56:23,312 - QTvcp.QTVCP.QT_TSTAT - DEBUG - Save line: T5 P5 X0 Y0 Z129.80638 A0 B0 C0 U0 V0 W0 D6.00000 I0 J0 Q0 ;3f chamfer mill 
2025-11-26 21:56:23,313 - QTvcp.QTVCP.QT_TSTAT - DEBUG - Save line: T6 P6 X0 Y0 Z128.89087 A0 B0 C0 U0 V0 W0 D0 I0 J0 Q0 ;1/8 " 17mm 
2025-11-26 21:56:23,315 - QTvcp.QTVCP.QT_TSTAT - DEBUG - Save line: T7 P7 X0 Y0 Z129.10137 A0 B0 C0 U0 V0 W0 D0 I0 J0 Q0 ;1f 6mm sorotec 25mm 
2025-11-26 21:56:23,316 - QTvcp.QTVCP.QT_TSTAT - DEBUG - Save line: T9 P9 X0 Y0 Z0 A0 B0 C0 U0 V0 W0 D0 I0 J0 Q0 ;2mm flat 
2025-11-26 21:56:23,317 - QTvcp.QTVCP.QT_TSTAT - DEBUG - Save line: T11 P11 X0 Y0 Z0 A0 B0 C0 U0 V0 W0 D5.00000 I0 J0 Q0 ;5mm 4f china 
2025-11-26 21:56:23,318 - QTvcp.QTVCP.QT_TSTAT - DEBUG - Save line: T12 P12 X0 Y0 Z0 A0 B0 C0 U0 V0 W0 D0 I0 J0 Q0 ;sor_flat_2mm_8mm 
2025-11-26 21:56:23,319 - QTvcp.QTVCP.QT_TSTAT - DEBUG - Save line: T13 P13 X0 Y0 Z0 A0 B0 C0 U0 V0 W0 D6.00000 I0 J0 Q0 ;flat/ 6mm pro alu 26mm 
2025-11-26 21:56:23,320 - QTvcp.QTVCP.QT_TSTAT - DEBUG - Save line: T14 P14 X0 Y0 Z0 A0 B0 C0 U0 V0 W0 D0 I0 J0 Q0 ;6mm 2f china col 
2025-11-26 21:56:23,323 - QTvcp.QTVCP.QT_TSTAT - DEBUG - Save line: T15 P1 X0 Y0 Z103.73574 A0 B0 C0 U0 V0 W0 D16.00000 I0 J0 Q0 ;face16 
2025-11-26 21:56:23,324 - QTvcp.QTVCP.QT_TSTAT - DEBUG - Save line: T16 P16 X0 Y0 Z123.37369 A0 B0 C0 U0 V0 W0 D0 I0 J0 Q0 ;pro alu 3mm 
2025-11-26 21:56:23,325 - QTvcp.QTVCP.QT_TSTAT - DEBUG - Save line: T17 P3 X0 Y0 Z109.85839 A0 B0 C0 U0 V0 W0 D4.00000 I0 J0 Q0 ;1F 4mm 15mm 
2025-11-26 21:56:23,326 - QTvcp.QTVCP.QT_TSTAT - DEBUG - Save line: T18 P18 X0 Y0 Z124.45137 A0 B0 C0 U0 V0 W0 D0 I0 J0 Q0 ;3mm flat sorotec 
2025-11-26 21:56:23,327 - QTvcp.QTVCP.QT_TSTAT - DEBUG - Save line: T19 P19 X0 Y0 Z-17.65120 A0 B0 C0 U0 V0 W0 D2.00000 I0 J0 Q0 ;flat_por alu 2mm 
2025-11-26 21:56:23,328 - QTvcp.QTVCP.QT_TSTAT - DEBUG - Save line: T21 P21 X0 Y0 Z-90.66397 A0 B0 C0 U0 V0 W0 D0 I0 J0 Q0 ;ball end mill 6mm 
2025-11-26 21:56:23,329 - QTvcp.QTVCP.QT_TSTAT - DEBUG - Save line: T22 P22 X0 Y0 Z0 A0 B0 C0 U0 V0 W0 D0 I0 J0 Q0 ;3f 4mm 
2025-11-26 21:56:23,332 - QTvcp.QTVCP.QT_TSTAT - DEBUG - Save line: T23 P23 X0 Y0 Z0 A0 B0 C0 U0 V0 W0 D0 I0 J0 Q0 ;3f 6mm l25 coated china 
2025-11-26 21:56:23,333 - QTvcp.QTVCP.QT_TSTAT - DEBUG - Save line: T24 P24 X0 Y0 Z-56.78963 A0 B0 C0 U0 V0 W0 D0 I0 J0 Q0 ;2f 6mm flat coated china 
2025-11-26 21:56:23,334 - QTvcp.QTVCP.QT_TSTAT - DEBUG - Save line: T25 P25 X0 Y0 Z146.71938 A0 B0 C0 U0 V0 W0 D0 I0 J0 Q0 ;facemill 18mm 
2025-11-26 21:56:23,336 - QTvcp.QTVCP.QT_TSTAT - DEBUG - Save line: T25 P25 X0 Y0 Z170.56463 A0 B0 C0 U0 V0 W0 D0 I0 J0 Q0 ;2f 10mm 
2025-11-26 21:56:23,337 - QTvcp.QTVCP.QT_TSTAT - DEBUG - Save line: T26 P26 X0 Y0 Z117.47522 A0 B0 C0 U0 V0 W0 D3.17500 I0 J0 Q0 ;foam cutter 1/8' 
2025-11-26 21:56:23,338 - QTvcp.QTVCP.QT_TSTAT - DEBUG - Save line: T30 P30 X0 Y0 Z113.24574 A0 B0 C0 U0 V0 W0 D0 I0 J0 Q0 ;ball 6mm 2f china 
2025-11-26 21:56:23,339 - QTvcp.QTVCP.QT_TSTAT - DEBUG - Save line: T32 P32 X0 Y0 Z-61.60900 A0 B0 C0 U0 V0 W0 D0 I0 J0 Q0 ;ball 6mm china 
2025-11-26 21:56:23,340 - QTvcp.QTVCP.QT_TSTAT - DEBUG - Save line: T33 P33 X0 Y0 Z-73.35510 A0 B0 C0 U0 V0 W0 D0 I0 J0 Q0 ;r3 ball sorotec 
2025-11-26 21:56:23,342 - QTvcp.QTVCP.QT_TSTAT - DEBUG - Save line: T41 P41 X0 Y0 Z-98.95620 A0 B0 C0 U0 V0 W0 D0 I0 J0 Q0 ;drill 5mm sorotec 
2025-11-26 21:56:23,343 - QTvcp.QTVCP.QT_TSTAT - DEBUG - Save line: T42 P42 X0 Y0 Z-114.86100 A0 B0 C0 U0 V0 W0 D0 I0 J0 Q0 ;drill 2.5 
2025-11-26 21:56:23,344 - QTvcp.QTVCP.QT_TSTAT - DEBUG - Save line: T50 P50 X0 Y0 Z156.56460 A0 B0 C0 U0 V0 W0 D50.00000 I0 J0 Q0 ;face 50mm china 
2025-11-26 21:56:23,345 - QTvcp.QTVCP.QT_TSTAT - DEBUG - Save line: T51 P1 X0 Y0 Z128.86488 A0 B0 C0 U0 V0 W0 D16.00000 I0 J0 Q0 ;sorotec 16mm face mill 
2025-11-26 21:56:23,345 - QTvcp.QTVCP.QT_TSTAT - DEBUG - Save line: T52 P52 X0 Y0 Z147.24103 A0 B0 C0 U0 V0 W0 D35.00000 I0 J0 Q0 ;Face 35 wood 
2025-11-26 21:56:23,346 - QTvcp.QTVCP.QT_TSTAT - DEBUG - Save line: T60 P60 X0 Y0 Z0 A0 B0 C0 U0 V0 W0 D0 I0 J0 Q0 ;3f 90deg 6mm chamfer 
2025-11-26 21:56:23,348 - QTvcp.QTVCP.QT_TSTAT - DEBUG - Save line: T61 P4 X0 Y0 Z133.29438 A0 B0 C0 U0 V0 W0 D4.00000 I0 J0 Q0 ;thred m5-m8 sorotec 
2025-11-26 21:56:23,349 - QTvcp.QTVCP.QT_TSTAT - DEBUG - Save line: T62 P62 X0 Y0 Z130.74038 A0 B0 C0 U0 V0 W0 D0 I0 J0 Q0 ;chamfer 60 degree 
2025-11-26 21:56:23,350 - QTvcp.QTVCP.QT_TSTAT - DEBUG - Save line: T63 P63 X0 Y0 Z110.09987 A0 B0 C0 U0 V0 W0 D4.85000 I0 J0 Q0 ;thread m6 4.85 china 
2025-11-26 21:56:23,351 - QTvcp.QTVCP.QT_TSTAT - DEBUG - Save line: T90 P90 X0 Y0 Z0 A0 B0 C0 U0 V0 W0 D0 I0 J0 Q0 ;thread m4-m8 sorotec 
2025-11-26 21:56:23,353 - QTvcp.QTVCP.QT_TSTAT - DEBUG - Save line: T91 P91 X0 Y0 Z-118.47200 A0 B0 C0 U0 V0 W0 D0 I0 J0 Q0 ;thread m2-m4 sorotec 
2025-11-26 21:56:23,354 - QTvcp.QTVCP.QT_TSTAT - DEBUG - Save line: T99 P99 X0 Y0 Z164.94088 A0 B0 C0 U0 V0 W0 D2.00000 I0 J0 Q0 ;probe 
2025-11-26 21:56:23,387 - QTvcp.QTVCP.QT_ACTION - DEBUG - CALL_MDI Command: g43
2025-11-26 21:56:23,516 - QTvcp.QTVCP.WIDGETS.GCODE_GRAPHICS - DEBUG - reload the display: /home/zieluch/linuxcnc/configs/qthd_sorotec_cl0604/macros/rack_change.ngc
2025-11-26 21:56:23,565 - QTvcp.QTVCP.WIDGETS.ORIGIN_OFFSETVIEW - DEBUG - message returned:{'NAME': 'CALCULATOR', 'ID': 'tooloffsetview__', 'PRELOAD': -41.843, 'TITLE': 'Tool 13 Offset of Z,   -41.843', 'ITEM': <PyQt5.QtCore.QModelIndex object at 0x7f08aced3ca0>, 'RETURN': 0.0}
2025-11-26 21:56:23,566 - QTvcp.QTVCP.WIDGETS.ORIGIN_OFFSETVIEW - DEBUG - message returned:{'NAME': 'CALCULATOR', 'ID': 'tooloffsetview__', 'PRELOAD': -41.843, 'TITLE': 'Tool 13 Offset of Z,   -41.843', 'ITEM': <PyQt5.QtCore.QModelIndex object at 0x7f08aced3ca0>, 'RETURN': None}
2025-11-26 21:56:23,567 - QTvcp.QTVCP.WIDGETS.TOOL_OFFSETVIEW - DEBUG - message returned:{'NAME': 'CALCULATOR', 'ID': 'tooloffsetview__', 'PRELOAD': -41.843, 'TITLE': 'Tool 13 Offset of Z,   -41.843', 'ITEM': <PyQt5.QtCore.QModelIndex object at 0x7f08aced3ca0>, 'RETURN': None}
2025-11-26 21:56:23,568 - QTvcp.QTVCP.WIDGETS.ORIGIN_OFFSETVIEW - DEBUG - message returned:{'NAME': 'CALCULATOR', 'ID': 'tooloffsetview__', 'PRELOAD': -41.843, 'TITLE': 'Tool 13 Offset of Z,   -41.843', 'ITEM': <PyQt5.QtCore.QModelIndex object at 0x7f08aced3ca0>, 'RETURN': None}
2025-11-26 21:56:24,575 - QTvcp.QTVCP.WIDGETS.TOOL_OFFSETVIEW - DEBUG - Text:    -17.651, Row: 17, Column: 7
2025-11-26 21:56:24,576 - QTvcp.QTVCP.WIDGETS.TOOL_OFFSETVIEW - DEBUG - message sent:{'NAME': 'CALCULATOR', 'ID': 'tooloffsetview__', 'PRELOAD': -17.651, 'TITLE': 'Tool 19 Offset of Z,   -17.651', 'ITEM': <PyQt5.QtCore.QModelIndex object at 0x7f08acb99bd0>}
2025-11-26 21:56:30,736 - QTvcp.QTVCP.WIDGETS.DIALOGMIXIN - DEBUG - Saving CalculatorDialog-geometry data from widget  to file.
2025-11-26 21:56:30,991 - QTvcp.QTVCP.WIDGETS.DIALOG_WIDGET - DEBUG - Displayed value when accepted: 0.0
2025-11-26 21:56:30,992 - QTvcp.QTVCP.WIDGETS.ORIGIN_OFFSETVIEW - DEBUG - message returned:{'NAME': 'CALCULATOR', 'ID': 'tooloffsetview__', 'PRELOAD': -17.651, 'TITLE': 'Tool 19 Offset of Z,   -17.651', 'ITEM': <PyQt5.QtCore.QModelIndex object at 0x7f08acb99bd0>, 'RETURN': 0.0}
2025-11-26 21:56:30,992 - QTvcp.QTVCP.WIDGETS.TOOL_OFFSETVIEW - DEBUG - message returned:{'NAME': 'CALCULATOR', 'ID': 'tooloffsetview__', 'PRELOAD': -17.651, 'TITLE': 'Tool 19 Offset of Z,   -17.651', 'ITEM': <PyQt5.QtCore.QModelIndex object at 0x7f08acb99bd0>, 'RETURN': 0.0}
2025-11-26 21:56:30,993 - QTvcp.QTVCP.WIDGETS.TOOL_OFFSETVIEW - DEBUG - original value:-17.6512
2025-11-26 21:56:30,993 - QTvcp.QTVCP.WIDGETS.TOOL_OFFSETVIEW - DEBUG - >>> setData() role = None
2025-11-26 21:56:30,994 - QTvcp.QTVCP.WIDGETS.TOOL_OFFSETVIEW - DEBUG - >>> setData() column() = 7
2025-11-26 21:56:30,994 - QTvcp.QTVCP.WIDGETS.TOOL_OFFSETVIEW - DEBUG - >>> setData() value = 0.0 
2025-11-26 21:56:30,995 - QTvcp.QTVCP.QT_TSTAT - DEBUG - converted line: [0, 0, 0.0, 0.0, 0.0, 0.0, 0.0, 0.0, 0.0, 0.0, 0.0, 0.0, 0.0, 0.0, 0, ' ']
2025-11-26 21:56:30,995 - QTvcp.QTVCP.QT_TSTAT - DEBUG - converted line: [1, 1, 0.0, 0.0, 136.95988, 0.0, 0.0, 0.0, 0.0, 0.0, 0.0, 6.0, 0.0, 0.0, 0, '6mm flat ']
2025-11-26 21:56:30,996 - QTvcp.QTVCP.QT_TSTAT - DEBUG - converted line: [2, 2, 0.0, 0.0, 149.35788, 0.0, 0.0, 0.0, 0.0, 0.0, 0.0, 6.0, 0.0, 0.0, 0, ' ']
2025-11-26 21:56:30,997 - QTvcp.QTVCP.QT_TSTAT - DEBUG - converted line: [3, 3, 0.0, 0.0, 132.70388, 0.0, 0.0, 0.0, 0.0, 0.0, 0.0, 6.0, 0.0, 0.0, 0, ' ']
2025-11-26 21:56:30,997 - QTvcp.QTVCP.QT_TSTAT - DEBUG - converted line: [4, 4, 0.0, 0.0, 142.73837, 0.0, 0.0, 0.0, 0.0, 0.0, 0.0, 6.0, 0.0, 0.0, 0, 'sorotec_3mm ball ']
2025-11-26 21:56:30,998 - QTvcp.QTVCP.QT_TSTAT - DEBUG - converted line: [5, 5, 0.0, 0.0, 129.80638, 0.0, 0.0, 0.0, 0.0, 0.0, 0.0, 6.0, 0.0, 0.0, 0, '3f chamfer mill ']
2025-11-26 21:56:30,999 - QTvcp.QTVCP.QT_TSTAT - DEBUG - converted line: [6, 6, 0.0, 0.0, 128.89087, 0.0, 0.0, 0.0, 0.0, 0.0, 0.0, 0.0, 0.0, 0.0, 0, '1/8 " 17mm ']
2025-11-26 21:56:30,999 - QTvcp.QTVCP.QT_TSTAT - DEBUG - converted line: [7, 7, 0.0, 0.0, 129.10137, 0.0, 0.0, 0.0, 0.0, 0.0, 0.0, 0.0, 0.0, 0.0, 0, '1f 6mm sorotec 25mm ']
2025-11-26 21:56:31,000 - QTvcp.QTVCP.QT_TSTAT - DEBUG - converted line: [9, 9, 0.0, 0.0, 0.0, 0.0, 0.0, 0.0, 0.0, 0.0, 0.0, 0.0, 0.0, 0.0, 0, '2mm flat ']
2025-11-26 21:56:31,000 - QTvcp.QTVCP.QT_TSTAT - DEBUG - converted line: [11, 11, 0.0, 0.0, 0.0, 0.0, 0.0, 0.0, 0.0, 0.0, 0.0, 5.0, 0.0, 0.0, 0, '5mm 4f china ']
2025-11-26 21:56:31,001 - QTvcp.QTVCP.QT_TSTAT - DEBUG - converted line: [12, 12, 0.0, 0.0, 0.0, 0.0, 0.0, 0.0, 0.0, 0.0, 0.0, 0.0, 0.0, 0.0, 0, 'sor_flat_2mm_8mm ']
2025-11-26 21:56:31,001 - QTvcp.QTVCP.QT_TSTAT - DEBUG - converted line: [13, 13, 0.0, 0.0, 0.0, 0.0, 0.0, 0.0, 0.0, 0.0, 0.0, 6.0, 0.0, 0.0, 0, 'flat/ 6mm pro alu 26mm ']
2025-11-26 21:56:31,002 - QTvcp.QTVCP.QT_TSTAT - DEBUG - converted line: [14, 14, 0.0, 0.0, 0.0, 0.0, 0.0, 0.0, 0.0, 0.0, 0.0, 0.0, 0.0, 0.0, 0, '6mm 2f china col ']
2025-11-26 21:56:31,002 - QTvcp.QTVCP.QT_TSTAT - DEBUG - converted line: [15, 1, 0.0, 0.0, 103.73574, 0.0, 0.0, 0.0, 0.0, 0.0, 0.0, 16.0, 0.0, 0.0, 0, 'face16 ']
2025-11-26 21:56:31,003 - QTvcp.QTVCP.QT_TSTAT - DEBUG - converted line: [16, 16, 0.0, 0.0, 123.37369, 0.0, 0.0, 0.0, 0.0, 0.0, 0.0, 0.0, 0.0, 0.0, 0, 'pro alu 3mm ']
2025-11-26 21:56:31,004 - QTvcp.QTVCP.QT_TSTAT - DEBUG - converted line: [17, 3, 0.0, 0.0, 109.85839, 0.0, 0.0, 0.0, 0.0, 0.0, 0.0, 4.0, 0.0, 0.0, 0, '1F 4mm 15mm ']
2025-11-26 21:56:31,004 - QTvcp.QTVCP.QT_TSTAT - DEBUG - converted line: [18, 18, 0.0, 0.0, 124.45137, 0.0, 0.0, 0.0, 0.0, 0.0, 0.0, 0.0, 0.0, 0.0, 0, '3mm flat sorotec ']
2025-11-26 21:56:31,005 - QTvcp.QTVCP.QT_TSTAT - DEBUG - converted line: [19, 19, 0.0, 0.0, 0.0, 0.0, 0.0, 0.0, 0.0, 0.0, 0.0, 2.0, 0.0, 0.0, 0, 'flat_por alu 2mm ']
2025-11-26 21:56:31,005 - QTvcp.QTVCP.QT_TSTAT - DEBUG - converted line: [21, 21, 0.0, 0.0, -90.66397, 0.0, 0.0, 0.0, 0.0, 0.0, 0.0, 0.0, 0.0, 0.0, 0, 'ball end mill 6mm ']
2025-11-26 21:56:31,006 - QTvcp.QTVCP.QT_TSTAT - DEBUG - converted line: [22, 22, 0.0, 0.0, 0.0, 0.0, 0.0, 0.0, 0.0, 0.0, 0.0, 0.0, 0.0, 0.0, 0, '3f 4mm ']
2025-11-26 21:56:31,007 - QTvcp.QTVCP.QT_TSTAT - DEBUG - converted line: [23, 23, 0.0, 0.0, 0.0, 0.0, 0.0, 0.0, 0.0, 0.0, 0.0, 0.0, 0.0, 0.0, 0, '3f 6mm l25 coated china ']
2025-11-26 21:56:31,007 - QTvcp.QTVCP.QT_TSTAT - DEBUG - converted line: [24, 24, 0.0, 0.0, -56.78963, 0.0, 0.0, 0.0, 0.0, 0.0, 0.0, 0.0, 0.0, 0.0, 0, '2f 6mm flat coated china ']
2025-11-26 21:56:31,008 - QTvcp.QTVCP.QT_TSTAT - DEBUG - converted line: [25, 25, 0.0, 0.0, 146.71938, 0.0, 0.0, 0.0, 0.0, 0.0, 0.0, 0.0, 0.0, 0.0, 0, 'facemill 18mm ']
2025-11-26 21:56:31,008 - QTvcp.QTVCP.QT_TSTAT - DEBUG - converted line: [25, 25, 0.0, 0.0, 170.56463, 0.0, 0.0, 0.0, 0.0, 0.0, 0.0, 0.0, 0.0, 0.0, 0, '2f 10mm ']
2025-11-26 21:56:31,009 - QTvcp.QTVCP.QT_TSTAT - DEBUG - converted line: [26, 26, 0.0, 0.0, 117.47522, 0.0, 0.0, 0.0, 0.0, 0.0, 0.0, 3.175, 0.0, 0.0, 0, "foam cutter 1/8' "]
2025-11-26 21:56:31,009 - QTvcp.QTVCP.QT_TSTAT - DEBUG - converted line: [30, 30, 0.0, 0.0, 113.24574, 0.0, 0.0, 0.0, 0.0, 0.0, 0.0, 0.0, 0.0, 0.0, 0, 'ball 6mm 2f china ']
2025-11-26 21:56:31,010 - QTvcp.QTVCP.QT_TSTAT - DEBUG - converted line: [32, 32, 0.0, 0.0, -61.609, 0.0, 0.0, 0.0, 0.0, 0.0, 0.0, 0.0, 0.0, 0.0, 0, 'ball 6mm china ']
2025-11-26 21:56:31,011 - QTvcp.QTVCP.QT_TSTAT - DEBUG - converted line: [33, 33, 0.0, 0.0, -73.3551, 0.0, 0.0, 0.0, 0.0, 0.0, 0.0, 0.0, 0.0, 0.0, 0, 'r3 ball sorotec ']
2025-11-26 21:56:31,011 - QTvcp.QTVCP.QT_TSTAT - DEBUG - converted line: [41, 41, 0.0, 0.0, -98.9562, 0.0, 0.0, 0.0, 0.0, 0.0, 0.0, 0.0, 0.0, 0.0, 0, 'drill 5mm sorotec ']
2025-11-26 21:56:31,012 - QTvcp.QTVCP.QT_TSTAT - DEBUG - converted line: [42, 42, 0.0, 0.0, -114.861, 0.0, 0.0, 0.0, 0.0, 0.0, 0.0, 0.0, 0.0, 0.0, 0, 'drill 2.5 ']
2025-11-26 21:56:31,012 - QTvcp.QTVCP.QT_TSTAT - DEBUG - converted line: [50, 50, 0.0, 0.0, 156.5646, 0.0, 0.0, 0.0, 0.0, 0.0, 0.0, 50.0, 0.0, 0.0, 0, 'face 50mm china ']
2025-11-26 21:56:31,013 - QTvcp.QTVCP.QT_TSTAT - DEBUG - converted line: [51, 1, 0.0, 0.0, 128.86488, 0.0, 0.0, 0.0, 0.0, 0.0, 0.0, 16.0, 0.0, 0.0, 0, 'sorotec 16mm face mill ']
2025-11-26 21:56:31,013 - QTvcp.QTVCP.QT_TSTAT - DEBUG - converted line: [52, 52, 0.0, 0.0, 147.24103, 0.0, 0.0, 0.0, 0.0, 0.0, 0.0, 35.0, 0.0, 0.0, 0, 'Face 35 wood ']
2025-11-26 21:56:31,014 - QTvcp.QTVCP.QT_TSTAT - DEBUG - converted line: [60, 60, 0.0, 0.0, 0.0, 0.0, 0.0, 0.0, 0.0, 0.0, 0.0, 0.0, 0.0, 0.0, 0, '3f 90deg 6mm chamfer ']
2025-11-26 21:56:31,015 - QTvcp.QTVCP.QT_TSTAT - DEBUG - converted line: [61, 4, 0.0, 0.0, 133.29438, 0.0, 0.0, 0.0, 0.0, 0.0, 0.0, 4.0, 0.0, 0.0, 0, 'thred m5-m8 sorotec ']
2025-11-26 21:56:31,015 - QTvcp.QTVCP.QT_TSTAT - DEBUG - converted line: [62, 62, 0.0, 0.0, 130.74038, 0.0, 0.0, 0.0, 0.0, 0.0, 0.0, 0.0, 0.0, 0.0, 0, 'chamfer 60 degree ']
2025-11-26 21:56:31,016 - QTvcp.QTVCP.QT_TSTAT - DEBUG - converted line: [63, 63, 0.0, 0.0, 110.09987, 0.0, 0.0, 0.0, 0.0, 0.0, 0.0, 4.85, 0.0, 0.0, 0, 'thread m6 4.85 china ']
2025-11-26 21:56:31,016 - QTvcp.QTVCP.QT_TSTAT - DEBUG - converted line: [90, 90, 0.0, 0.0, 0.0, 0.0, 0.0, 0.0, 0.0, 0.0, 0.0, 0.0, 0.0, 0.0, 0, 'thread m4-m8 sorotec ']
2025-11-26 21:56:31,017 - QTvcp.QTVCP.QT_TSTAT - DEBUG - converted line: [91, 91, 0.0, 0.0, -118.472, 0.0, 0.0, 0.0, 0.0, 0.0, 0.0, 0.0, 0.0, 0.0, 0, 'thread m2-m4 sorotec ']
2025-11-26 21:56:31,018 - QTvcp.QTVCP.QT_TSTAT - DEBUG - converted line: [99, 99, 0.0, 0.0, 164.94088, 0.0, 0.0, 0.0, 0.0, 0.0, 0.0, 2.0, 0.0, 0.0, 0, 'probe ']
2025-11-26 21:56:31,019 - QTvcp.QTVCP.QT_TSTAT - DEBUG - Save line: T0 P0 X0 Y0 Z0 A0 B0 C0 U0 V0 W0 D0 I0 J0 Q0 ; 
2025-11-26 21:56:31,019 - QTvcp.QTVCP.QT_TSTAT - DEBUG - Save line: T1 P1 X0 Y0 Z136.95988 A0 B0 C0 U0 V0 W0 D6.00000 I0 J0 Q0 ;6mm flat 
2025-11-26 21:56:31,020 - QTvcp.QTVCP.QT_TSTAT - DEBUG - Save line: T2 P2 X0 Y0 Z149.35788 A0 B0 C0 U0 V0 W0 D6.00000 I0 J0 Q0 ; 
2025-11-26 21:56:31,021 - QTvcp.QTVCP.QT_TSTAT - DEBUG - Save line: T3 P3 X0 Y0 Z132.70388 A0 B0 C0 U0 V0 W0 D6.00000 I0 J0 Q0 ; 
2025-11-26 21:56:31,021 - QTvcp.QTVCP.QT_TSTAT - DEBUG - Save line: T4 P4 X0 Y0 Z142.73837 A0 B0 C0 U0 V0 W0 D6.00000 I0 J0 Q0 ;sorotec_3mm ball 
2025-11-26 21:56:31,022 - QTvcp.QTVCP.QT_TSTAT - DEBUG - Save line: T5 P5 X0 Y0 Z129.80638 A0 B0 C0 U0 V0 W0 D6.00000 I0 J0 Q0 ;3f chamfer mill 
2025-11-26 21:56:31,023 - QTvcp.QTVCP.QT_TSTAT - DEBUG - Save line: T6 P6 X0 Y0 Z128.89087 A0 B0 C0 U0 V0 W0 D0 I0 J0 Q0 ;1/8 " 17mm 
2025-11-26 21:56:31,023 - QTvcp.QTVCP.QT_TSTAT - DEBUG - Save line: T7 P7 X0 Y0 Z129.10137 A0 B0 C0 U0 V0 W0 D0 I0 J0 Q0 ;1f 6mm sorotec 25mm 
2025-11-26 21:56:31,024 - QTvcp.QTVCP.QT_TSTAT - DEBUG - Save line: T9 P9 X0 Y0 Z0 A0 B0 C0 U0 V0 W0 D0 I0 J0 Q0 ;2mm flat 
2025-11-26 21:56:31,025 - QTvcp.QTVCP.QT_TSTAT - DEBUG - Save line: T11 P11 X0 Y0 Z0 A0 B0 C0 U0 V0 W0 D5.00000 I0 J0 Q0 ;5mm 4f china 
2025-11-26 21:56:31,025 - QTvcp.QTVCP.QT_TSTAT - DEBUG - Save line: T12 P12 X0 Y0 Z0 A0 B0 C0 U0 V0 W0 D0 I0 J0 Q0 ;sor_flat_2mm_8mm 
2025-11-26 21:56:31,026 - QTvcp.QTVCP.QT_TSTAT - DEBUG - Save line: T13 P13 X0 Y0 Z0 A0 B0 C0 U0 V0 W0 D6.00000 I0 J0 Q0 ;flat/ 6mm pro alu 26mm 
2025-11-26 21:56:31,026 - QTvcp.QTVCP.QT_TSTAT - DEBUG - Save line: T14 P14 X0 Y0 Z0 A0 B0 C0 U0 V0 W0 D0 I0 J0 Q0 ;6mm 2f china col 
2025-11-26 21:56:31,027 - QTvcp.QTVCP.QT_TSTAT - DEBUG - Save line: T15 P1 X0 Y0 Z103.73574 A0 B0 C0 U0 V0 W0 D16.00000 I0 J0 Q0 ;face16 
2025-11-26 21:56:31,028 - QTvcp.QTVCP.QT_TSTAT - DEBUG - Save line: T16 P16 X0 Y0 Z123.37369 A0 B0 C0 U0 V0 W0 D0 I0 J0 Q0 ;pro alu 3mm 
2025-11-26 21:56:31,028 - QTvcp.QTVCP.QT_TSTAT - DEBUG - Save line: T17 P3 X0 Y0 Z109.85839 A0 B0 C0 U0 V0 W0 D4.00000 I0 J0 Q0 ;1F 4mm 15mm 
2025-11-26 21:56:31,029 - QTvcp.QTVCP.QT_TSTAT - DEBUG - Save line: T18 P18 X0 Y0 Z124.45137 A0 B0 C0 U0 V0 W0 D0 I0 J0 Q0 ;3mm flat sorotec 
2025-11-26 21:56:31,030 - QTvcp.QTVCP.QT_TSTAT - DEBUG - Save line: T19 P19 X0 Y0 Z0 A0 B0 C0 U0 V0 W0 D2.00000 I0 J0 Q0 ;flat_por alu 2mm 
2025-11-26 21:56:31,030 - QTvcp.QTVCP.QT_TSTAT - DEBUG - Save line: T21 P21 X0 Y0 Z-90.66397 A0 B0 C0 U0 V0 W0 D0 I0 J0 Q0 ;ball end mill 6mm 
2025-11-26 21:56:31,031 - QTvcp.QTVCP.QT_TSTAT - DEBUG - Save line: T22 P22 X0 Y0 Z0 A0 B0 C0 U0 V0 W0 D0 I0 J0 Q0 ;3f 4mm 
2025-11-26 21:56:31,031 - QTvcp.QTVCP.QT_TSTAT - DEBUG - Save line: T23 P23 X0 Y0 Z0 A0 B0 C0 U0 V0 W0 D0 I0 J0 Q0 ;3f 6mm l25 coated china 
2025-11-26 21:56:31,032 - QTvcp.QTVCP.QT_TSTAT - DEBUG - Save line: T24 P24 X0 Y0 Z-56.78963 A0 B0 C0 U0 V0 W0 D0 I0 J0 Q0 ;2f 6mm flat coated china 
2025-11-26 21:56:31,033 - QTvcp.QTVCP.QT_TSTAT - DEBUG - Save line: T25 P25 X0 Y0 Z146.71938 A0 B0 C0 U0 V0 W0 D0 I0 J0 Q0 ;facemill 18mm 
2025-11-26 21:56:31,033 - QTvcp.QTVCP.QT_TSTAT - DEBUG - Save line: T25 P25 X0 Y0 Z170.56463 A0 B0 C0 U0 V0 W0 D0 I0 J0 Q0 ;2f 10mm 
2025-11-26 21:56:31,034 - QTvcp.QTVCP.QT_TSTAT - DEBUG - Save line: T26 P26 X0 Y0 Z117.47522 A0 B0 C0 U0 V0 W0 D3.17500 I0 J0 Q0 ;foam cutter 1/8' 
2025-11-26 21:56:31,035 - QTvcp.QTVCP.QT_TSTAT - DEBUG - Save line: T30 P30 X0 Y0 Z113.24574 A0 B0 C0 U0 V0 W0 D0 I0 J0 Q0 ;ball 6mm 2f china 
2025-11-26 21:56:31,035 - QTvcp.QTVCP.QT_TSTAT - DEBUG - Save line: T32 P32 X0 Y0 Z-61.60900 A0 B0 C0 U0 V0 W0 D0 I0 J0 Q0 ;ball 6mm china 
2025-11-26 21:56:31,036 - QTvcp.QTVCP.QT_TSTAT - DEBUG - Save line: T33 P33 X0 Y0 Z-73.35510 A0 B0 C0 U0 V0 W0 D0 I0 J0 Q0 ;r3 ball sorotec 
2025-11-26 21:56:31,037 - QTvcp.QTVCP.QT_TSTAT - DEBUG - Save line: T41 P41 X0 Y0 Z-98.95620 A0 B0 C0 U0 V0 W0 D0 I0 J0 Q0 ;drill 5mm sorotec 
2025-11-26 21:56:31,037 - QTvcp.QTVCP.QT_TSTAT - DEBUG - Save line: T42 P42 X0 Y0 Z-114.86100 A0 B0 C0 U0 V0 W0 D0 I0 J0 Q0 ;drill 2.5 
2025-11-26 21:56:31,038 - QTvcp.QTVCP.QT_TSTAT - DEBUG - Save line: T50 P50 X0 Y0 Z156.56460 A0 B0 C0 U0 V0 W0 D50.00000 I0 J0 Q0 ;face 50mm china 
2025-11-26 21:56:31,038 - QTvcp.QTVCP.QT_TSTAT - DEBUG - Save line: T51 P1 X0 Y0 Z128.86488 A0 B0 C0 U0 V0 W0 D16.00000 I0 J0 Q0 ;sorotec 16mm face mill 
2025-11-26 21:56:31,039 - QTvcp.QTVCP.QT_TSTAT - DEBUG - Save line: T52 P52 X0 Y0 Z147.24103 A0 B0 C0 U0 V0 W0 D35.00000 I0 J0 Q0 ;Face 35 wood 
2025-11-26 21:56:31,040 - QTvcp.QTVCP.QT_TSTAT - DEBUG - Save line: T60 P60 X0 Y0 Z0 A0 B0 C0 U0 V0 W0 D0 I0 J0 Q0 ;3f 90deg 6mm chamfer 
2025-11-26 21:56:31,040 - QTvcp.QTVCP.QT_TSTAT - DEBUG - Save line: T61 P4 X0 Y0 Z133.29438 A0 B0 C0 U0 V0 W0 D4.00000 I0 J0 Q0 ;thred m5-m8 sorotec 
2025-11-26 21:56:31,041 - QTvcp.QTVCP.QT_TSTAT - DEBUG - Save line: T62 P62 X0 Y0 Z130.74038 A0 B0 C0 U0 V0 W0 D0 I0 J0 Q0 ;chamfer 60 degree 
2025-11-26 21:56:31,042 - QTvcp.QTVCP.QT_TSTAT - DEBUG - Save line: T63 P63 X0 Y0 Z110.09987 A0 B0 C0 U0 V0 W0 D4.85000 I0 J0 Q0 ;thread m6 4.85 china 
2025-11-26 21:56:31,042 - QTvcp.QTVCP.QT_TSTAT - DEBUG - Save line: T90 P90 X0 Y0 Z0 A0 B0 C0 U0 V0 W0 D0 I0 J0 Q0 ;thread m4-m8 sorotec 
2025-11-26 21:56:31,043 - QTvcp.QTVCP.QT_TSTAT - DEBUG - Save line: T91 P91 X0 Y0 Z-118.47200 A0 B0 C0 U0 V0 W0 D0 I0 J0 Q0 ;thread m2-m4 sorotec 
2025-11-26 21:56:31,044 - QTvcp.QTVCP.QT_TSTAT - DEBUG - Save line: T99 P99 X0 Y0 Z164.94088 A0 B0 C0 U0 V0 W0 D2.00000 I0 J0 Q0 ;probe 
2025-11-26 21:56:31,083 - QTvcp.QTVCP.QT_ACTION - DEBUG - CALL_MDI Command: g43
2025-11-26 21:56:31,216 - QTvcp.QTVCP.WIDGETS.GCODE_GRAPHICS - DEBUG - reload the display: /home/zieluch/linuxcnc/configs/qthd_sorotec_cl0604/macros/rack_change.ngc
2025-11-26 21:56:31,261 - QTvcp.QTVCP.WIDGETS.ORIGIN_OFFSETVIEW - DEBUG - message returned:{'NAME': 'CALCULATOR', 'ID': 'tooloffsetview__', 'PRELOAD': -17.651, 'TITLE': 'Tool 19 Offset of Z,   -17.651', 'ITEM': <PyQt5.QtCore.QModelIndex object at 0x7f08acb99bd0>, 'RETURN': 0.0}
2025-11-26 21:56:31,263 - QTvcp.QTVCP.WIDGETS.ORIGIN_OFFSETVIEW - DEBUG - message returned:{'NAME': 'CALCULATOR', 'ID': 'tooloffsetview__', 'PRELOAD': -17.651, 'TITLE': 'Tool 19 Offset of Z,   -17.651', 'ITEM': <PyQt5.QtCore.QModelIndex object at 0x7f08acb99bd0>, 'RETURN': None}
2025-11-26 21:56:31,264 - QTvcp.QTVCP.WIDGETS.TOOL_OFFSETVIEW - DEBUG - message returned:{'NAME': 'CALCULATOR', 'ID': 'tooloffsetview__', 'PRELOAD': -17.651, 'TITLE': 'Tool 19 Offset of Z,   -17.651', 'ITEM': <PyQt5.QtCore.QModelIndex object at 0x7f08acb99bd0>, 'RETURN': None}
2025-11-26 21:56:31,264 - QTvcp.QTVCP.WIDGETS.ORIGIN_OFFSETVIEW - DEBUG - message returned:{'NAME': 'CALCULATOR', 'ID': 'tooloffsetview__', 'PRELOAD': -17.651, 'TITLE': 'Tool 19 Offset of Z,   -17.651', 'ITEM': <PyQt5.QtCore.QModelIndex object at 0x7f08acb99bd0>, 'RETURN': None}
2025-11-26 21:56:32,447 - QTvcp.QTVCP.WIDGETS.TOOL_OFFSETVIEW - DEBUG - Text:    -90.664, Row: 18, Column: 7
2025-11-26 21:56:32,450 - QTvcp.QTVCP.WIDGETS.TOOL_OFFSETVIEW - DEBUG - message sent:{'NAME': 'CALCULATOR', 'ID': 'tooloffsetview__', 'PRELOAD': -90.664, 'TITLE': 'Tool 21 Offset of Z,   -90.664', 'ITEM': <PyQt5.QtCore.QModelIndex object at 0x7f08aced3990>}
2025-11-26 21:56:35,082 - QTvcp.QTVCP.WIDGETS.DIALOGMIXIN - DEBUG - Saving CalculatorDialog-geometry data from widget  to file.
2025-11-26 21:56:35,373 - QTvcp.QTVCP.WIDGETS.DIALOG_WIDGET - DEBUG - Displayed value when accepted: 0.0
2025-11-26 21:56:35,374 - QTvcp.QTVCP.WIDGETS.ORIGIN_OFFSETVIEW - DEBUG - message returned:{'NAME': 'CALCULATOR', 'ID': 'tooloffsetview__', 'PRELOAD': -90.664, 'TITLE': 'Tool 21 Offset of Z,   -90.664', 'ITEM': <PyQt5.QtCore.QModelIndex object at 0x7f08aced3990>, 'RETURN': 0.0}
2025-11-26 21:56:35,375 - QTvcp.QTVCP.WIDGETS.TOOL_OFFSETVIEW - DEBUG - message returned:{'NAME': 'CALCULATOR', 'ID': 'tooloffsetview__', 'PRELOAD': -90.664, 'TITLE': 'Tool 21 Offset of Z,   -90.664', 'ITEM': <PyQt5.QtCore.QModelIndex object at 0x7f08aced3990>, 'RETURN': 0.0}
2025-11-26 21:56:35,376 - QTvcp.QTVCP.WIDGETS.TOOL_OFFSETVIEW - DEBUG - original value:-90.66397
2025-11-26 21:56:35,376 - QTvcp.QTVCP.WIDGETS.TOOL_OFFSETVIEW - DEBUG - >>> setData() role = None
2025-11-26 21:56:35,377 - QTvcp.QTVCP.WIDGETS.TOOL_OFFSETVIEW - DEBUG - >>> setData() column() = 7
2025-11-26 21:56:35,378 - QTvcp.QTVCP.WIDGETS.TOOL_OFFSETVIEW - DEBUG - >>> setData() value = 0.0 
2025-11-26 21:56:35,378 - QTvcp.QTVCP.QT_TSTAT - DEBUG - converted line: [0, 0, 0.0, 0.0, 0.0, 0.0, 0.0, 0.0, 0.0, 0.0, 0.0, 0.0, 0.0, 0.0, 0, ' ']
2025-11-26 21:56:35,379 - QTvcp.QTVCP.QT_TSTAT - DEBUG - converted line: [1, 1, 0.0, 0.0, 136.95988, 0.0, 0.0, 0.0, 0.0, 0.0, 0.0, 6.0, 0.0, 0.0, 0, '6mm flat ']
2025-11-26 21:56:35,380 - QTvcp.QTVCP.QT_TSTAT - DEBUG - converted line: [2, 2, 0.0, 0.0, 149.35788, 0.0, 0.0, 0.0, 0.0, 0.0, 0.0, 6.0, 0.0, 0.0, 0, ' ']
2025-11-26 21:56:35,381 - QTvcp.QTVCP.QT_TSTAT - DEBUG - converted line: [3, 3, 0.0, 0.0, 132.70388, 0.0, 0.0, 0.0, 0.0, 0.0, 0.0, 6.0, 0.0, 0.0, 0, ' ']
2025-11-26 21:56:35,381 - QTvcp.QTVCP.QT_TSTAT - DEBUG - converted line: [4, 4, 0.0, 0.0, 142.73837, 0.0, 0.0, 0.0, 0.0, 0.0, 0.0, 6.0, 0.0, 0.0, 0, 'sorotec_3mm ball ']
2025-11-26 21:56:35,382 - QTvcp.QTVCP.QT_TSTAT - DEBUG - converted line: [5, 5, 0.0, 0.0, 129.80638, 0.0, 0.0, 0.0, 0.0, 0.0, 0.0, 6.0, 0.0, 0.0, 0, '3f chamfer mill ']
2025-11-26 21:56:35,383 - QTvcp.QTVCP.QT_TSTAT - DEBUG - converted line: [6, 6, 0.0, 0.0, 128.89087, 0.0, 0.0, 0.0, 0.0, 0.0, 0.0, 0.0, 0.0, 0.0, 0, '1/8 " 17mm ']
2025-11-26 21:56:35,383 - QTvcp.QTVCP.QT_TSTAT - DEBUG - converted line: [7, 7, 0.0, 0.0, 129.10137, 0.0, 0.0, 0.0, 0.0, 0.0, 0.0, 0.0, 0.0, 0.0, 0, '1f 6mm sorotec 25mm ']
2025-11-26 21:56:35,384 - QTvcp.QTVCP.QT_TSTAT - DEBUG - converted line: [9, 9, 0.0, 0.0, 0.0, 0.0, 0.0, 0.0, 0.0, 0.0, 0.0, 0.0, 0.0, 0.0, 0, '2mm flat ']
2025-11-26 21:56:35,385 - QTvcp.QTVCP.QT_TSTAT - DEBUG - converted line: [11, 11, 0.0, 0.0, 0.0, 0.0, 0.0, 0.0, 0.0, 0.0, 0.0, 5.0, 0.0, 0.0, 0, '5mm 4f china ']
2025-11-26 21:56:35,386 - QTvcp.QTVCP.QT_TSTAT - DEBUG - converted line: [12, 12, 0.0, 0.0, 0.0, 0.0, 0.0, 0.0, 0.0, 0.0, 0.0, 0.0, 0.0, 0.0, 0, 'sor_flat_2mm_8mm ']
2025-11-26 21:56:35,386 - QTvcp.QTVCP.QT_TSTAT - DEBUG - converted line: [13, 13, 0.0, 0.0, 0.0, 0.0, 0.0, 0.0, 0.0, 0.0, 0.0, 6.0, 0.0, 0.0, 0, 'flat/ 6mm pro alu 26mm ']
2025-11-26 21:56:35,387 - QTvcp.QTVCP.QT_TSTAT - DEBUG - converted line: [14, 14, 0.0, 0.0, 0.0, 0.0, 0.0, 0.0, 0.0, 0.0, 0.0, 0.0, 0.0, 0.0, 0, '6mm 2f china col ']
2025-11-26 21:56:35,388 - QTvcp.QTVCP.QT_TSTAT - DEBUG - converted line: [15, 1, 0.0, 0.0, 103.73574, 0.0, 0.0, 0.0, 0.0, 0.0, 0.0, 16.0, 0.0, 0.0, 0, 'face16 ']
2025-11-26 21:56:35,389 - QTvcp.QTVCP.QT_TSTAT - DEBUG - converted line: [16, 16, 0.0, 0.0, 123.37369, 0.0, 0.0, 0.0, 0.0, 0.0, 0.0, 0.0, 0.0, 0.0, 0, 'pro alu 3mm ']
2025-11-26 21:56:35,390 - QTvcp.QTVCP.QT_TSTAT - DEBUG - converted line: [17, 3, 0.0, 0.0, 109.85839, 0.0, 0.0, 0.0, 0.0, 0.0, 0.0, 4.0, 0.0, 0.0, 0, '1F 4mm 15mm ']
2025-11-26 21:56:35,391 - QTvcp.QTVCP.QT_TSTAT - DEBUG - converted line: [18, 18, 0.0, 0.0, 124.45137, 0.0, 0.0, 0.0, 0.0, 0.0, 0.0, 0.0, 0.0, 0.0, 0, '3mm flat sorotec ']
2025-11-26 21:56:35,393 - QTvcp.QTVCP.QT_TSTAT - DEBUG - converted line: [19, 19, 0.0, 0.0, 0.0, 0.0, 0.0, 0.0, 0.0, 0.0, 0.0, 2.0, 0.0, 0.0, 0, 'flat_por alu 2mm ']
2025-11-26 21:56:35,393 - QTvcp.QTVCP.QT_TSTAT - DEBUG - converted line: [21, 21, 0.0, 0.0, 0.0, 0.0, 0.0, 0.0, 0.0, 0.0, 0.0, 0.0, 0.0, 0.0, 0, 'ball end mill 6mm ']
2025-11-26 21:56:35,394 - QTvcp.QTVCP.QT_TSTAT - DEBUG - converted line: [22, 22, 0.0, 0.0, 0.0, 0.0, 0.0, 0.0, 0.0, 0.0, 0.0, 0.0, 0.0, 0.0, 0, '3f 4mm ']
2025-11-26 21:56:35,395 - QTvcp.QTVCP.QT_TSTAT - DEBUG - converted line: [23, 23, 0.0, 0.0, 0.0, 0.0, 0.0, 0.0, 0.0, 0.0, 0.0, 0.0, 0.0, 0.0, 0, '3f 6mm l25 coated china ']
2025-11-26 21:56:35,396 - QTvcp.QTVCP.QT_TSTAT - DEBUG - converted line: [24, 24, 0.0, 0.0, -56.78963, 0.0, 0.0, 0.0, 0.0, 0.0, 0.0, 0.0, 0.0, 0.0, 0, '2f 6mm flat coated china ']
2025-11-26 21:56:35,396 - QTvcp.QTVCP.QT_TSTAT - DEBUG - converted line: [25, 25, 0.0, 0.0, 146.71938, 0.0, 0.0, 0.0, 0.0, 0.0, 0.0, 0.0, 0.0, 0.0, 0, 'facemill 18mm ']
2025-11-26 21:56:35,397 - QTvcp.QTVCP.QT_TSTAT - DEBUG - converted line: [25, 25, 0.0, 0.0, 170.56463, 0.0, 0.0, 0.0, 0.0, 0.0, 0.0, 0.0, 0.0, 0.0, 0, '2f 10mm ']
2025-11-26 21:56:35,398 - QTvcp.QTVCP.QT_TSTAT - DEBUG - converted line: [26, 26, 0.0, 0.0, 117.47522, 0.0, 0.0, 0.0, 0.0, 0.0, 0.0, 3.175, 0.0, 0.0, 0, "foam cutter 1/8' "]
2025-11-26 21:56:35,402 - QTvcp.QTVCP.QT_TSTAT - DEBUG - converted line: [30, 30, 0.0, 0.0, 113.24574, 0.0, 0.0, 0.0, 0.0, 0.0, 0.0, 0.0, 0.0, 0.0, 0, 'ball 6mm 2f china ']
2025-11-26 21:56:35,403 - QTvcp.QTVCP.QT_TSTAT - DEBUG - converted line: [32, 32, 0.0, 0.0, -61.609, 0.0, 0.0, 0.0, 0.0, 0.0, 0.0, 0.0, 0.0, 0.0, 0, 'ball 6mm china ']
2025-11-26 21:56:35,404 - QTvcp.QTVCP.QT_TSTAT - DEBUG - converted line: [33, 33, 0.0, 0.0, -73.3551, 0.0, 0.0, 0.0, 0.0, 0.0, 0.0, 0.0, 0.0, 0.0, 0, 'r3 ball sorotec ']
2025-11-26 21:56:35,404 - QTvcp.QTVCP.QT_TSTAT - DEBUG - converted line: [41, 41, 0.0, 0.0, -98.9562, 0.0, 0.0, 0.0, 0.0, 0.0, 0.0, 0.0, 0.0, 0.0, 0, 'drill 5mm sorotec ']
2025-11-26 21:56:35,405 - QTvcp.QTVCP.QT_TSTAT - DEBUG - converted line: [42, 42, 0.0, 0.0, -114.861, 0.0, 0.0, 0.0, 0.0, 0.0, 0.0, 0.0, 0.0, 0.0, 0, 'drill 2.5 ']
2025-11-26 21:56:35,406 - QTvcp.QTVCP.QT_TSTAT - DEBUG - converted line: [50, 50, 0.0, 0.0, 156.5646, 0.0, 0.0, 0.0, 0.0, 0.0, 0.0, 50.0, 0.0, 0.0, 0, 'face 50mm china ']
2025-11-26 21:56:35,407 - QTvcp.QTVCP.QT_TSTAT - DEBUG - converted line: [51, 1, 0.0, 0.0, 128.86488, 0.0, 0.0, 0.0, 0.0, 0.0, 0.0, 16.0, 0.0, 0.0, 0, 'sorotec 16mm face mill ']
2025-11-26 21:56:35,408 - QTvcp.QTVCP.QT_TSTAT - DEBUG - converted line: [52, 52, 0.0, 0.0, 147.24103, 0.0, 0.0, 0.0, 0.0, 0.0, 0.0, 35.0, 0.0, 0.0, 0, 'Face 35 wood ']
2025-11-26 21:56:35,411 - QTvcp.QTVCP.QT_TSTAT - DEBUG - converted line: [60, 60, 0.0, 0.0, 0.0, 0.0, 0.0, 0.0, 0.0, 0.0, 0.0, 0.0, 0.0, 0.0, 0, '3f 90deg 6mm chamfer ']
2025-11-26 21:56:35,412 - QTvcp.QTVCP.QT_TSTAT - DEBUG - converted line: [61, 4, 0.0, 0.0, 133.29438, 0.0, 0.0, 0.0, 0.0, 0.0, 0.0, 4.0, 0.0, 0.0, 0, 'thred m5-m8 sorotec ']
2025-11-26 21:56:35,413 - QTvcp.QTVCP.QT_TSTAT - DEBUG - converted line: [62, 62, 0.0, 0.0, 130.74038, 0.0, 0.0, 0.0, 0.0, 0.0, 0.0, 0.0, 0.0, 0.0, 0, 'chamfer 60 degree ']
2025-11-26 21:56:35,413 - QTvcp.QTVCP.QT_TSTAT - DEBUG - converted line: [63, 63, 0.0, 0.0, 110.09987, 0.0, 0.0, 0.0, 0.0, 0.0, 0.0, 4.85, 0.0, 0.0, 0, 'thread m6 4.85 china ']
2025-11-26 21:56:35,414 - QTvcp.QTVCP.QT_TSTAT - DEBUG - converted line: [90, 90, 0.0, 0.0, 0.0, 0.0, 0.0, 0.0, 0.0, 0.0, 0.0, 0.0, 0.0, 0.0, 0, 'thread m4-m8 sorotec ']
2025-11-26 21:56:35,415 - QTvcp.QTVCP.QT_TSTAT - DEBUG - converted line: [91, 91, 0.0, 0.0, -118.472, 0.0, 0.0, 0.0, 0.0, 0.0, 0.0, 0.0, 0.0, 0.0, 0, 'thread m2-m4 sorotec ']
2025-11-26 21:56:35,416 - QTvcp.QTVCP.QT_TSTAT - DEBUG - converted line: [99, 99, 0.0, 0.0, 164.94088, 0.0, 0.0, 0.0, 0.0, 0.0, 0.0, 2.0, 0.0, 0.0, 0, 'probe ']
2025-11-26 21:56:35,417 - QTvcp.QTVCP.QT_TSTAT - DEBUG - Save line: T0 P0 X0 Y0 Z0 A0 B0 C0 U0 V0 W0 D0 I0 J0 Q0 ; 
2025-11-26 21:56:35,418 - QTvcp.QTVCP.QT_TSTAT - DEBUG - Save line: T1 P1 X0 Y0 Z136.95988 A0 B0 C0 U0 V0 W0 D6.00000 I0 J0 Q0 ;6mm flat 
2025-11-26 21:56:35,421 - QTvcp.QTVCP.QT_TSTAT - DEBUG - Save line: T2 P2 X0 Y0 Z149.35788 A0 B0 C0 U0 V0 W0 D6.00000 I0 J0 Q0 ; 
2025-11-26 21:56:35,422 - QTvcp.QTVCP.QT_TSTAT - DEBUG - Save line: T3 P3 X0 Y0 Z132.70388 A0 B0 C0 U0 V0 W0 D6.00000 I0 J0 Q0 ; 
2025-11-26 21:56:35,422 - QTvcp.QTVCP.QT_TSTAT - DEBUG - Save line: T4 P4 X0 Y0 Z142.73837 A0 B0 C0 U0 V0 W0 D6.00000 I0 J0 Q0 ;sorotec_3mm ball 
2025-11-26 21:56:35,423 - QTvcp.QTVCP.QT_TSTAT - DEBUG - Save line: T5 P5 X0 Y0 Z129.80638 A0 B0 C0 U0 V0 W0 D6.00000 I0 J0 Q0 ;3f chamfer mill 
2025-11-26 21:56:35,425 - QTvcp.QTVCP.QT_TSTAT - DEBUG - Save line: T6 P6 X0 Y0 Z128.89087 A0 B0 C0 U0 V0 W0 D0 I0 J0 Q0 ;1/8 " 17mm 
2025-11-26 21:56:35,426 - QTvcp.QTVCP.QT_TSTAT - DEBUG - Save line: T7 P7 X0 Y0 Z129.10137 A0 B0 C0 U0 V0 W0 D0 I0 J0 Q0 ;1f 6mm sorotec 25mm 
2025-11-26 21:56:35,427 - QTvcp.QTVCP.QT_TSTAT - DEBUG - Save line: T9 P9 X0 Y0 Z0 A0 B0 C0 U0 V0 W0 D0 I0 J0 Q0 ;2mm flat 
2025-11-26 21:56:35,427 - QTvcp.QTVCP.QT_TSTAT - DEBUG - Save line: T11 P11 X0 Y0 Z0 A0 B0 C0 U0 V0 W0 D5.00000 I0 J0 Q0 ;5mm 4f china 
2025-11-26 21:56:35,428 - QTvcp.QTVCP.QT_TSTAT - DEBUG - Save line: T12 P12 X0 Y0 Z0 A0 B0 C0 U0 V0 W0 D0 I0 J0 Q0 ;sor_flat_2mm_8mm 
2025-11-26 21:56:35,429 - QTvcp.QTVCP.QT_TSTAT - DEBUG - Save line: T13 P13 X0 Y0 Z0 A0 B0 C0 U0 V0 W0 D6.00000 I0 J0 Q0 ;flat/ 6mm pro alu 26mm 
2025-11-26 21:56:35,432 - QTvcp.QTVCP.QT_TSTAT - DEBUG - Save line: T14 P14 X0 Y0 Z0 A0 B0 C0 U0 V0 W0 D0 I0 J0 Q0 ;6mm 2f china col 
2025-11-26 21:56:35,433 - QTvcp.QTVCP.QT_TSTAT - DEBUG - Save line: T15 P1 X0 Y0 Z103.73574 A0 B0 C0 U0 V0 W0 D16.00000 I0 J0 Q0 ;face16 
2025-11-26 21:56:35,434 - QTvcp.QTVCP.QT_TSTAT - DEBUG - Save line: T16 P16 X0 Y0 Z123.37369 A0 B0 C0 U0 V0 W0 D0 I0 J0 Q0 ;pro alu 3mm 
2025-11-26 21:56:35,434 - QTvcp.QTVCP.QT_TSTAT - DEBUG - Save line: T17 P3 X0 Y0 Z109.85839 A0 B0 C0 U0 V0 W0 D4.00000 I0 J0 Q0 ;1F 4mm 15mm 
2025-11-26 21:56:35,435 - QTvcp.QTVCP.QT_TSTAT - DEBUG - Save line: T18 P18 X0 Y0 Z124.45137 A0 B0 C0 U0 V0 W0 D0 I0 J0 Q0 ;3mm flat sorotec 
2025-11-26 21:56:35,436 - QTvcp.QTVCP.QT_TSTAT - DEBUG - Save line: T19 P19 X0 Y0 Z0 A0 B0 C0 U0 V0 W0 D2.00000 I0 J0 Q0 ;flat_por alu 2mm 
2025-11-26 21:56:35,437 - QTvcp.QTVCP.QT_TSTAT - DEBUG - Save line: T21 P21 X0 Y0 Z0 A0 B0 C0 U0 V0 W0 D0 I0 J0 Q0 ;ball end mill 6mm 
2025-11-26 21:56:35,438 - QTvcp.QTVCP.QT_TSTAT - DEBUG - Save line: T22 P22 X0 Y0 Z0 A0 B0 C0 U0 V0 W0 D0 I0 J0 Q0 ;3f 4mm 
2025-11-26 21:56:35,438 - QTvcp.QTVCP.QT_TSTAT - DEBUG - Save line: T23 P23 X0 Y0 Z0 A0 B0 C0 U0 V0 W0 D0 I0 J0 Q0 ;3f 6mm l25 coated china 
2025-11-26 21:56:35,439 - QTvcp.QTVCP.QT_TSTAT - DEBUG - Save line: T24 P24 X0 Y0 Z-56.78963 A0 B0 C0 U0 V0 W0 D0 I0 J0 Q0 ;2f 6mm flat coated china 
2025-11-26 21:56:35,440 - QTvcp.QTVCP.QT_TSTAT - DEBUG - Save line: T25 P25 X0 Y0 Z146.71938 A0 B0 C0 U0 V0 W0 D0 I0 J0 Q0 ;facemill 18mm 
2025-11-26 21:56:35,442 - QTvcp.QTVCP.QT_TSTAT - DEBUG - Save line: T25 P25 X0 Y0 Z170.56463 A0 B0 C0 U0 V0 W0 D0 I0 J0 Q0 ;2f 10mm 
2025-11-26 21:56:35,443 - QTvcp.QTVCP.QT_TSTAT - DEBUG - Save line: T26 P26 X0 Y0 Z117.47522 A0 B0 C0 U0 V0 W0 D3.17500 I0 J0 Q0 ;foam cutter 1/8' 
2025-11-26 21:56:35,443 - QTvcp.QTVCP.QT_TSTAT - DEBUG - Save line: T30 P30 X0 Y0 Z113.24574 A0 B0 C0 U0 V0 W0 D0 I0 J0 Q0 ;ball 6mm 2f china 
2025-11-26 21:56:35,444 - QTvcp.QTVCP.QT_TSTAT - DEBUG - Save line: T32 P32 X0 Y0 Z-61.60900 A0 B0 C0 U0 V0 W0 D0 I0 J0 Q0 ;ball 6mm china 
2025-11-26 21:56:35,445 - QTvcp.QTVCP.QT_TSTAT - DEBUG - Save line: T33 P33 X0 Y0 Z-73.35510 A0 B0 C0 U0 V0 W0 D0 I0 J0 Q0 ;r3 ball sorotec 
2025-11-26 21:56:35,446 - QTvcp.QTVCP.QT_TSTAT - DEBUG - Save line: T41 P41 X0 Y0 Z-98.95620 A0 B0 C0 U0 V0 W0 D0 I0 J0 Q0 ;drill 5mm sorotec 
2025-11-26 21:56:35,447 - QTvcp.QTVCP.QT_TSTAT - DEBUG - Save line: T42 P42 X0 Y0 Z-114.86100 A0 B0 C0 U0 V0 W0 D0 I0 J0 Q0 ;drill 2.5 
2025-11-26 21:56:35,448 - QTvcp.QTVCP.QT_TSTAT - DEBUG - Save line: T50 P50 X0 Y0 Z156.56460 A0 B0 C0 U0 V0 W0 D50.00000 I0 J0 Q0 ;face 50mm china 
2025-11-26 21:56:35,449 - QTvcp.QTVCP.QT_TSTAT - DEBUG - Save line: T51 P1 X0 Y0 Z128.86488 A0 B0 C0 U0 V0 W0 D16.00000 I0 J0 Q0 ;sorotec 16mm face mill 
2025-11-26 21:56:35,450 - QTvcp.QTVCP.QT_TSTAT - DEBUG - Save line: T52 P52 X0 Y0 Z147.24103 A0 B0 C0 U0 V0 W0 D35.00000 I0 J0 Q0 ;Face 35 wood 
2025-11-26 21:56:35,451 - QTvcp.QTVCP.QT_TSTAT - DEBUG - Save line: T60 P60 X0 Y0 Z0 A0 B0 C0 U0 V0 W0 D0 I0 J0 Q0 ;3f 90deg 6mm chamfer 
2025-11-26 21:56:35,451 - QTvcp.QTVCP.QT_TSTAT - DEBUG - Save line: T61 P4 X0 Y0 Z133.29438 A0 B0 C0 U0 V0 W0 D4.00000 I0 J0 Q0 ;thred m5-m8 sorotec 
2025-11-26 21:56:35,452 - QTvcp.QTVCP.QT_TSTAT - DEBUG - Save line: T62 P62 X0 Y0 Z130.74038 A0 B0 C0 U0 V0 W0 D0 I0 J0 Q0 ;chamfer 60 degree 
2025-11-26 21:56:35,453 - QTvcp.QTVCP.QT_TSTAT - DEBUG - Save line: T63 P63 X0 Y0 Z110.09987 A0 B0 C0 U0 V0 W0 D4.85000 I0 J0 Q0 ;thread m6 4.85 china 
2025-11-26 21:56:35,454 - QTvcp.QTVCP.QT_TSTAT - DEBUG - Save line: T90 P90 X0 Y0 Z0 A0 B0 C0 U0 V0 W0 D0 I0 J0 Q0 ;thread m4-m8 sorotec 
2025-11-26 21:56:35,455 - QTvcp.QTVCP.QT_TSTAT - DEBUG - Save line: T91 P91 X0 Y0 Z-118.47200 A0 B0 C0 U0 V0 W0 D0 I0 J0 Q0 ;thread m2-m4 sorotec 
2025-11-26 21:56:35,456 - QTvcp.QTVCP.QT_TSTAT - DEBUG - Save line: T99 P99 X0 Y0 Z164.94088 A0 B0 C0 U0 V0 W0 D2.00000 I0 J0 Q0 ;probe 
2025-11-26 21:56:35,488 - QTvcp.QTVCP.QT_ACTION - DEBUG - CALL_MDI Command: g43
2025-11-26 21:56:35,631 - QTvcp.QTVCP.WIDGETS.GCODE_GRAPHICS - DEBUG - reload the display: /home/zieluch/linuxcnc/configs/qthd_sorotec_cl0604/macros/rack_change.ngc
2025-11-26 21:56:35,701 - QTvcp.QTVCP.WIDGETS.ORIGIN_OFFSETVIEW - DEBUG - message returned:{'NAME': 'CALCULATOR', 'ID': 'tooloffsetview__', 'PRELOAD': -90.664, 'TITLE': 'Tool 21 Offset of Z,   -90.664', 'ITEM': <PyQt5.QtCore.QModelIndex object at 0x7f08aced3990>, 'RETURN': 0.0}
2025-11-26 21:56:35,705 - QTvcp.QTVCP.WIDGETS.ORIGIN_OFFSETVIEW - DEBUG - message returned:{'NAME': 'CALCULATOR', 'ID': 'tooloffsetview__', 'PRELOAD': -90.664, 'TITLE': 'Tool 21 Offset of Z,   -90.664', 'ITEM': <PyQt5.QtCore.QModelIndex object at 0x7f08aced3990>, 'RETURN': None}
2025-11-26 21:56:35,714 - QTvcp.QTVCP.WIDGETS.TOOL_OFFSETVIEW - DEBUG - message returned:{'NAME': 'CALCULATOR', 'ID': 'tooloffsetview__', 'PRELOAD': -90.664, 'TITLE': 'Tool 21 Offset of Z,   -90.664', 'ITEM': <PyQt5.QtCore.QModelIndex object at 0x7f08aced3990>, 'RETURN': None}
2025-11-26 21:56:35,719 - QTvcp.QTVCP.WIDGETS.ORIGIN_OFFSETVIEW - DEBUG - message returned:{'NAME': 'CALCULATOR', 'ID': 'tooloffsetview__', 'PRELOAD': -90.664, 'TITLE': 'Tool 21 Offset of Z,   -90.664', 'ITEM': <PyQt5.QtCore.QModelIndex object at 0x7f08aced3990>, 'RETURN': None}
2025-11-26 21:56:37,552 - QTvcp.QTVCP.WIDGETS.TOOL_OFFSETVIEW - DEBUG - Text:    -56.790, Row: 21, Column: 7
2025-11-26 21:56:37,553 - QTvcp.QTVCP.WIDGETS.TOOL_OFFSETVIEW - DEBUG - message sent:{'NAME': 'CALCULATOR', 'ID': 'tooloffsetview__', 'PRELOAD': -56.79, 'TITLE': 'Tool 24 Offset of Z,   -56.790', 'ITEM': <PyQt5.QtCore.QModelIndex object at 0x7f08acb9a030>}
2025-11-26 21:56:41,580 - QTvcp.QTVCP.WIDGETS.DIALOGMIXIN - DEBUG - Saving CalculatorDialog-geometry data from widget  to file.
2025-11-26 21:56:41,849 - QTvcp.QTVCP.WIDGETS.DIALOG_WIDGET - DEBUG - Displayed value when accepted: 0.0
2025-11-26 21:56:41,851 - QTvcp.QTVCP.WIDGETS.ORIGIN_OFFSETVIEW - DEBUG - message returned:{'NAME': 'CALCULATOR', 'ID': 'tooloffsetview__', 'PRELOAD': -56.79, 'TITLE': 'Tool 24 Offset of Z,   -56.790', 'ITEM': <PyQt5.QtCore.QModelIndex object at 0x7f08acb9a030>, 'RETURN': 0.0}
2025-11-26 21:56:41,852 - QTvcp.QTVCP.WIDGETS.TOOL_OFFSETVIEW - DEBUG - message returned:{'NAME': 'CALCULATOR', 'ID': 'tooloffsetview__', 'PRELOAD': -56.79, 'TITLE': 'Tool 24 Offset of Z,   -56.790', 'ITEM': <PyQt5.QtCore.QModelIndex object at 0x7f08acb9a030>, 'RETURN': 0.0}
2025-11-26 21:56:41,853 - QTvcp.QTVCP.WIDGETS.TOOL_OFFSETVIEW - DEBUG - original value:-56.78963
2025-11-26 21:56:41,853 - QTvcp.QTVCP.WIDGETS.TOOL_OFFSETVIEW - DEBUG - >>> setData() role = None
2025-11-26 21:56:41,854 - QTvcp.QTVCP.WIDGETS.TOOL_OFFSETVIEW - DEBUG - >>> setData() column() = 7
2025-11-26 21:56:41,855 - QTvcp.QTVCP.WIDGETS.TOOL_OFFSETVIEW - DEBUG - >>> setData() value = 0.0 
2025-11-26 21:56:41,855 - QTvcp.QTVCP.QT_TSTAT - DEBUG - converted line: [0, 0, 0.0, 0.0, 0.0, 0.0, 0.0, 0.0, 0.0, 0.0, 0.0, 0.0, 0.0, 0.0, 0, ' ']
2025-11-26 21:56:41,856 - QTvcp.QTVCP.QT_TSTAT - DEBUG - converted line: [1, 1, 0.0, 0.0, 136.95988, 0.0, 0.0, 0.0, 0.0, 0.0, 0.0, 6.0, 0.0, 0.0, 0, '6mm flat ']
2025-11-26 21:56:41,857 - QTvcp.QTVCP.QT_TSTAT - DEBUG - converted line: [2, 2, 0.0, 0.0, 149.35788, 0.0, 0.0, 0.0, 0.0, 0.0, 0.0, 6.0, 0.0, 0.0, 0, ' ']
2025-11-26 21:56:41,858 - QTvcp.QTVCP.QT_TSTAT - DEBUG - converted line: [3, 3, 0.0, 0.0, 132.70388, 0.0, 0.0, 0.0, 0.0, 0.0, 0.0, 6.0, 0.0, 0.0, 0, ' ']
2025-11-26 21:56:41,858 - QTvcp.QTVCP.QT_TSTAT - DEBUG - converted line: [4, 4, 0.0, 0.0, 142.73837, 0.0, 0.0, 0.0, 0.0, 0.0, 0.0, 6.0, 0.0, 0.0, 0, 'sorotec_3mm ball ']
2025-11-26 21:56:41,859 - QTvcp.QTVCP.QT_TSTAT - DEBUG - converted line: [5, 5, 0.0, 0.0, 129.80638, 0.0, 0.0, 0.0, 0.0, 0.0, 0.0, 6.0, 0.0, 0.0, 0, '3f chamfer mill ']
2025-11-26 21:56:41,860 - QTvcp.QTVCP.QT_TSTAT - DEBUG - converted line: [6, 6, 0.0, 0.0, 128.89087, 0.0, 0.0, 0.0, 0.0, 0.0, 0.0, 0.0, 0.0, 0.0, 0, '1/8 " 17mm ']
2025-11-26 21:56:41,861 - QTvcp.QTVCP.QT_TSTAT - DEBUG - converted line: [7, 7, 0.0, 0.0, 129.10137, 0.0, 0.0, 0.0, 0.0, 0.0, 0.0, 0.0, 0.0, 0.0, 0, '1f 6mm sorotec 25mm ']
2025-11-26 21:56:41,861 - QTvcp.QTVCP.QT_TSTAT - DEBUG - converted line: [9, 9, 0.0, 0.0, 0.0, 0.0, 0.0, 0.0, 0.0, 0.0, 0.0, 0.0, 0.0, 0.0, 0, '2mm flat ']
2025-11-26 21:56:41,862 - QTvcp.QTVCP.QT_TSTAT - DEBUG - converted line: [11, 11, 0.0, 0.0, 0.0, 0.0, 0.0, 0.0, 0.0, 0.0, 0.0, 5.0, 0.0, 0.0, 0, '5mm 4f china ']
2025-11-26 21:56:41,863 - QTvcp.QTVCP.QT_TSTAT - DEBUG - converted line: [12, 12, 0.0, 0.0, 0.0, 0.0, 0.0, 0.0, 0.0, 0.0, 0.0, 0.0, 0.0, 0.0, 0, 'sor_flat_2mm_8mm ']
2025-11-26 21:56:41,863 - QTvcp.QTVCP.QT_TSTAT - DEBUG - converted line: [13, 13, 0.0, 0.0, 0.0, 0.0, 0.0, 0.0, 0.0, 0.0, 0.0, 6.0, 0.0, 0.0, 0, 'flat/ 6mm pro alu 26mm ']
2025-11-26 21:56:41,864 - QTvcp.QTVCP.QT_TSTAT - DEBUG - converted line: [14, 14, 0.0, 0.0, 0.0, 0.0, 0.0, 0.0, 0.0, 0.0, 0.0, 0.0, 0.0, 0.0, 0, '6mm 2f china col ']
2025-11-26 21:56:41,865 - QTvcp.QTVCP.QT_TSTAT - DEBUG - converted line: [15, 1, 0.0, 0.0, 103.73574, 0.0, 0.0, 0.0, 0.0, 0.0, 0.0, 16.0, 0.0, 0.0, 0, 'face16 ']
2025-11-26 21:56:41,866 - QTvcp.QTVCP.QT_TSTAT - DEBUG - converted line: [16, 16, 0.0, 0.0, 123.37369, 0.0, 0.0, 0.0, 0.0, 0.0, 0.0, 0.0, 0.0, 0.0, 0, 'pro alu 3mm ']
2025-11-26 21:56:41,867 - QTvcp.QTVCP.QT_TSTAT - DEBUG - converted line: [17, 3, 0.0, 0.0, 109.85839, 0.0, 0.0, 0.0, 0.0, 0.0, 0.0, 4.0, 0.0, 0.0, 0, '1F 4mm 15mm ']
2025-11-26 21:56:41,868 - QTvcp.QTVCP.QT_TSTAT - DEBUG - converted line: [18, 18, 0.0, 0.0, 124.45137, 0.0, 0.0, 0.0, 0.0, 0.0, 0.0, 0.0, 0.0, 0.0, 0, '3mm flat sorotec ']
2025-11-26 21:56:41,869 - QTvcp.QTVCP.QT_TSTAT - DEBUG - converted line: [19, 19, 0.0, 0.0, 0.0, 0.0, 0.0, 0.0, 0.0, 0.0, 0.0, 2.0, 0.0, 0.0, 0, 'flat_por alu 2mm ']
2025-11-26 21:56:41,869 - QTvcp.QTVCP.QT_TSTAT - DEBUG - converted line: [21, 21, 0.0, 0.0, 0.0, 0.0, 0.0, 0.0, 0.0, 0.0, 0.0, 0.0, 0.0, 0.0, 0, 'ball end mill 6mm ']
2025-11-26 21:56:41,870 - QTvcp.QTVCP.QT_TSTAT - DEBUG - converted line: [22, 22, 0.0, 0.0, 0.0, 0.0, 0.0, 0.0, 0.0, 0.0, 0.0, 0.0, 0.0, 0.0, 0, '3f 4mm ']
2025-11-26 21:56:41,871 - QTvcp.QTVCP.QT_TSTAT - DEBUG - converted line: [23, 23, 0.0, 0.0, 0.0, 0.0, 0.0, 0.0, 0.0, 0.0, 0.0, 0.0, 0.0, 0.0, 0, '3f 6mm l25 coated china ']
2025-11-26 21:56:41,872 - QTvcp.QTVCP.QT_TSTAT - DEBUG - converted line: [24, 24, 0.0, 0.0, 0.0, 0.0, 0.0, 0.0, 0.0, 0.0, 0.0, 0.0, 0.0, 0.0, 0, '2f 6mm flat coated china ']
2025-11-26 21:56:41,872 - QTvcp.QTVCP.QT_TSTAT - DEBUG - converted line: [25, 25, 0.0, 0.0, 146.71938, 0.0, 0.0, 0.0, 0.0, 0.0, 0.0, 0.0, 0.0, 0.0, 0, 'facemill 18mm ']
2025-11-26 21:56:41,873 - QTvcp.QTVCP.QT_TSTAT - DEBUG - converted line: [25, 25, 0.0, 0.0, 170.56463, 0.0, 0.0, 0.0, 0.0, 0.0, 0.0, 0.0, 0.0, 0.0, 0, '2f 10mm ']
2025-11-26 21:56:41,874 - QTvcp.QTVCP.QT_TSTAT - DEBUG - converted line: [26, 26, 0.0, 0.0, 117.47522, 0.0, 0.0, 0.0, 0.0, 0.0, 0.0, 3.175, 0.0, 0.0, 0, "foam cutter 1/8' "]
2025-11-26 21:56:41,875 - QTvcp.QTVCP.QT_TSTAT - DEBUG - converted line: [30, 30, 0.0, 0.0, 113.24574, 0.0, 0.0, 0.0, 0.0, 0.0, 0.0, 0.0, 0.0, 0.0, 0, 'ball 6mm 2f china ']
2025-11-26 21:56:41,876 - QTvcp.QTVCP.QT_TSTAT - DEBUG - converted line: [32, 32, 0.0, 0.0, -61.609, 0.0, 0.0, 0.0, 0.0, 0.0, 0.0, 0.0, 0.0, 0.0, 0, 'ball 6mm china ']
2025-11-26 21:56:41,877 - QTvcp.QTVCP.QT_TSTAT - DEBUG - converted line: [33, 33, 0.0, 0.0, -73.3551, 0.0, 0.0, 0.0, 0.0, 0.0, 0.0, 0.0, 0.0, 0.0, 0, 'r3 ball sorotec ']
2025-11-26 21:56:41,877 - QTvcp.QTVCP.QT_TSTAT - DEBUG - converted line: [41, 41, 0.0, 0.0, -98.9562, 0.0, 0.0, 0.0, 0.0, 0.0, 0.0, 0.0, 0.0, 0.0, 0, 'drill 5mm sorotec ']
2025-11-26 21:56:41,878 - QTvcp.QTVCP.QT_TSTAT - DEBUG - converted line: [42, 42, 0.0, 0.0, -114.861, 0.0, 0.0, 0.0, 0.0, 0.0, 0.0, 0.0, 0.0, 0.0, 0, 'drill 2.5 ']
2025-11-26 21:56:41,879 - QTvcp.QTVCP.QT_TSTAT - DEBUG - converted line: [50, 50, 0.0, 0.0, 156.5646, 0.0, 0.0, 0.0, 0.0, 0.0, 0.0, 50.0, 0.0, 0.0, 0, 'face 50mm china ']
2025-11-26 21:56:41,880 - QTvcp.QTVCP.QT_TSTAT - DEBUG - converted line: [51, 1, 0.0, 0.0, 128.86488, 0.0, 0.0, 0.0, 0.0, 0.0, 0.0, 16.0, 0.0, 0.0, 0, 'sorotec 16mm face mill ']
2025-11-26 21:56:41,881 - QTvcp.QTVCP.QT_TSTAT - DEBUG - converted line: [52, 52, 0.0, 0.0, 147.24103, 0.0, 0.0, 0.0, 0.0, 0.0, 0.0, 35.0, 0.0, 0.0, 0, 'Face 35 wood ']
2025-11-26 21:56:41,881 - QTvcp.QTVCP.QT_TSTAT - DEBUG - converted line: [60, 60, 0.0, 0.0, 0.0, 0.0, 0.0, 0.0, 0.0, 0.0, 0.0, 0.0, 0.0, 0.0, 0, '3f 90deg 6mm chamfer ']
2025-11-26 21:56:41,883 - QTvcp.QTVCP.QT_TSTAT - DEBUG - converted line: [61, 4, 0.0, 0.0, 133.29438, 0.0, 0.0, 0.0, 0.0, 0.0, 0.0, 4.0, 0.0, 0.0, 0, 'thred m5-m8 sorotec ']
2025-11-26 21:56:41,884 - QTvcp.QTVCP.QT_TSTAT - DEBUG - converted line: [62, 62, 0.0, 0.0, 130.74038, 0.0, 0.0, 0.0, 0.0, 0.0, 0.0, 0.0, 0.0, 0.0, 0, 'chamfer 60 degree ']
2025-11-26 21:56:41,884 - QTvcp.QTVCP.QT_TSTAT - DEBUG - converted line: [63, 63, 0.0, 0.0, 110.09987, 0.0, 0.0, 0.0, 0.0, 0.0, 0.0, 4.85, 0.0, 0.0, 0, 'thread m6 4.85 china ']
2025-11-26 21:56:41,885 - QTvcp.QTVCP.QT_TSTAT - DEBUG - converted line: [90, 90, 0.0, 0.0, 0.0, 0.0, 0.0, 0.0, 0.0, 0.0, 0.0, 0.0, 0.0, 0.0, 0, 'thread m4-m8 sorotec ']
2025-11-26 21:56:41,886 - QTvcp.QTVCP.QT_TSTAT - DEBUG - converted line: [91, 91, 0.0, 0.0, -118.472, 0.0, 0.0, 0.0, 0.0, 0.0, 0.0, 0.0, 0.0, 0.0, 0, 'thread m2-m4 sorotec ']
2025-11-26 21:56:41,887 - QTvcp.QTVCP.QT_TSTAT - DEBUG - converted line: [99, 99, 0.0, 0.0, 164.94088, 0.0, 0.0, 0.0, 0.0, 0.0, 0.0, 2.0, 0.0, 0.0, 0, 'probe ']
2025-11-26 21:56:41,888 - QTvcp.QTVCP.QT_TSTAT - DEBUG - Save line: T0 P0 X0 Y0 Z0 A0 B0 C0 U0 V0 W0 D0 I0 J0 Q0 ; 
2025-11-26 21:56:41,889 - QTvcp.QTVCP.QT_TSTAT - DEBUG - Save line: T1 P1 X0 Y0 Z136.95988 A0 B0 C0 U0 V0 W0 D6.00000 I0 J0 Q0 ;6mm flat 
2025-11-26 21:56:41,890 - QTvcp.QTVCP.QT_TSTAT - DEBUG - Save line: T2 P2 X0 Y0 Z149.35788 A0 B0 C0 U0 V0 W0 D6.00000 I0 J0 Q0 ; 
2025-11-26 21:56:41,891 - QTvcp.QTVCP.QT_TSTAT - DEBUG - Save line: T3 P3 X0 Y0 Z132.70388 A0 B0 C0 U0 V0 W0 D6.00000 I0 J0 Q0 ; 
2025-11-26 21:56:41,892 - QTvcp.QTVCP.QT_TSTAT - DEBUG - Save line: T4 P4 X0 Y0 Z142.73837 A0 B0 C0 U0 V0 W0 D6.00000 I0 J0 Q0 ;sorotec_3mm ball 
2025-11-26 21:56:41,893 - QTvcp.QTVCP.QT_TSTAT - DEBUG - Save line: T5 P5 X0 Y0 Z129.80638 A0 B0 C0 U0 V0 W0 D6.00000 I0 J0 Q0 ;3f chamfer mill 
2025-11-26 21:56:41,894 - QTvcp.QTVCP.QT_TSTAT - DEBUG - Save line: T6 P6 X0 Y0 Z128.89087 A0 B0 C0 U0 V0 W0 D0 I0 J0 Q0 ;1/8 " 17mm 
2025-11-26 21:56:41,895 - QTvcp.QTVCP.QT_TSTAT - DEBUG - Save line: T7 P7 X0 Y0 Z129.10137 A0 B0 C0 U0 V0 W0 D0 I0 J0 Q0 ;1f 6mm sorotec 25mm 
2025-11-26 21:56:41,895 - QTvcp.QTVCP.QT_TSTAT - DEBUG - Save line: T9 P9 X0 Y0 Z0 A0 B0 C0 U0 V0 W0 D0 I0 J0 Q0 ;2mm flat 
2025-11-26 21:56:41,896 - QTvcp.QTVCP.QT_TSTAT - DEBUG - Save line: T11 P11 X0 Y0 Z0 A0 B0 C0 U0 V0 W0 D5.00000 I0 J0 Q0 ;5mm 4f china 
2025-11-26 21:56:41,897 - QTvcp.QTVCP.QT_TSTAT - DEBUG - Save line: T12 P12 X0 Y0 Z0 A0 B0 C0 U0 V0 W0 D0 I0 J0 Q0 ;sor_flat_2mm_8mm 
2025-11-26 21:56:41,898 - QTvcp.QTVCP.QT_TSTAT - DEBUG - Save line: T13 P13 X0 Y0 Z0 A0 B0 C0 U0 V0 W0 D6.00000 I0 J0 Q0 ;flat/ 6mm pro alu 26mm 
2025-11-26 21:56:41,899 - QTvcp.QTVCP.QT_TSTAT - DEBUG - Save line: T14 P14 X0 Y0 Z0 A0 B0 C0 U0 V0 W0 D0 I0 J0 Q0 ;6mm 2f china col 
2025-11-26 21:56:41,899 - QTvcp.QTVCP.QT_TSTAT - DEBUG - Save line: T15 P1 X0 Y0 Z103.73574 A0 B0 C0 U0 V0 W0 D16.00000 I0 J0 Q0 ;face16 
2025-11-26 21:56:41,900 - QTvcp.QTVCP.QT_TSTAT - DEBUG - Save line: T16 P16 X0 Y0 Z123.37369 A0 B0 C0 U0 V0 W0 D0 I0 J0 Q0 ;pro alu 3mm 
2025-11-26 21:56:41,901 - QTvcp.QTVCP.QT_TSTAT - DEBUG - Save line: T17 P3 X0 Y0 Z109.85839 A0 B0 C0 U0 V0 W0 D4.00000 I0 J0 Q0 ;1F 4mm 15mm 
2025-11-26 21:56:41,902 - QTvcp.QTVCP.QT_TSTAT - DEBUG - Save line: T18 P18 X0 Y0 Z124.45137 A0 B0 C0 U0 V0 W0 D0 I0 J0 Q0 ;3mm flat sorotec 
2025-11-26 21:56:41,903 - QTvcp.QTVCP.QT_TSTAT - DEBUG - Save line: T19 P19 X0 Y0 Z0 A0 B0 C0 U0 V0 W0 D2.00000 I0 J0 Q0 ;flat_por alu 2mm 
2025-11-26 21:56:41,904 - QTvcp.QTVCP.QT_TSTAT - DEBUG - Save line: T21 P21 X0 Y0 Z0 A0 B0 C0 U0 V0 W0 D0 I0 J0 Q0 ;ball end mill 6mm 
2025-11-26 21:56:41,905 - QTvcp.QTVCP.QT_TSTAT - DEBUG - Save line: T22 P22 X0 Y0 Z0 A0 B0 C0 U0 V0 W0 D0 I0 J0 Q0 ;3f 4mm 
2025-11-26 21:56:41,906 - QTvcp.QTVCP.QT_TSTAT - DEBUG - Save line: T23 P23 X0 Y0 Z0 A0 B0 C0 U0 V0 W0 D0 I0 J0 Q0 ;3f 6mm l25 coated china 
2025-11-26 21:56:41,908 - QTvcp.QTVCP.QT_TSTAT - DEBUG - Save line: T24 P24 X0 Y0 Z0 A0 B0 C0 U0 V0 W0 D0 I0 J0 Q0 ;2f 6mm flat coated china 
2025-11-26 21:56:41,908 - QTvcp.QTVCP.QT_TSTAT - DEBUG - Save line: T25 P25 X0 Y0 Z146.71938 A0 B0 C0 U0 V0 W0 D0 I0 J0 Q0 ;facemill 18mm 
2025-11-26 21:56:41,909 - QTvcp.QTVCP.QT_TSTAT - DEBUG - Save line: T25 P25 X0 Y0 Z170.56463 A0 B0 C0 U0 V0 W0 D0 I0 J0 Q0 ;2f 10mm 
2025-11-26 21:56:41,910 - QTvcp.QTVCP.QT_TSTAT - DEBUG - Save line: T26 P26 X0 Y0 Z117.47522 A0 B0 C0 U0 V0 W0 D3.17500 I0 J0 Q0 ;foam cutter 1/8' 
2025-11-26 21:56:41,911 - QTvcp.QTVCP.QT_TSTAT - DEBUG - Save line: T30 P30 X0 Y0 Z113.24574 A0 B0 C0 U0 V0 W0 D0 I0 J0 Q0 ;ball 6mm 2f china 
2025-11-26 21:56:41,912 - QTvcp.QTVCP.QT_TSTAT - DEBUG - Save line: T32 P32 X0 Y0 Z-61.60900 A0 B0 C0 U0 V0 W0 D0 I0 J0 Q0 ;ball 6mm china 
2025-11-26 21:56:41,912 - QTvcp.QTVCP.QT_TSTAT - DEBUG - Save line: T33 P33 X0 Y0 Z-73.35510 A0 B0 C0 U0 V0 W0 D0 I0 J0 Q0 ;r3 ball sorotec 
2025-11-26 21:56:41,913 - QTvcp.QTVCP.QT_TSTAT - DEBUG - Save line: T41 P41 X0 Y0 Z-98.95620 A0 B0 C0 U0 V0 W0 D0 I0 J0 Q0 ;drill 5mm sorotec 
2025-11-26 21:56:41,914 - QTvcp.QTVCP.QT_TSTAT - DEBUG - Save line: T42 P42 X0 Y0 Z-114.86100 A0 B0 C0 U0 V0 W0 D0 I0 J0 Q0 ;drill 2.5 
2025-11-26 21:56:41,915 - QTvcp.QTVCP.QT_TSTAT - DEBUG - Save line: T50 P50 X0 Y0 Z156.56460 A0 B0 C0 U0 V0 W0 D50.00000 I0 J0 Q0 ;face 50mm china 
2025-11-26 21:56:41,916 - QTvcp.QTVCP.QT_TSTAT - DEBUG - Save line: T51 P1 X0 Y0 Z128.86488 A0 B0 C0 U0 V0 W0 D16.00000 I0 J0 Q0 ;sorotec 16mm face mill 
2025-11-26 21:56:41,916 - QTvcp.QTVCP.QT_TSTAT - DEBUG - Save line: T52 P52 X0 Y0 Z147.24103 A0 B0 C0 U0 V0 W0 D35.00000 I0 J0 Q0 ;Face 35 wood 
2025-11-26 21:56:41,917 - QTvcp.QTVCP.QT_TSTAT - DEBUG - Save line: T60 P60 X0 Y0 Z0 A0 B0 C0 U0 V0 W0 D0 I0 J0 Q0 ;3f 90deg 6mm chamfer 
2025-11-26 21:56:41,918 - QTvcp.QTVCP.QT_TSTAT - DEBUG - Save line: T61 P4 X0 Y0 Z133.29438 A0 B0 C0 U0 V0 W0 D4.00000 I0 J0 Q0 ;thred m5-m8 sorotec 
2025-11-26 21:56:41,919 - QTvcp.QTVCP.QT_TSTAT - DEBUG - Save line: T62 P62 X0 Y0 Z130.74038 A0 B0 C0 U0 V0 W0 D0 I0 J0 Q0 ;chamfer 60 degree 
2025-11-26 21:56:41,920 - QTvcp.QTVCP.QT_TSTAT - DEBUG - Save line: T63 P63 X0 Y0 Z110.09987 A0 B0 C0 U0 V0 W0 D4.85000 I0 J0 Q0 ;thread m6 4.85 china 
2025-11-26 21:56:41,921 - QTvcp.QTVCP.QT_TSTAT - DEBUG - Save line: T90 P90 X0 Y0 Z0 A0 B0 C0 U0 V0 W0 D0 I0 J0 Q0 ;thread m4-m8 sorotec 
2025-11-26 21:56:41,922 - QTvcp.QTVCP.QT_TSTAT - DEBUG - Save line: T91 P91 X0 Y0 Z-118.47200 A0 B0 C0 U0 V0 W0 D0 I0 J0 Q0 ;thread m2-m4 sorotec 
2025-11-26 21:56:41,923 - QTvcp.QTVCP.QT_TSTAT - DEBUG - Save line: T99 P99 X0 Y0 Z164.94088 A0 B0 C0 U0 V0 W0 D2.00000 I0 J0 Q0 ;probe 
2025-11-26 21:56:41,952 - QTvcp.QTVCP.QT_ACTION - DEBUG - CALL_MDI Command: g43
2025-11-26 21:56:42,089 - QTvcp.QTVCP.WIDGETS.GCODE_GRAPHICS - DEBUG - reload the display: /home/zieluch/linuxcnc/configs/qthd_sorotec_cl0604/macros/rack_change.ngc
2025-11-26 21:56:42,264 - QTvcp.QTVCP.WIDGETS.ORIGIN_OFFSETVIEW - DEBUG - message returned:{'NAME': 'CALCULATOR', 'ID': 'tooloffsetview__', 'PRELOAD': -56.79, 'TITLE': 'Tool 24 Offset of Z,   -56.790', 'ITEM': <PyQt5.QtCore.QModelIndex object at 0x7f08acb9a030>, 'RETURN': 0.0}
2025-11-26 21:56:42,269 - QTvcp.QTVCP.WIDGETS.ORIGIN_OFFSETVIEW - DEBUG - message returned:{'NAME': 'CALCULATOR', 'ID': 'tooloffsetview__', 'PRELOAD': -56.79, 'TITLE': 'Tool 24 Offset of Z,   -56.790', 'ITEM': <PyQt5.QtCore.QModelIndex object at 0x7f08acb9a030>, 'RETURN': None}
2025-11-26 21:56:42,270 - QTvcp.QTVCP.WIDGETS.TOOL_OFFSETVIEW - DEBUG - message returned:{'NAME': 'CALCULATOR', 'ID': 'tooloffsetview__', 'PRELOAD': -56.79, 'TITLE': 'Tool 24 Offset of Z,   -56.790', 'ITEM': <PyQt5.QtCore.QModelIndex object at 0x7f08acb9a030>, 'RETURN': None}
2025-11-26 21:56:42,271 - QTvcp.QTVCP.WIDGETS.ORIGIN_OFFSETVIEW - DEBUG - message returned:{'NAME': 'CALCULATOR', 'ID': 'tooloffsetview__', 'PRELOAD': -56.79, 'TITLE': 'Tool 24 Offset of Z,   -56.790', 'ITEM': <PyQt5.QtCore.QModelIndex object at 0x7f08acb9a030>, 'RETURN': None}
2025-11-26 21:56:44,222 - QTvcp.QTVCP.WIDGETS.TOOL_OFFSETVIEW - DEBUG - Text:    -61.609, Row: 26, Column: 7
2025-11-26 21:56:44,227 - QTvcp.QTVCP.WIDGETS.TOOL_OFFSETVIEW - DEBUG - message sent:{'NAME': 'CALCULATOR', 'ID': 'tooloffsetview__', 'PRELOAD': -61.609, 'TITLE': 'Tool 32 Offset of Z,   -61.609', 'ITEM': <PyQt5.QtCore.QModelIndex object at 0x7f08aced3990>}
2025-11-26 21:56:50,799 - QTvcp.QTVCP.WIDGETS.DIALOGMIXIN - DEBUG - Saving CalculatorDialog-geometry data from widget  to file.
2025-11-26 21:56:51,034 - QTvcp.QTVCP.WIDGETS.DIALOG_WIDGET - DEBUG - Displayed value when accepted: 0.0
2025-11-26 21:56:51,035 - QTvcp.QTVCP.WIDGETS.ORIGIN_OFFSETVIEW - DEBUG - message returned:{'NAME': 'CALCULATOR', 'ID': 'tooloffsetview__', 'PRELOAD': -61.609, 'TITLE': 'Tool 32 Offset of Z,   -61.609', 'ITEM': <PyQt5.QtCore.QModelIndex object at 0x7f08aced3990>, 'RETURN': 0.0}
2025-11-26 21:56:51,035 - QTvcp.QTVCP.WIDGETS.TOOL_OFFSETVIEW - DEBUG - message returned:{'NAME': 'CALCULATOR', 'ID': 'tooloffsetview__', 'PRELOAD': -61.609, 'TITLE': 'Tool 32 Offset of Z,   -61.609', 'ITEM': <PyQt5.QtCore.QModelIndex object at 0x7f08aced3990>, 'RETURN': 0.0}
2025-11-26 21:56:51,036 - QTvcp.QTVCP.WIDGETS.TOOL_OFFSETVIEW - DEBUG - original value:-61.609
2025-11-26 21:56:51,036 - QTvcp.QTVCP.WIDGETS.TOOL_OFFSETVIEW - DEBUG - >>> setData() role = None
2025-11-26 21:56:51,036 - QTvcp.QTVCP.WIDGETS.TOOL_OFFSETVIEW - DEBUG - >>> setData() column() = 7
2025-11-26 21:56:51,036 - QTvcp.QTVCP.WIDGETS.TOOL_OFFSETVIEW - DEBUG - >>> setData() value = 0.0 
2025-11-26 21:56:51,037 - QTvcp.QTVCP.QT_TSTAT - DEBUG - converted line: [0, 0, 0.0, 0.0, 0.0, 0.0, 0.0, 0.0, 0.0, 0.0, 0.0, 0.0, 0.0, 0.0, 0, ' ']
2025-11-26 21:56:51,037 - QTvcp.QTVCP.QT_TSTAT - DEBUG - converted line: [1, 1, 0.0, 0.0, 136.95988, 0.0, 0.0, 0.0, 0.0, 0.0, 0.0, 6.0, 0.0, 0.0, 0, '6mm flat ']
2025-11-26 21:56:51,037 - QTvcp.QTVCP.QT_TSTAT - DEBUG - converted line: [2, 2, 0.0, 0.0, 149.35788, 0.0, 0.0, 0.0, 0.0, 0.0, 0.0, 6.0, 0.0, 0.0, 0, ' ']
2025-11-26 21:56:51,037 - QTvcp.QTVCP.QT_TSTAT - DEBUG - converted line: [3, 3, 0.0, 0.0, 132.70388, 0.0, 0.0, 0.0, 0.0, 0.0, 0.0, 6.0, 0.0, 0.0, 0, ' ']
2025-11-26 21:56:51,039 - QTvcp.QTVCP.QT_TSTAT - DEBUG - converted line: [4, 4, 0.0, 0.0, 142.73837, 0.0, 0.0, 0.0, 0.0, 0.0, 0.0, 6.0, 0.0, 0.0, 0, 'sorotec_3mm ball ']
2025-11-26 21:56:51,039 - QTvcp.QTVCP.QT_TSTAT - DEBUG - converted line: [5, 5, 0.0, 0.0, 129.80638, 0.0, 0.0, 0.0, 0.0, 0.0, 0.0, 6.0, 0.0, 0.0, 0, '3f chamfer mill ']
2025-11-26 21:56:51,040 - QTvcp.QTVCP.QT_TSTAT - DEBUG - converted line: [6, 6, 0.0, 0.0, 128.89087, 0.0, 0.0, 0.0, 0.0, 0.0, 0.0, 0.0, 0.0, 0.0, 0, '1/8 " 17mm ']
2025-11-26 21:56:51,041 - QTvcp.QTVCP.QT_TSTAT - DEBUG - converted line: [7, 7, 0.0, 0.0, 129.10137, 0.0, 0.0, 0.0, 0.0, 0.0, 0.0, 0.0, 0.0, 0.0, 0, '1f 6mm sorotec 25mm ']
2025-11-26 21:56:51,041 - QTvcp.QTVCP.QT_TSTAT - DEBUG - converted line: [9, 9, 0.0, 0.0, 0.0, 0.0, 0.0, 0.0, 0.0, 0.0, 0.0, 0.0, 0.0, 0.0, 0, '2mm flat ']
2025-11-26 21:56:51,042 - QTvcp.QTVCP.QT_TSTAT - DEBUG - converted line: [11, 11, 0.0, 0.0, 0.0, 0.0, 0.0, 0.0, 0.0, 0.0, 0.0, 5.0, 0.0, 0.0, 0, '5mm 4f china ']
2025-11-26 21:56:51,042 - QTvcp.QTVCP.QT_TSTAT - DEBUG - converted line: [12, 12, 0.0, 0.0, 0.0, 0.0, 0.0, 0.0, 0.0, 0.0, 0.0, 0.0, 0.0, 0.0, 0, 'sor_flat_2mm_8mm ']
2025-11-26 21:56:51,043 - QTvcp.QTVCP.QT_TSTAT - DEBUG - converted line: [13, 13, 0.0, 0.0, 0.0, 0.0, 0.0, 0.0, 0.0, 0.0, 0.0, 6.0, 0.0, 0.0, 0, 'flat/ 6mm pro alu 26mm ']
2025-11-26 21:56:51,043 - QTvcp.QTVCP.QT_TSTAT - DEBUG - converted line: [14, 14, 0.0, 0.0, 0.0, 0.0, 0.0, 0.0, 0.0, 0.0, 0.0, 0.0, 0.0, 0.0, 0, '6mm 2f china col ']
2025-11-26 21:56:51,044 - QTvcp.QTVCP.QT_TSTAT - DEBUG - converted line: [15, 1, 0.0, 0.0, 103.73574, 0.0, 0.0, 0.0, 0.0, 0.0, 0.0, 16.0, 0.0, 0.0, 0, 'face16 ']
2025-11-26 21:56:51,045 - QTvcp.QTVCP.QT_TSTAT - DEBUG - converted line: [16, 16, 0.0, 0.0, 123.37369, 0.0, 0.0, 0.0, 0.0, 0.0, 0.0, 0.0, 0.0, 0.0, 0, 'pro alu 3mm ']
2025-11-26 21:56:51,045 - QTvcp.QTVCP.QT_TSTAT - DEBUG - converted line: [17, 3, 0.0, 0.0, 109.85839, 0.0, 0.0, 0.0, 0.0, 0.0, 0.0, 4.0, 0.0, 0.0, 0, '1F 4mm 15mm ']
2025-11-26 21:56:51,046 - QTvcp.QTVCP.QT_TSTAT - DEBUG - converted line: [18, 18, 0.0, 0.0, 124.45137, 0.0, 0.0, 0.0, 0.0, 0.0, 0.0, 0.0, 0.0, 0.0, 0, '3mm flat sorotec ']
2025-11-26 21:56:51,046 - QTvcp.QTVCP.QT_TSTAT - DEBUG - converted line: [19, 19, 0.0, 0.0, 0.0, 0.0, 0.0, 0.0, 0.0, 0.0, 0.0, 2.0, 0.0, 0.0, 0, 'flat_por alu 2mm ']
2025-11-26 21:56:51,047 - QTvcp.QTVCP.QT_TSTAT - DEBUG - converted line: [21, 21, 0.0, 0.0, 0.0, 0.0, 0.0, 0.0, 0.0, 0.0, 0.0, 0.0, 0.0, 0.0, 0, 'ball end mill 6mm ']
2025-11-26 21:56:51,047 - QTvcp.QTVCP.QT_TSTAT - DEBUG - converted line: [22, 22, 0.0, 0.0, 0.0, 0.0, 0.0, 0.0, 0.0, 0.0, 0.0, 0.0, 0.0, 0.0, 0, '3f 4mm ']
2025-11-26 21:56:51,048 - QTvcp.QTVCP.QT_TSTAT - DEBUG - converted line: [23, 23, 0.0, 0.0, 0.0, 0.0, 0.0, 0.0, 0.0, 0.0, 0.0, 0.0, 0.0, 0.0, 0, '3f 6mm l25 coated china ']
2025-11-26 21:56:51,048 - QTvcp.QTVCP.QT_TSTAT - DEBUG - converted line: [24, 24, 0.0, 0.0, 0.0, 0.0, 0.0, 0.0, 0.0, 0.0, 0.0, 0.0, 0.0, 0.0, 0, '2f 6mm flat coated china ']
2025-11-26 21:56:51,049 - QTvcp.QTVCP.QT_TSTAT - DEBUG - converted line: [25, 25, 0.0, 0.0, 146.71938, 0.0, 0.0, 0.0, 0.0, 0.0, 0.0, 0.0, 0.0, 0.0, 0, 'facemill 18mm ']
2025-11-26 21:56:51,049 - QTvcp.QTVCP.QT_TSTAT - DEBUG - converted line: [25, 25, 0.0, 0.0, 170.56463, 0.0, 0.0, 0.0, 0.0, 0.0, 0.0, 0.0, 0.0, 0.0, 0, '2f 10mm ']
2025-11-26 21:56:51,050 - QTvcp.QTVCP.QT_TSTAT - DEBUG - converted line: [26, 26, 0.0, 0.0, 117.47522, 0.0, 0.0, 0.0, 0.0, 0.0, 0.0, 3.175, 0.0, 0.0, 0, "foam cutter 1/8' "]
2025-11-26 21:56:51,051 - QTvcp.QTVCP.QT_TSTAT - DEBUG - converted line: [30, 30, 0.0, 0.0, 113.24574, 0.0, 0.0, 0.0, 0.0, 0.0, 0.0, 0.0, 0.0, 0.0, 0, 'ball 6mm 2f china ']
2025-11-26 21:56:51,051 - QTvcp.QTVCP.QT_TSTAT - DEBUG - converted line: [32, 32, 0.0, 0.0, 0.0, 0.0, 0.0, 0.0, 0.0, 0.0, 0.0, 0.0, 0.0, 0.0, 0, 'ball 6mm china ']
2025-11-26 21:56:51,052 - QTvcp.QTVCP.QT_TSTAT - DEBUG - converted line: [33, 33, 0.0, 0.0, -73.3551, 0.0, 0.0, 0.0, 0.0, 0.0, 0.0, 0.0, 0.0, 0.0, 0, 'r3 ball sorotec ']
2025-11-26 21:56:51,052 - QTvcp.QTVCP.QT_TSTAT - DEBUG - converted line: [41, 41, 0.0, 0.0, -98.9562, 0.0, 0.0, 0.0, 0.0, 0.0, 0.0, 0.0, 0.0, 0.0, 0, 'drill 5mm sorotec ']
2025-11-26 21:56:51,053 - QTvcp.QTVCP.QT_TSTAT - DEBUG - converted line: [42, 42, 0.0, 0.0, -114.861, 0.0, 0.0, 0.0, 0.0, 0.0, 0.0, 0.0, 0.0, 0.0, 0, 'drill 2.5 ']
2025-11-26 21:56:51,054 - QTvcp.QTVCP.QT_TSTAT - DEBUG - converted line: [50, 50, 0.0, 0.0, 156.5646, 0.0, 0.0, 0.0, 0.0, 0.0, 0.0, 50.0, 0.0, 0.0, 0, 'face 50mm china ']
2025-11-26 21:56:51,055 - QTvcp.QTVCP.QT_TSTAT - DEBUG - converted line: [51, 1, 0.0, 0.0, 128.86488, 0.0, 0.0, 0.0, 0.0, 0.0, 0.0, 16.0, 0.0, 0.0, 0, 'sorotec 16mm face mill ']
2025-11-26 21:56:51,055 - QTvcp.QTVCP.QT_TSTAT - DEBUG - converted line: [52, 52, 0.0, 0.0, 147.24103, 0.0, 0.0, 0.0, 0.0, 0.0, 0.0, 35.0, 0.0, 0.0, 0, 'Face 35 wood ']
2025-11-26 21:56:51,056 - QTvcp.QTVCP.QT_TSTAT - DEBUG - converted line: [60, 60, 0.0, 0.0, 0.0, 0.0, 0.0, 0.0, 0.0, 0.0, 0.0, 0.0, 0.0, 0.0, 0, '3f 90deg 6mm chamfer ']
2025-11-26 21:56:51,057 - QTvcp.QTVCP.QT_TSTAT - DEBUG - converted line: [61, 4, 0.0, 0.0, 133.29438, 0.0, 0.0, 0.0, 0.0, 0.0, 0.0, 4.0, 0.0, 0.0, 0, 'thred m5-m8 sorotec ']
2025-11-26 21:56:51,057 - QTvcp.QTVCP.QT_TSTAT - DEBUG - converted line: [62, 62, 0.0, 0.0, 130.74038, 0.0, 0.0, 0.0, 0.0, 0.0, 0.0, 0.0, 0.0, 0.0, 0, 'chamfer 60 degree ']
2025-11-26 21:56:51,058 - QTvcp.QTVCP.QT_TSTAT - DEBUG - converted line: [63, 63, 0.0, 0.0, 110.09987, 0.0, 0.0, 0.0, 0.0, 0.0, 0.0, 4.85, 0.0, 0.0, 0, 'thread m6 4.85 china ']
2025-11-26 21:56:51,059 - QTvcp.QTVCP.QT_TSTAT - DEBUG - converted line: [90, 90, 0.0, 0.0, 0.0, 0.0, 0.0, 0.0, 0.0, 0.0, 0.0, 0.0, 0.0, 0.0, 0, 'thread m4-m8 sorotec ']
2025-11-26 21:56:51,060 - QTvcp.QTVCP.QT_TSTAT - DEBUG - converted line: [91, 91, 0.0, 0.0, -118.472, 0.0, 0.0, 0.0, 0.0, 0.0, 0.0, 0.0, 0.0, 0.0, 0, 'thread m2-m4 sorotec ']
2025-11-26 21:56:51,060 - QTvcp.QTVCP.QT_TSTAT - DEBUG - converted line: [99, 99, 0.0, 0.0, 164.94088, 0.0, 0.0, 0.0, 0.0, 0.0, 0.0, 2.0, 0.0, 0.0, 0, 'probe ']
2025-11-26 21:56:51,062 - QTvcp.QTVCP.QT_TSTAT - DEBUG - Save line: T0 P0 X0 Y0 Z0 A0 B0 C0 U0 V0 W0 D0 I0 J0 Q0 ; 
2025-11-26 21:56:51,063 - QTvcp.QTVCP.QT_TSTAT - DEBUG - Save line: T1 P1 X0 Y0 Z136.95988 A0 B0 C0 U0 V0 W0 D6.00000 I0 J0 Q0 ;6mm flat 
2025-11-26 21:56:51,064 - QTvcp.QTVCP.QT_TSTAT - DEBUG - Save line: T2 P2 X0 Y0 Z149.35788 A0 B0 C0 U0 V0 W0 D6.00000 I0 J0 Q0 ; 
2025-11-26 21:56:51,064 - QTvcp.QTVCP.QT_TSTAT - DEBUG - Save line: T3 P3 X0 Y0 Z132.70388 A0 B0 C0 U0 V0 W0 D6.00000 I0 J0 Q0 ; 
2025-11-26 21:56:51,065 - QTvcp.QTVCP.QT_TSTAT - DEBUG - Save line: T4 P4 X0 Y0 Z142.73837 A0 B0 C0 U0 V0 W0 D6.00000 I0 J0 Q0 ;sorotec_3mm ball 
2025-11-26 21:56:51,066 - QTvcp.QTVCP.QT_TSTAT - DEBUG - Save line: T5 P5 X0 Y0 Z129.80638 A0 B0 C0 U0 V0 W0 D6.00000 I0 J0 Q0 ;3f chamfer mill 
2025-11-26 21:56:51,067 - QTvcp.QTVCP.QT_TSTAT - DEBUG - Save line: T6 P6 X0 Y0 Z128.89087 A0 B0 C0 U0 V0 W0 D0 I0 J0 Q0 ;1/8 " 17mm 
2025-11-26 21:56:51,068 - QTvcp.QTVCP.QT_TSTAT - DEBUG - Save line: T7 P7 X0 Y0 Z129.10137 A0 B0 C0 U0 V0 W0 D0 I0 J0 Q0 ;1f 6mm sorotec 25mm 
2025-11-26 21:56:51,069 - QTvcp.QTVCP.QT_TSTAT - DEBUG - Save line: T9 P9 X0 Y0 Z0 A0 B0 C0 U0 V0 W0 D0 I0 J0 Q0 ;2mm flat 
2025-11-26 21:56:51,069 - QTvcp.QTVCP.QT_TSTAT - DEBUG - Save line: T11 P11 X0 Y0 Z0 A0 B0 C0 U0 V0 W0 D5.00000 I0 J0 Q0 ;5mm 4f china 
2025-11-26 21:56:51,071 - QTvcp.QTVCP.QT_TSTAT - DEBUG - Save line: T12 P12 X0 Y0 Z0 A0 B0 C0 U0 V0 W0 D0 I0 J0 Q0 ;sor_flat_2mm_8mm 
2025-11-26 21:56:51,072 - QTvcp.QTVCP.QT_TSTAT - DEBUG - Save line: T13 P13 X0 Y0 Z0 A0 B0 C0 U0 V0 W0 D6.00000 I0 J0 Q0 ;flat/ 6mm pro alu 26mm 
2025-11-26 21:56:51,073 - QTvcp.QTVCP.QT_TSTAT - DEBUG - Save line: T14 P14 X0 Y0 Z0 A0 B0 C0 U0 V0 W0 D0 I0 J0 Q0 ;6mm 2f china col 
2025-11-26 21:56:51,074 - QTvcp.QTVCP.QT_TSTAT - DEBUG - Save line: T15 P1 X0 Y0 Z103.73574 A0 B0 C0 U0 V0 W0 D16.00000 I0 J0 Q0 ;face16 
2025-11-26 21:56:51,075 - QTvcp.QTVCP.QT_TSTAT - DEBUG - Save line: T16 P16 X0 Y0 Z123.37369 A0 B0 C0 U0 V0 W0 D0 I0 J0 Q0 ;pro alu 3mm 
2025-11-26 21:56:51,076 - QTvcp.QTVCP.QT_TSTAT - DEBUG - Save line: T17 P3 X0 Y0 Z109.85839 A0 B0 C0 U0 V0 W0 D4.00000 I0 J0 Q0 ;1F 4mm 15mm 
2025-11-26 21:56:51,076 - QTvcp.QTVCP.QT_TSTAT - DEBUG - Save line: T18 P18 X0 Y0 Z124.45137 A0 B0 C0 U0 V0 W0 D0 I0 J0 Q0 ;3mm flat sorotec 
2025-11-26 21:56:51,077 - QTvcp.QTVCP.QT_TSTAT - DEBUG - Save line: T19 P19 X0 Y0 Z0 A0 B0 C0 U0 V0 W0 D2.00000 I0 J0 Q0 ;flat_por alu 2mm 
2025-11-26 21:56:51,078 - QTvcp.QTVCP.QT_TSTAT - DEBUG - Save line: T21 P21 X0 Y0 Z0 A0 B0 C0 U0 V0 W0 D0 I0 J0 Q0 ;ball end mill 6mm 
2025-11-26 21:56:51,079 - QTvcp.QTVCP.QT_TSTAT - DEBUG - Save line: T22 P22 X0 Y0 Z0 A0 B0 C0 U0 V0 W0 D0 I0 J0 Q0 ;3f 4mm 
2025-11-26 21:56:51,079 - QTvcp.QTVCP.QT_TSTAT - DEBUG - Save line: T23 P23 X0 Y0 Z0 A0 B0 C0 U0 V0 W0 D0 I0 J0 Q0 ;3f 6mm l25 coated china 
2025-11-26 21:56:51,080 - QTvcp.QTVCP.QT_TSTAT - DEBUG - Save line: T24 P24 X0 Y0 Z0 A0 B0 C0 U0 V0 W0 D0 I0 J0 Q0 ;2f 6mm flat coated china 
2025-11-26 21:56:51,081 - QTvcp.QTVCP.QT_TSTAT - DEBUG - Save line: T25 P25 X0 Y0 Z146.71938 A0 B0 C0 U0 V0 W0 D0 I0 J0 Q0 ;facemill 18mm 
2025-11-26 21:56:51,082 - QTvcp.QTVCP.QT_TSTAT - DEBUG - Save line: T25 P25 X0 Y0 Z170.56463 A0 B0 C0 U0 V0 W0 D0 I0 J0 Q0 ;2f 10mm 
2025-11-26 21:56:51,082 - QTvcp.QTVCP.QT_TSTAT - DEBUG - Save line: T26 P26 X0 Y0 Z117.47522 A0 B0 C0 U0 V0 W0 D3.17500 I0 J0 Q0 ;foam cutter 1/8' 
2025-11-26 21:56:51,083 - QTvcp.QTVCP.QT_TSTAT - DEBUG - Save line: T30 P30 X0 Y0 Z113.24574 A0 B0 C0 U0 V0 W0 D0 I0 J0 Q0 ;ball 6mm 2f china 
2025-11-26 21:56:51,084 - QTvcp.QTVCP.QT_TSTAT - DEBUG - Save line: T32 P32 X0 Y0 Z0 A0 B0 C0 U0 V0 W0 D0 I0 J0 Q0 ;ball 6mm china 
2025-11-26 21:56:51,085 - QTvcp.QTVCP.QT_TSTAT - DEBUG - Save line: T33 P33 X0 Y0 Z-73.35510 A0 B0 C0 U0 V0 W0 D0 I0 J0 Q0 ;r3 ball sorotec 
2025-11-26 21:56:51,086 - QTvcp.QTVCP.QT_TSTAT - DEBUG - Save line: T41 P41 X0 Y0 Z-98.95620 A0 B0 C0 U0 V0 W0 D0 I0 J0 Q0 ;drill 5mm sorotec 
2025-11-26 21:56:51,086 - QTvcp.QTVCP.QT_TSTAT - DEBUG - Save line: T42 P42 X0 Y0 Z-114.86100 A0 B0 C0 U0 V0 W0 D0 I0 J0 Q0 ;drill 2.5 
2025-11-26 21:56:51,088 - QTvcp.QTVCP.QT_TSTAT - DEBUG - Save line: T50 P50 X0 Y0 Z156.56460 A0 B0 C0 U0 V0 W0 D50.00000 I0 J0 Q0 ;face 50mm china 
2025-11-26 21:56:51,089 - QTvcp.QTVCP.QT_TSTAT - DEBUG - Save line: T51 P1 X0 Y0 Z128.86488 A0 B0 C0 U0 V0 W0 D16.00000 I0 J0 Q0 ;sorotec 16mm face mill 
2025-11-26 21:56:51,092 - QTvcp.QTVCP.QT_TSTAT - DEBUG - Save line: T52 P52 X0 Y0 Z147.24103 A0 B0 C0 U0 V0 W0 D35.00000 I0 J0 Q0 ;Face 35 wood 
2025-11-26 21:56:51,092 - QTvcp.QTVCP.QT_TSTAT - DEBUG - Save line: T60 P60 X0 Y0 Z0 A0 B0 C0 U0 V0 W0 D0 I0 J0 Q0 ;3f 90deg 6mm chamfer 
2025-11-26 21:56:51,093 - QTvcp.QTVCP.QT_TSTAT - DEBUG - Save line: T61 P4 X0 Y0 Z133.29438 A0 B0 C0 U0 V0 W0 D4.00000 I0 J0 Q0 ;thred m5-m8 sorotec 
2025-11-26 21:56:51,094 - QTvcp.QTVCP.QT_TSTAT - DEBUG - Save line: T62 P62 X0 Y0 Z130.74038 A0 B0 C0 U0 V0 W0 D0 I0 J0 Q0 ;chamfer 60 degree 
2025-11-26 21:56:51,095 - QTvcp.QTVCP.QT_TSTAT - DEBUG - Save line: T63 P63 X0 Y0 Z110.09987 A0 B0 C0 U0 V0 W0 D4.85000 I0 J0 Q0 ;thread m6 4.85 china 
2025-11-26 21:56:51,096 - QTvcp.QTVCP.QT_TSTAT - DEBUG - Save line: T90 P90 X0 Y0 Z0 A0 B0 C0 U0 V0 W0 D0 I0 J0 Q0 ;thread m4-m8 sorotec 
2025-11-26 21:56:51,096 - QTvcp.QTVCP.QT_TSTAT - DEBUG - Save line: T91 P91 X0 Y0 Z-118.47200 A0 B0 C0 U0 V0 W0 D0 I0 J0 Q0 ;thread m2-m4 sorotec 
2025-11-26 21:56:51,097 - QTvcp.QTVCP.QT_TSTAT - DEBUG - Save line: T99 P99 X0 Y0 Z164.94088 A0 B0 C0 U0 V0 W0 D2.00000 I0 J0 Q0 ;probe 
2025-11-26 21:56:51,127 - QTvcp.QTVCP.QT_ACTION - DEBUG - CALL_MDI Command: g43
2025-11-26 21:56:51,251 - QTvcp.QTVCP.WIDGETS.GCODE_GRAPHICS - DEBUG - reload the display: /home/zieluch/linuxcnc/configs/qthd_sorotec_cl0604/macros/rack_change.ngc
2025-11-26 21:56:51,288 - QTvcp.QTVCP.WIDGETS.ORIGIN_OFFSETVIEW - DEBUG - message returned:{'NAME': 'CALCULATOR', 'ID': 'tooloffsetview__', 'PRELOAD': -61.609, 'TITLE': 'Tool 32 Offset of Z,   -61.609', 'ITEM': <PyQt5.QtCore.QModelIndex object at 0x7f08aced3990>, 'RETURN': 0.0}
2025-11-26 21:56:51,289 - QTvcp.QTVCP.WIDGETS.ORIGIN_OFFSETVIEW - DEBUG - message returned:{'NAME': 'CALCULATOR', 'ID': 'tooloffsetview__', 'PRELOAD': -61.609, 'TITLE': 'Tool 32 Offset of Z,   -61.609', 'ITEM': <PyQt5.QtCore.QModelIndex object at 0x7f08aced3990>, 'RETURN': None}
2025-11-26 21:56:51,289 - QTvcp.QTVCP.WIDGETS.TOOL_OFFSETVIEW - DEBUG - message returned:{'NAME': 'CALCULATOR', 'ID': 'tooloffsetview__', 'PRELOAD': -61.609, 'TITLE': 'Tool 32 Offset of Z,   -61.609', 'ITEM': <PyQt5.QtCore.QModelIndex object at 0x7f08aced3990>, 'RETURN': None}
2025-11-26 21:56:51,290 - QTvcp.QTVCP.WIDGETS.ORIGIN_OFFSETVIEW - DEBUG - message returned:{'NAME': 'CALCULATOR', 'ID': 'tooloffsetview__', 'PRELOAD': -61.609, 'TITLE': 'Tool 32 Offset of Z,   -61.609', 'ITEM': <PyQt5.QtCore.QModelIndex object at 0x7f08aced3990>, 'RETURN': None}
2025-11-26 21:56:52,750 - QTvcp.QTVCP.WIDGETS.TOOL_OFFSETVIEW - DEBUG - Text:    -73.355, Row: 27, Column: 7
2025-11-26 21:56:52,752 - QTvcp.QTVCP.WIDGETS.TOOL_OFFSETVIEW - DEBUG - message sent:{'NAME': 'CALCULATOR', 'ID': 'tooloffsetview__', 'PRELOAD': -73.355, 'TITLE': 'Tool 33 Offset of Z,   -73.355', 'ITEM': <PyQt5.QtCore.QModelIndex object at 0x7f08acb99fc0>}
2025-11-26 21:56:55,656 - QTvcp.QTVCP.WIDGETS.DIALOGMIXIN - DEBUG - Saving CalculatorDialog-geometry data from widget  to file.
2025-11-26 21:56:55,951 - QTvcp.QTVCP.WIDGETS.DIALOG_WIDGET - DEBUG - Displayed value when accepted: 0.0
2025-11-26 21:56:55,955 - QTvcp.QTVCP.WIDGETS.ORIGIN_OFFSETVIEW - DEBUG - message returned:{'NAME': 'CALCULATOR', 'ID': 'tooloffsetview__', 'PRELOAD': -73.355, 'TITLE': 'Tool 33 Offset of Z,   -73.355', 'ITEM': <PyQt5.QtCore.QModelIndex object at 0x7f08acb99fc0>, 'RETURN': 0.0}
2025-11-26 21:56:55,956 - QTvcp.QTVCP.WIDGETS.TOOL_OFFSETVIEW - DEBUG - message returned:{'NAME': 'CALCULATOR', 'ID': 'tooloffsetview__', 'PRELOAD': -73.355, 'TITLE': 'Tool 33 Offset of Z,   -73.355', 'ITEM': <PyQt5.QtCore.QModelIndex object at 0x7f08acb99fc0>, 'RETURN': 0.0}
2025-11-26 21:56:55,957 - QTvcp.QTVCP.WIDGETS.TOOL_OFFSETVIEW - DEBUG - original value:-73.3551
2025-11-26 21:56:55,958 - QTvcp.QTVCP.WIDGETS.TOOL_OFFSETVIEW - DEBUG - >>> setData() role = None
2025-11-26 21:56:55,958 - QTvcp.QTVCP.WIDGETS.TOOL_OFFSETVIEW - DEBUG - >>> setData() column() = 7
2025-11-26 21:56:55,959 - QTvcp.QTVCP.WIDGETS.TOOL_OFFSETVIEW - DEBUG - >>> setData() value = 0.0 
2025-11-26 21:56:55,960 - QTvcp.QTVCP.QT_TSTAT - DEBUG - converted line: [0, 0, 0.0, 0.0, 0.0, 0.0, 0.0, 0.0, 0.0, 0.0, 0.0, 0.0, 0.0, 0.0, 0, ' ']
2025-11-26 21:56:55,960 - QTvcp.QTVCP.QT_TSTAT - DEBUG - converted line: [1, 1, 0.0, 0.0, 136.95988, 0.0, 0.0, 0.0, 0.0, 0.0, 0.0, 6.0, 0.0, 0.0, 0, '6mm flat ']
2025-11-26 21:56:55,964 - QTvcp.QTVCP.QT_TSTAT - DEBUG - converted line: [2, 2, 0.0, 0.0, 149.35788, 0.0, 0.0, 0.0, 0.0, 0.0, 0.0, 6.0, 0.0, 0.0, 0, ' ']
2025-11-26 21:56:55,965 - QTvcp.QTVCP.QT_TSTAT - DEBUG - converted line: [3, 3, 0.0, 0.0, 132.70388, 0.0, 0.0, 0.0, 0.0, 0.0, 0.0, 6.0, 0.0, 0.0, 0, ' ']
2025-11-26 21:56:55,966 - QTvcp.QTVCP.QT_TSTAT - DEBUG - converted line: [4, 4, 0.0, 0.0, 142.73837, 0.0, 0.0, 0.0, 0.0, 0.0, 0.0, 6.0, 0.0, 0.0, 0, 'sorotec_3mm ball ']
2025-11-26 21:56:55,966 - QTvcp.QTVCP.QT_TSTAT - DEBUG - converted line: [5, 5, 0.0, 0.0, 129.80638, 0.0, 0.0, 0.0, 0.0, 0.0, 0.0, 6.0, 0.0, 0.0, 0, '3f chamfer mill ']
2025-11-26 21:56:55,967 - QTvcp.QTVCP.QT_TSTAT - DEBUG - converted line: [6, 6, 0.0, 0.0, 128.89087, 0.0, 0.0, 0.0, 0.0, 0.0, 0.0, 0.0, 0.0, 0.0, 0, '1/8 " 17mm ']
2025-11-26 21:56:55,968 - QTvcp.QTVCP.QT_TSTAT - DEBUG - converted line: [7, 7, 0.0, 0.0, 129.10137, 0.0, 0.0, 0.0, 0.0, 0.0, 0.0, 0.0, 0.0, 0.0, 0, '1f 6mm sorotec 25mm ']
2025-11-26 21:56:55,968 - QTvcp.QTVCP.QT_TSTAT - DEBUG - converted line: [9, 9, 0.0, 0.0, 0.0, 0.0, 0.0, 0.0, 0.0, 0.0, 0.0, 0.0, 0.0, 0.0, 0, '2mm flat ']
2025-11-26 21:56:55,969 - QTvcp.QTVCP.QT_TSTAT - DEBUG - converted line: [11, 11, 0.0, 0.0, 0.0, 0.0, 0.0, 0.0, 0.0, 0.0, 0.0, 5.0, 0.0, 0.0, 0, '5mm 4f china ']
2025-11-26 21:56:55,969 - QTvcp.QTVCP.QT_TSTAT - DEBUG - converted line: [12, 12, 0.0, 0.0, 0.0, 0.0, 0.0, 0.0, 0.0, 0.0, 0.0, 0.0, 0.0, 0.0, 0, 'sor_flat_2mm_8mm ']
2025-11-26 21:56:55,970 - QTvcp.QTVCP.QT_TSTAT - DEBUG - converted line: [13, 13, 0.0, 0.0, 0.0, 0.0, 0.0, 0.0, 0.0, 0.0, 0.0, 6.0, 0.0, 0.0, 0, 'flat/ 6mm pro alu 26mm ']
2025-11-26 21:56:55,971 - QTvcp.QTVCP.QT_TSTAT - DEBUG - converted line: [14, 14, 0.0, 0.0, 0.0, 0.0, 0.0, 0.0, 0.0, 0.0, 0.0, 0.0, 0.0, 0.0, 0, '6mm 2f china col ']
2025-11-26 21:56:55,972 - QTvcp.QTVCP.QT_TSTAT - DEBUG - converted line: [15, 1, 0.0, 0.0, 103.73574, 0.0, 0.0, 0.0, 0.0, 0.0, 0.0, 16.0, 0.0, 0.0, 0, 'face16 ']
2025-11-26 21:56:55,975 - QTvcp.QTVCP.QT_TSTAT - DEBUG - converted line: [16, 16, 0.0, 0.0, 123.37369, 0.0, 0.0, 0.0, 0.0, 0.0, 0.0, 0.0, 0.0, 0.0, 0, 'pro alu 3mm ']
2025-11-26 21:56:55,975 - QTvcp.QTVCP.QT_TSTAT - DEBUG - converted line: [17, 3, 0.0, 0.0, 109.85839, 0.0, 0.0, 0.0, 0.0, 0.0, 0.0, 4.0, 0.0, 0.0, 0, '1F 4mm 15mm ']
2025-11-26 21:56:55,976 - QTvcp.QTVCP.QT_TSTAT - DEBUG - converted line: [18, 18, 0.0, 0.0, 124.45137, 0.0, 0.0, 0.0, 0.0, 0.0, 0.0, 0.0, 0.0, 0.0, 0, '3mm flat sorotec ']
2025-11-26 21:56:55,976 - QTvcp.QTVCP.QT_TSTAT - DEBUG - converted line: [19, 19, 0.0, 0.0, 0.0, 0.0, 0.0, 0.0, 0.0, 0.0, 0.0, 2.0, 0.0, 0.0, 0, 'flat_por alu 2mm ']
2025-11-26 21:56:55,977 - QTvcp.QTVCP.QT_TSTAT - DEBUG - converted line: [21, 21, 0.0, 0.0, 0.0, 0.0, 0.0, 0.0, 0.0, 0.0, 0.0, 0.0, 0.0, 0.0, 0, 'ball end mill 6mm ']
2025-11-26 21:56:55,978 - QTvcp.QTVCP.QT_TSTAT - DEBUG - converted line: [22, 22, 0.0, 0.0, 0.0, 0.0, 0.0, 0.0, 0.0, 0.0, 0.0, 0.0, 0.0, 0.0, 0, '3f 4mm ']
2025-11-26 21:56:55,979 - QTvcp.QTVCP.QT_TSTAT - DEBUG - converted line: [23, 23, 0.0, 0.0, 0.0, 0.0, 0.0, 0.0, 0.0, 0.0, 0.0, 0.0, 0.0, 0.0, 0, '3f 6mm l25 coated china ']
2025-11-26 21:56:55,979 - QTvcp.QTVCP.QT_TSTAT - DEBUG - converted line: [24, 24, 0.0, 0.0, 0.0, 0.0, 0.0, 0.0, 0.0, 0.0, 0.0, 0.0, 0.0, 0.0, 0, '2f 6mm flat coated china ']
2025-11-26 21:56:55,980 - QTvcp.QTVCP.QT_TSTAT - DEBUG - converted line: [25, 25, 0.0, 0.0, 146.71938, 0.0, 0.0, 0.0, 0.0, 0.0, 0.0, 0.0, 0.0, 0.0, 0, 'facemill 18mm ']
2025-11-26 21:56:55,984 - QTvcp.QTVCP.QT_TSTAT - DEBUG - converted line: [25, 25, 0.0, 0.0, 170.56463, 0.0, 0.0, 0.0, 0.0, 0.0, 0.0, 0.0, 0.0, 0.0, 0, '2f 10mm ']
2025-11-26 21:56:55,985 - QTvcp.QTVCP.QT_TSTAT - DEBUG - converted line: [26, 26, 0.0, 0.0, 117.47522, 0.0, 0.0, 0.0, 0.0, 0.0, 0.0, 3.175, 0.0, 0.0, 0, "foam cutter 1/8' "]
2025-11-26 21:56:55,986 - QTvcp.QTVCP.QT_TSTAT - DEBUG - converted line: [30, 30, 0.0, 0.0, 113.24574, 0.0, 0.0, 0.0, 0.0, 0.0, 0.0, 0.0, 0.0, 0.0, 0, 'ball 6mm 2f china ']
2025-11-26 21:56:55,986 - QTvcp.QTVCP.QT_TSTAT - DEBUG - converted line: [32, 32, 0.0, 0.0, 0.0, 0.0, 0.0, 0.0, 0.0, 0.0, 0.0, 0.0, 0.0, 0.0, 0, 'ball 6mm china ']
2025-11-26 21:56:55,987 - QTvcp.QTVCP.QT_TSTAT - DEBUG - converted line: [33, 33, 0.0, 0.0, 0.0, 0.0, 0.0, 0.0, 0.0, 0.0, 0.0, 0.0, 0.0, 0.0, 0, 'r3 ball sorotec ']
2025-11-26 21:56:55,988 - QTvcp.QTVCP.QT_TSTAT - DEBUG - converted line: [41, 41, 0.0, 0.0, -98.9562, 0.0, 0.0, 0.0, 0.0, 0.0, 0.0, 0.0, 0.0, 0.0, 0, 'drill 5mm sorotec ']
2025-11-26 21:56:55,989 - QTvcp.QTVCP.QT_TSTAT - DEBUG - converted line: [42, 42, 0.0, 0.0, -114.861, 0.0, 0.0, 0.0, 0.0, 0.0, 0.0, 0.0, 0.0, 0.0, 0, 'drill 2.5 ']
2025-11-26 21:56:55,992 - QTvcp.QTVCP.QT_TSTAT - DEBUG - converted line: [50, 50, 0.0, 0.0, 156.5646, 0.0, 0.0, 0.0, 0.0, 0.0, 0.0, 50.0, 0.0, 0.0, 0, 'face 50mm china ']
2025-11-26 21:56:55,993 - QTvcp.QTVCP.QT_TSTAT - DEBUG - converted line: [51, 1, 0.0, 0.0, 128.86488, 0.0, 0.0, 0.0, 0.0, 0.0, 0.0, 16.0, 0.0, 0.0, 0, 'sorotec 16mm face mill ']
2025-11-26 21:56:55,993 - QTvcp.QTVCP.QT_TSTAT - DEBUG - converted line: [52, 52, 0.0, 0.0, 147.24103, 0.0, 0.0, 0.0, 0.0, 0.0, 0.0, 35.0, 0.0, 0.0, 0, 'Face 35 wood ']
2025-11-26 21:56:55,994 - QTvcp.QTVCP.QT_TSTAT - DEBUG - converted line: [60, 60, 0.0, 0.0, 0.0, 0.0, 0.0, 0.0, 0.0, 0.0, 0.0, 0.0, 0.0, 0.0, 0, '3f 90deg 6mm chamfer ']
2025-11-26 21:56:55,995 - QTvcp.QTVCP.QT_TSTAT - DEBUG - converted line: [61, 4, 0.0, 0.0, 133.29438, 0.0, 0.0, 0.0, 0.0, 0.0, 0.0, 4.0, 0.0, 0.0, 0, 'thred m5-m8 sorotec ']
2025-11-26 21:56:55,996 - QTvcp.QTVCP.QT_TSTAT - DEBUG - converted line: [62, 62, 0.0, 0.0, 130.74038, 0.0, 0.0, 0.0, 0.0, 0.0, 0.0, 0.0, 0.0, 0.0, 0, 'chamfer 60 degree ']
2025-11-26 21:56:55,997 - QTvcp.QTVCP.QT_TSTAT - DEBUG - converted line: [63, 63, 0.0, 0.0, 110.09987, 0.0, 0.0, 0.0, 0.0, 0.0, 0.0, 4.85, 0.0, 0.0, 0, 'thread m6 4.85 china ']
2025-11-26 21:56:55,998 - QTvcp.QTVCP.QT_TSTAT - DEBUG - converted line: [90, 90, 0.0, 0.0, 0.0, 0.0, 0.0, 0.0, 0.0, 0.0, 0.0, 0.0, 0.0, 0.0, 0, 'thread m4-m8 sorotec ']
2025-11-26 21:56:55,998 - QTvcp.QTVCP.QT_TSTAT - DEBUG - converted line: [91, 91, 0.0, 0.0, -118.472, 0.0, 0.0, 0.0, 0.0, 0.0, 0.0, 0.0, 0.0, 0.0, 0, 'thread m2-m4 sorotec ']
2025-11-26 21:56:55,999 - QTvcp.QTVCP.QT_TSTAT - DEBUG - converted line: [99, 99, 0.0, 0.0, 164.94088, 0.0, 0.0, 0.0, 0.0, 0.0, 0.0, 2.0, 0.0, 0.0, 0, 'probe ']
2025-11-26 21:56:56,001 - QTvcp.QTVCP.QT_TSTAT - DEBUG - Save line: T0 P0 X0 Y0 Z0 A0 B0 C0 U0 V0 W0 D0 I0 J0 Q0 ; 
2025-11-26 21:56:56,004 - QTvcp.QTVCP.QT_TSTAT - DEBUG - Save line: T1 P1 X0 Y0 Z136.95988 A0 B0 C0 U0 V0 W0 D6.00000 I0 J0 Q0 ;6mm flat 
2025-11-26 21:56:56,005 - QTvcp.QTVCP.QT_TSTAT - DEBUG - Save line: T2 P2 X0 Y0 Z149.35788 A0 B0 C0 U0 V0 W0 D6.00000 I0 J0 Q0 ; 
2025-11-26 21:56:56,006 - QTvcp.QTVCP.QT_TSTAT - DEBUG - Save line: T3 P3 X0 Y0 Z132.70388 A0 B0 C0 U0 V0 W0 D6.00000 I0 J0 Q0 ; 
2025-11-26 21:56:56,007 - QTvcp.QTVCP.QT_TSTAT - DEBUG - Save line: T4 P4 X0 Y0 Z142.73837 A0 B0 C0 U0 V0 W0 D6.00000 I0 J0 Q0 ;sorotec_3mm ball 
2025-11-26 21:56:56,008 - QTvcp.QTVCP.QT_TSTAT - DEBUG - Save line: T5 P5 X0 Y0 Z129.80638 A0 B0 C0 U0 V0 W0 D6.00000 I0 J0 Q0 ;3f chamfer mill 
2025-11-26 21:56:56,009 - QTvcp.QTVCP.QT_TSTAT - DEBUG - Save line: T6 P6 X0 Y0 Z128.89087 A0 B0 C0 U0 V0 W0 D0 I0 J0 Q0 ;1/8 " 17mm 
2025-11-26 21:56:56,009 - QTvcp.QTVCP.QT_TSTAT - DEBUG - Save line: T7 P7 X0 Y0 Z129.10137 A0 B0 C0 U0 V0 W0 D0 I0 J0 Q0 ;1f 6mm sorotec 25mm 
2025-11-26 21:56:56,010 - QTvcp.QTVCP.QT_TSTAT - DEBUG - Save line: T9 P9 X0 Y0 Z0 A0 B0 C0 U0 V0 W0 D0 I0 J0 Q0 ;2mm flat 
2025-11-26 21:56:56,011 - QTvcp.QTVCP.QT_TSTAT - DEBUG - Save line: T11 P11 X0 Y0 Z0 A0 B0 C0 U0 V0 W0 D5.00000 I0 J0 Q0 ;5mm 4f china 
2025-11-26 21:56:56,014 - QTvcp.QTVCP.QT_TSTAT - DEBUG - Save line: T12 P12 X0 Y0 Z0 A0 B0 C0 U0 V0 W0 D0 I0 J0 Q0 ;sor_flat_2mm_8mm 
2025-11-26 21:56:56,015 - QTvcp.QTVCP.QT_TSTAT - DEBUG - Save line: T13 P13 X0 Y0 Z0 A0 B0 C0 U0 V0 W0 D6.00000 I0 J0 Q0 ;flat/ 6mm pro alu 26mm 
2025-11-26 21:56:56,015 - QTvcp.QTVCP.QT_TSTAT - DEBUG - Save line: T14 P14 X0 Y0 Z0 A0 B0 C0 U0 V0 W0 D0 I0 J0 Q0 ;6mm 2f china col 
2025-11-26 21:56:56,016 - QTvcp.QTVCP.QT_TSTAT - DEBUG - Save line: T15 P1 X0 Y0 Z103.73574 A0 B0 C0 U0 V0 W0 D16.00000 I0 J0 Q0 ;face16 
2025-11-26 21:56:56,017 - QTvcp.QTVCP.QT_TSTAT - DEBUG - Save line: T16 P16 X0 Y0 Z123.37369 A0 B0 C0 U0 V0 W0 D0 I0 J0 Q0 ;pro alu 3mm 
2025-11-26 21:56:56,018 - QTvcp.QTVCP.QT_TSTAT - DEBUG - Save line: T17 P3 X0 Y0 Z109.85839 A0 B0 C0 U0 V0 W0 D4.00000 I0 J0 Q0 ;1F 4mm 15mm 
2025-11-26 21:56:56,019 - QTvcp.QTVCP.QT_TSTAT - DEBUG - Save line: T18 P18 X0 Y0 Z124.45137 A0 B0 C0 U0 V0 W0 D0 I0 J0 Q0 ;3mm flat sorotec 
2025-11-26 21:56:56,020 - QTvcp.QTVCP.QT_TSTAT - DEBUG - Save line: T19 P19 X0 Y0 Z0 A0 B0 C0 U0 V0 W0 D2.00000 I0 J0 Q0 ;flat_por alu 2mm 
2025-11-26 21:56:56,022 - QTvcp.QTVCP.QT_TSTAT - DEBUG - Save line: T21 P21 X0 Y0 Z0 A0 B0 C0 U0 V0 W0 D0 I0 J0 Q0 ;ball end mill 6mm 
2025-11-26 21:56:56,023 - QTvcp.QTVCP.QT_TSTAT - DEBUG - Save line: T22 P22 X0 Y0 Z0 A0 B0 C0 U0 V0 W0 D0 I0 J0 Q0 ;3f 4mm 
2025-11-26 21:56:56,024 - QTvcp.QTVCP.QT_TSTAT - DEBUG - Save line: T23 P23 X0 Y0 Z0 A0 B0 C0 U0 V0 W0 D0 I0 J0 Q0 ;3f 6mm l25 coated china 
2025-11-26 21:56:56,024 - QTvcp.QTVCP.QT_TSTAT - DEBUG - Save line: T24 P24 X0 Y0 Z0 A0 B0 C0 U0 V0 W0 D0 I0 J0 Q0 ;2f 6mm flat coated china 
2025-11-26 21:56:56,025 - QTvcp.QTVCP.QT_TSTAT - DEBUG - Save line: T25 P25 X0 Y0 Z146.71938 A0 B0 C0 U0 V0 W0 D0 I0 J0 Q0 ;facemill 18mm 
2025-11-26 21:56:56,026 - QTvcp.QTVCP.QT_TSTAT - DEBUG - Save line: T25 P25 X0 Y0 Z170.56463 A0 B0 C0 U0 V0 W0 D0 I0 J0 Q0 ;2f 10mm 
2025-11-26 21:56:56,027 - QTvcp.QTVCP.QT_TSTAT - DEBUG - Save line: T26 P26 X0 Y0 Z117.47522 A0 B0 C0 U0 V0 W0 D3.17500 I0 J0 Q0 ;foam cutter 1/8' 
2025-11-26 21:56:56,029 - QTvcp.QTVCP.QT_TSTAT - DEBUG - Save line: T30 P30 X0 Y0 Z113.24574 A0 B0 C0 U0 V0 W0 D0 I0 J0 Q0 ;ball 6mm 2f china 
2025-11-26 21:56:56,030 - QTvcp.QTVCP.QT_TSTAT - DEBUG - Save line: T32 P32 X0 Y0 Z0 A0 B0 C0 U0 V0 W0 D0 I0 J0 Q0 ;ball 6mm china 
2025-11-26 21:56:56,031 - QTvcp.QTVCP.QT_TSTAT - DEBUG - Save line: T33 P33 X0 Y0 Z0 A0 B0 C0 U0 V0 W0 D0 I0 J0 Q0 ;r3 ball sorotec 
2025-11-26 21:56:56,032 - QTvcp.QTVCP.QT_TSTAT - DEBUG - Save line: T41 P41 X0 Y0 Z-98.95620 A0 B0 C0 U0 V0 W0 D0 I0 J0 Q0 ;drill 5mm sorotec 
2025-11-26 21:56:56,033 - QTvcp.QTVCP.QT_TSTAT - DEBUG - Save line: T42 P42 X0 Y0 Z-114.86100 A0 B0 C0 U0 V0 W0 D0 I0 J0 Q0 ;drill 2.5 
2025-11-26 21:56:56,034 - QTvcp.QTVCP.QT_TSTAT - DEBUG - Save line: T50 P50 X0 Y0 Z156.56460 A0 B0 C0 U0 V0 W0 D50.00000 I0 J0 Q0 ;face 50mm china 
2025-11-26 21:56:56,035 - QTvcp.QTVCP.QT_TSTAT - DEBUG - Save line: T51 P1 X0 Y0 Z128.86488 A0 B0 C0 U0 V0 W0 D16.00000 I0 J0 Q0 ;sorotec 16mm face mill 
2025-11-26 21:56:56,036 - QTvcp.QTVCP.QT_TSTAT - DEBUG - Save line: T52 P52 X0 Y0 Z147.24103 A0 B0 C0 U0 V0 W0 D35.00000 I0 J0 Q0 ;Face 35 wood 
2025-11-26 21:56:56,038 - QTvcp.QTVCP.QT_TSTAT - DEBUG - Save line: T60 P60 X0 Y0 Z0 A0 B0 C0 U0 V0 W0 D0 I0 J0 Q0 ;3f 90deg 6mm chamfer 
2025-11-26 21:56:56,039 - QTvcp.QTVCP.QT_TSTAT - DEBUG - Save line: T61 P4 X0 Y0 Z133.29438 A0 B0 C0 U0 V0 W0 D4.00000 I0 J0 Q0 ;thred m5-m8 sorotec 
2025-11-26 21:56:56,040 - QTvcp.QTVCP.QT_TSTAT - DEBUG - Save line: T62 P62 X0 Y0 Z130.74038 A0 B0 C0 U0 V0 W0 D0 I0 J0 Q0 ;chamfer 60 degree 
2025-11-26 21:56:56,041 - QTvcp.QTVCP.QT_TSTAT - DEBUG - Save line: T63 P63 X0 Y0 Z110.09987 A0 B0 C0 U0 V0 W0 D4.85000 I0 J0 Q0 ;thread m6 4.85 china 
2025-11-26 21:56:56,042 - QTvcp.QTVCP.QT_TSTAT - DEBUG - Save line: T90 P90 X0 Y0 Z0 A0 B0 C0 U0 V0 W0 D0 I0 J0 Q0 ;thread m4-m8 sorotec 
2025-11-26 21:56:56,043 - QTvcp.QTVCP.QT_TSTAT - DEBUG - Save line: T91 P91 X0 Y0 Z-118.47200 A0 B0 C0 U0 V0 W0 D0 I0 J0 Q0 ;thread m2-m4 sorotec 
2025-11-26 21:56:56,044 - QTvcp.QTVCP.QT_TSTAT - DEBUG - Save line: T99 P99 X0 Y0 Z164.94088 A0 B0 C0 U0 V0 W0 D2.00000 I0 J0 Q0 ;probe 
2025-11-26 21:56:56,070 - QTvcp.QTVCP.QT_ACTION - DEBUG - CALL_MDI Command: g43
2025-11-26 21:56:56,204 - QTvcp.QTVCP.WIDGETS.GCODE_GRAPHICS - DEBUG - reload the display: /home/zieluch/linuxcnc/configs/qthd_sorotec_cl0604/macros/rack_change.ngc
2025-11-26 21:56:56,285 - QTvcp.QTVCP.WIDGETS.ORIGIN_OFFSETVIEW - DEBUG - message returned:{'NAME': 'CALCULATOR', 'ID': 'tooloffsetview__', 'PRELOAD': -73.355, 'TITLE': 'Tool 33 Offset of Z,   -73.355', 'ITEM': <PyQt5.QtCore.QModelIndex object at 0x7f08acb99fc0>, 'RETURN': 0.0}
2025-11-26 21:56:56,289 - QTvcp.QTVCP.WIDGETS.ORIGIN_OFFSETVIEW - DEBUG - message returned:{'NAME': 'CALCULATOR', 'ID': 'tooloffsetview__', 'PRELOAD': -73.355, 'TITLE': 'Tool 33 Offset of Z,   -73.355', 'ITEM': <PyQt5.QtCore.QModelIndex object at 0x7f08acb99fc0>, 'RETURN': None}
2025-11-26 21:56:56,290 - QTvcp.QTVCP.WIDGETS.TOOL_OFFSETVIEW - DEBUG - message returned:{'NAME': 'CALCULATOR', 'ID': 'tooloffsetview__', 'PRELOAD': -73.355, 'TITLE': 'Tool 33 Offset of Z,   -73.355', 'ITEM': <PyQt5.QtCore.QModelIndex object at 0x7f08acb99fc0>, 'RETURN': None}
2025-11-26 21:56:56,291 - QTvcp.QTVCP.WIDGETS.ORIGIN_OFFSETVIEW - DEBUG - message returned:{'NAME': 'CALCULATOR', 'ID': 'tooloffsetview__', 'PRELOAD': -73.355, 'TITLE': 'Tool 33 Offset of Z,   -73.355', 'ITEM': <PyQt5.QtCore.QModelIndex object at 0x7f08acb99fc0>, 'RETURN': None}
2025-11-26 21:56:57,335 - QTvcp.QTVCP.WIDGETS.TOOL_OFFSETVIEW - DEBUG - Text:    -98.956, Row: 28, Column: 7
2025-11-26 21:56:57,335 - QTvcp.QTVCP.WIDGETS.TOOL_OFFSETVIEW - DEBUG - message sent:{'NAME': 'CALCULATOR', 'ID': 'tooloffsetview__', 'PRELOAD': -98.956, 'TITLE': 'Tool 41 Offset of Z,   -98.956', 'ITEM': <PyQt5.QtCore.QModelIndex object at 0x7f08aced3ca0>}
2025-11-26 21:57:00,144 - QTvcp.QTVCP.WIDGETS.DIALOGMIXIN - DEBUG - Saving CalculatorDialog-geometry data from widget  to file.
2025-11-26 21:57:00,381 - QTvcp.QTVCP.WIDGETS.DIALOG_WIDGET - DEBUG - Displayed value when accepted: 0.0
2025-11-26 21:57:00,382 - QTvcp.QTVCP.WIDGETS.ORIGIN_OFFSETVIEW - DEBUG - message returned:{'NAME': 'CALCULATOR', 'ID': 'tooloffsetview__', 'PRELOAD': -98.956, 'TITLE': 'Tool 41 Offset of Z,   -98.956', 'ITEM': <PyQt5.QtCore.QModelIndex object at 0x7f08aced3ca0>, 'RETURN': 0.0}
2025-11-26 21:57:00,383 - QTvcp.QTVCP.WIDGETS.TOOL_OFFSETVIEW - DEBUG - message returned:{'NAME': 'CALCULATOR', 'ID': 'tooloffsetview__', 'PRELOAD': -98.956, 'TITLE': 'Tool 41 Offset of Z,   -98.956', 'ITEM': <PyQt5.QtCore.QModelIndex object at 0x7f08aced3ca0>, 'RETURN': 0.0}
2025-11-26 21:57:00,383 - QTvcp.QTVCP.WIDGETS.TOOL_OFFSETVIEW - DEBUG - original value:-98.9562
2025-11-26 21:57:00,384 - QTvcp.QTVCP.WIDGETS.TOOL_OFFSETVIEW - DEBUG - >>> setData() role = None
2025-11-26 21:57:00,384 - QTvcp.QTVCP.WIDGETS.TOOL_OFFSETVIEW - DEBUG - >>> setData() column() = 7
2025-11-26 21:57:00,385 - QTvcp.QTVCP.WIDGETS.TOOL_OFFSETVIEW - DEBUG - >>> setData() value = 0.0 
2025-11-26 21:57:00,385 - QTvcp.QTVCP.QT_TSTAT - DEBUG - converted line: [0, 0, 0.0, 0.0, 0.0, 0.0, 0.0, 0.0, 0.0, 0.0, 0.0, 0.0, 0.0, 0.0, 0, ' ']
2025-11-26 21:57:00,386 - QTvcp.QTVCP.QT_TSTAT - DEBUG - converted line: [1, 1, 0.0, 0.0, 136.95988, 0.0, 0.0, 0.0, 0.0, 0.0, 0.0, 6.0, 0.0, 0.0, 0, '6mm flat ']
2025-11-26 21:57:00,387 - QTvcp.QTVCP.QT_TSTAT - DEBUG - converted line: [2, 2, 0.0, 0.0, 149.35788, 0.0, 0.0, 0.0, 0.0, 0.0, 0.0, 6.0, 0.0, 0.0, 0, ' ']
2025-11-26 21:57:00,387 - QTvcp.QTVCP.QT_TSTAT - DEBUG - converted line: [3, 3, 0.0, 0.0, 132.70388, 0.0, 0.0, 0.0, 0.0, 0.0, 0.0, 6.0, 0.0, 0.0, 0, ' ']
2025-11-26 21:57:00,388 - QTvcp.QTVCP.QT_TSTAT - DEBUG - converted line: [4, 4, 0.0, 0.0, 142.73837, 0.0, 0.0, 0.0, 0.0, 0.0, 0.0, 6.0, 0.0, 0.0, 0, 'sorotec_3mm ball ']
2025-11-26 21:57:00,389 - QTvcp.QTVCP.QT_TSTAT - DEBUG - converted line: [5, 5, 0.0, 0.0, 129.80638, 0.0, 0.0, 0.0, 0.0, 0.0, 0.0, 6.0, 0.0, 0.0, 0, '3f chamfer mill ']
2025-11-26 21:57:00,389 - QTvcp.QTVCP.QT_TSTAT - DEBUG - converted line: [6, 6, 0.0, 0.0, 128.89087, 0.0, 0.0, 0.0, 0.0, 0.0, 0.0, 0.0, 0.0, 0.0, 0, '1/8 " 17mm ']
2025-11-26 21:57:00,390 - QTvcp.QTVCP.QT_TSTAT - DEBUG - converted line: [7, 7, 0.0, 0.0, 129.10137, 0.0, 0.0, 0.0, 0.0, 0.0, 0.0, 0.0, 0.0, 0.0, 0, '1f 6mm sorotec 25mm ']
2025-11-26 21:57:00,390 - QTvcp.QTVCP.QT_TSTAT - DEBUG - converted line: [9, 9, 0.0, 0.0, 0.0, 0.0, 0.0, 0.0, 0.0, 0.0, 0.0, 0.0, 0.0, 0.0, 0, '2mm flat ']
2025-11-26 21:57:00,391 - QTvcp.QTVCP.QT_TSTAT - DEBUG - converted line: [11, 11, 0.0, 0.0, 0.0, 0.0, 0.0, 0.0, 0.0, 0.0, 0.0, 5.0, 0.0, 0.0, 0, '5mm 4f china ']
2025-11-26 21:57:00,392 - QTvcp.QTVCP.QT_TSTAT - DEBUG - converted line: [12, 12, 0.0, 0.0, 0.0, 0.0, 0.0, 0.0, 0.0, 0.0, 0.0, 0.0, 0.0, 0.0, 0, 'sor_flat_2mm_8mm ']
2025-11-26 21:57:00,392 - QTvcp.QTVCP.QT_TSTAT - DEBUG - converted line: [13, 13, 0.0, 0.0, 0.0, 0.0, 0.0, 0.0, 0.0, 0.0, 0.0, 6.0, 0.0, 0.0, 0, 'flat/ 6mm pro alu 26mm ']
2025-11-26 21:57:00,393 - QTvcp.QTVCP.QT_TSTAT - DEBUG - converted line: [14, 14, 0.0, 0.0, 0.0, 0.0, 0.0, 0.0, 0.0, 0.0, 0.0, 0.0, 0.0, 0.0, 0, '6mm 2f china col ']
2025-11-26 21:57:00,394 - QTvcp.QTVCP.QT_TSTAT - DEBUG - converted line: [15, 1, 0.0, 0.0, 103.73574, 0.0, 0.0, 0.0, 0.0, 0.0, 0.0, 16.0, 0.0, 0.0, 0, 'face16 ']
2025-11-26 21:57:00,394 - QTvcp.QTVCP.QT_TSTAT - DEBUG - converted line: [16, 16, 0.0, 0.0, 123.37369, 0.0, 0.0, 0.0, 0.0, 0.0, 0.0, 0.0, 0.0, 0.0, 0, 'pro alu 3mm ']
2025-11-26 21:57:00,395 - QTvcp.QTVCP.QT_TSTAT - DEBUG - converted line: [17, 3, 0.0, 0.0, 109.85839, 0.0, 0.0, 0.0, 0.0, 0.0, 0.0, 4.0, 0.0, 0.0, 0, '1F 4mm 15mm ']
2025-11-26 21:57:00,395 - QTvcp.QTVCP.QT_TSTAT - DEBUG - converted line: [18, 18, 0.0, 0.0, 124.45137, 0.0, 0.0, 0.0, 0.0, 0.0, 0.0, 0.0, 0.0, 0.0, 0, '3mm flat sorotec ']
2025-11-26 21:57:00,396 - QTvcp.QTVCP.QT_TSTAT - DEBUG - converted line: [19, 19, 0.0, 0.0, 0.0, 0.0, 0.0, 0.0, 0.0, 0.0, 0.0, 2.0, 0.0, 0.0, 0, 'flat_por alu 2mm ']
2025-11-26 21:57:00,397 - QTvcp.QTVCP.QT_TSTAT - DEBUG - converted line: [21, 21, 0.0, 0.0, 0.0, 0.0, 0.0, 0.0, 0.0, 0.0, 0.0, 0.0, 0.0, 0.0, 0, 'ball end mill 6mm ']
2025-11-26 21:57:00,397 - QTvcp.QTVCP.QT_TSTAT - DEBUG - converted line: [22, 22, 0.0, 0.0, 0.0, 0.0, 0.0, 0.0, 0.0, 0.0, 0.0, 0.0, 0.0, 0.0, 0, '3f 4mm ']
2025-11-26 21:57:00,398 - QTvcp.QTVCP.QT_TSTAT - DEBUG - converted line: [23, 23, 0.0, 0.0, 0.0, 0.0, 0.0, 0.0, 0.0, 0.0, 0.0, 0.0, 0.0, 0.0, 0, '3f 6mm l25 coated china ']
2025-11-26 21:57:00,398 - QTvcp.QTVCP.QT_TSTAT - DEBUG - converted line: [24, 24, 0.0, 0.0, 0.0, 0.0, 0.0, 0.0, 0.0, 0.0, 0.0, 0.0, 0.0, 0.0, 0, '2f 6mm flat coated china ']
2025-11-26 21:57:00,399 - QTvcp.QTVCP.QT_TSTAT - DEBUG - converted line: [25, 25, 0.0, 0.0, 146.71938, 0.0, 0.0, 0.0, 0.0, 0.0, 0.0, 0.0, 0.0, 0.0, 0, 'facemill 18mm ']
2025-11-26 21:57:00,400 - QTvcp.QTVCP.QT_TSTAT - DEBUG - converted line: [25, 25, 0.0, 0.0, 170.56463, 0.0, 0.0, 0.0, 0.0, 0.0, 0.0, 0.0, 0.0, 0.0, 0, '2f 10mm ']
2025-11-26 21:57:00,400 - QTvcp.QTVCP.QT_TSTAT - DEBUG - converted line: [26, 26, 0.0, 0.0, 117.47522, 0.0, 0.0, 0.0, 0.0, 0.0, 0.0, 3.175, 0.0, 0.0, 0, "foam cutter 1/8' "]
2025-11-26 21:57:00,401 - QTvcp.QTVCP.QT_TSTAT - DEBUG - converted line: [30, 30, 0.0, 0.0, 113.24574, 0.0, 0.0, 0.0, 0.0, 0.0, 0.0, 0.0, 0.0, 0.0, 0, 'ball 6mm 2f china ']
2025-11-26 21:57:00,401 - QTvcp.QTVCP.QT_TSTAT - DEBUG - converted line: [32, 32, 0.0, 0.0, 0.0, 0.0, 0.0, 0.0, 0.0, 0.0, 0.0, 0.0, 0.0, 0.0, 0, 'ball 6mm china ']
2025-11-26 21:57:00,402 - QTvcp.QTVCP.QT_TSTAT - DEBUG - converted line: [33, 33, 0.0, 0.0, 0.0, 0.0, 0.0, 0.0, 0.0, 0.0, 0.0, 0.0, 0.0, 0.0, 0, 'r3 ball sorotec ']
2025-11-26 21:57:00,403 - QTvcp.QTVCP.QT_TSTAT - DEBUG - converted line: [41, 41, 0.0, 0.0, 0.0, 0.0, 0.0, 0.0, 0.0, 0.0, 0.0, 0.0, 0.0, 0.0, 0, 'drill 5mm sorotec ']
2025-11-26 21:57:00,403 - QTvcp.QTVCP.QT_TSTAT - DEBUG - converted line: [42, 42, 0.0, 0.0, -114.861, 0.0, 0.0, 0.0, 0.0, 0.0, 0.0, 0.0, 0.0, 0.0, 0, 'drill 2.5 ']
2025-11-26 21:57:00,404 - QTvcp.QTVCP.QT_TSTAT - DEBUG - converted line: [50, 50, 0.0, 0.0, 156.5646, 0.0, 0.0, 0.0, 0.0, 0.0, 0.0, 50.0, 0.0, 0.0, 0, 'face 50mm china ']
2025-11-26 21:57:00,404 - QTvcp.QTVCP.QT_TSTAT - DEBUG - converted line: [51, 1, 0.0, 0.0, 128.86488, 0.0, 0.0, 0.0, 0.0, 0.0, 0.0, 16.0, 0.0, 0.0, 0, 'sorotec 16mm face mill ']
2025-11-26 21:57:00,405 - QTvcp.QTVCP.QT_TSTAT - DEBUG - converted line: [52, 52, 0.0, 0.0, 147.24103, 0.0, 0.0, 0.0, 0.0, 0.0, 0.0, 35.0, 0.0, 0.0, 0, 'Face 35 wood ']
2025-11-26 21:57:00,406 - QTvcp.QTVCP.QT_TSTAT - DEBUG - converted line: [60, 60, 0.0, 0.0, 0.0, 0.0, 0.0, 0.0, 0.0, 0.0, 0.0, 0.0, 0.0, 0.0, 0, '3f 90deg 6mm chamfer ']
2025-11-26 21:57:00,406 - QTvcp.QTVCP.QT_TSTAT - DEBUG - converted line: [61, 4, 0.0, 0.0, 133.29438, 0.0, 0.0, 0.0, 0.0, 0.0, 0.0, 4.0, 0.0, 0.0, 0, 'thred m5-m8 sorotec ']
2025-11-26 21:57:00,407 - QTvcp.QTVCP.QT_TSTAT - DEBUG - converted line: [62, 62, 0.0, 0.0, 130.74038, 0.0, 0.0, 0.0, 0.0, 0.0, 0.0, 0.0, 0.0, 0.0, 0, 'chamfer 60 degree ']
2025-11-26 21:57:00,407 - QTvcp.QTVCP.QT_TSTAT - DEBUG - converted line: [63, 63, 0.0, 0.0, 110.09987, 0.0, 0.0, 0.0, 0.0, 0.0, 0.0, 4.85, 0.0, 0.0, 0, 'thread m6 4.85 china ']
2025-11-26 21:57:00,408 - QTvcp.QTVCP.QT_TSTAT - DEBUG - converted line: [90, 90, 0.0, 0.0, 0.0, 0.0, 0.0, 0.0, 0.0, 0.0, 0.0, 0.0, 0.0, 0.0, 0, 'thread m4-m8 sorotec ']
2025-11-26 21:57:00,409 - QTvcp.QTVCP.QT_TSTAT - DEBUG - converted line: [91, 91, 0.0, 0.0, -118.472, 0.0, 0.0, 0.0, 0.0, 0.0, 0.0, 0.0, 0.0, 0.0, 0, 'thread m2-m4 sorotec ']
2025-11-26 21:57:00,409 - QTvcp.QTVCP.QT_TSTAT - DEBUG - converted line: [99, 99, 0.0, 0.0, 164.94088, 0.0, 0.0, 0.0, 0.0, 0.0, 0.0, 2.0, 0.0, 0.0, 0, 'probe ']
2025-11-26 21:57:00,410 - QTvcp.QTVCP.QT_TSTAT - DEBUG - Save line: T0 P0 X0 Y0 Z0 A0 B0 C0 U0 V0 W0 D0 I0 J0 Q0 ; 
2025-11-26 21:57:00,411 - QTvcp.QTVCP.QT_TSTAT - DEBUG - Save line: T1 P1 X0 Y0 Z136.95988 A0 B0 C0 U0 V0 W0 D6.00000 I0 J0 Q0 ;6mm flat 
2025-11-26 21:57:00,412 - QTvcp.QTVCP.QT_TSTAT - DEBUG - Save line: T2 P2 X0 Y0 Z149.35788 A0 B0 C0 U0 V0 W0 D6.00000 I0 J0 Q0 ; 
2025-11-26 21:57:00,412 - QTvcp.QTVCP.QT_TSTAT - DEBUG - Save line: T3 P3 X0 Y0 Z132.70388 A0 B0 C0 U0 V0 W0 D6.00000 I0 J0 Q0 ; 
2025-11-26 21:57:00,413 - QTvcp.QTVCP.QT_TSTAT - DEBUG - Save line: T4 P4 X0 Y0 Z142.73837 A0 B0 C0 U0 V0 W0 D6.00000 I0 J0 Q0 ;sorotec_3mm ball 
2025-11-26 21:57:00,413 - QTvcp.QTVCP.QT_TSTAT - DEBUG - Save line: T5 P5 X0 Y0 Z129.80638 A0 B0 C0 U0 V0 W0 D6.00000 I0 J0 Q0 ;3f chamfer mill 
2025-11-26 21:57:00,414 - QTvcp.QTVCP.QT_TSTAT - DEBUG - Save line: T6 P6 X0 Y0 Z128.89087 A0 B0 C0 U0 V0 W0 D0 I0 J0 Q0 ;1/8 " 17mm 
2025-11-26 21:57:00,415 - QTvcp.QTVCP.QT_TSTAT - DEBUG - Save line: T7 P7 X0 Y0 Z129.10137 A0 B0 C0 U0 V0 W0 D0 I0 J0 Q0 ;1f 6mm sorotec 25mm 
2025-11-26 21:57:00,415 - QTvcp.QTVCP.QT_TSTAT - DEBUG - Save line: T9 P9 X0 Y0 Z0 A0 B0 C0 U0 V0 W0 D0 I0 J0 Q0 ;2mm flat 
2025-11-26 21:57:00,416 - QTvcp.QTVCP.QT_TSTAT - DEBUG - Save line: T11 P11 X0 Y0 Z0 A0 B0 C0 U0 V0 W0 D5.00000 I0 J0 Q0 ;5mm 4f china 
2025-11-26 21:57:00,417 - QTvcp.QTVCP.QT_TSTAT - DEBUG - Save line: T12 P12 X0 Y0 Z0 A0 B0 C0 U0 V0 W0 D0 I0 J0 Q0 ;sor_flat_2mm_8mm 
2025-11-26 21:57:00,417 - QTvcp.QTVCP.QT_TSTAT - DEBUG - Save line: T13 P13 X0 Y0 Z0 A0 B0 C0 U0 V0 W0 D6.00000 I0 J0 Q0 ;flat/ 6mm pro alu 26mm 
2025-11-26 21:57:00,418 - QTvcp.QTVCP.QT_TSTAT - DEBUG - Save line: T14 P14 X0 Y0 Z0 A0 B0 C0 U0 V0 W0 D0 I0 J0 Q0 ;6mm 2f china col 
2025-11-26 21:57:00,419 - QTvcp.QTVCP.QT_TSTAT - DEBUG - Save line: T15 P1 X0 Y0 Z103.73574 A0 B0 C0 U0 V0 W0 D16.00000 I0 J0 Q0 ;face16 
2025-11-26 21:57:00,420 - QTvcp.QTVCP.QT_TSTAT - DEBUG - Save line: T16 P16 X0 Y0 Z123.37369 A0 B0 C0 U0 V0 W0 D0 I0 J0 Q0 ;pro alu 3mm 
2025-11-26 21:57:00,421 - QTvcp.QTVCP.QT_TSTAT - DEBUG - Save line: T17 P3 X0 Y0 Z109.85839 A0 B0 C0 U0 V0 W0 D4.00000 I0 J0 Q0 ;1F 4mm 15mm 
2025-11-26 21:57:00,422 - QTvcp.QTVCP.QT_TSTAT - DEBUG - Save line: T18 P18 X0 Y0 Z124.45137 A0 B0 C0 U0 V0 W0 D0 I0 J0 Q0 ;3mm flat sorotec 
2025-11-26 21:57:00,423 - QTvcp.QTVCP.QT_TSTAT - DEBUG - Save line: T19 P19 X0 Y0 Z0 A0 B0 C0 U0 V0 W0 D2.00000 I0 J0 Q0 ;flat_por alu 2mm 
2025-11-26 21:57:00,424 - QTvcp.QTVCP.QT_TSTAT - DEBUG - Save line: T21 P21 X0 Y0 Z0 A0 B0 C0 U0 V0 W0 D0 I0 J0 Q0 ;ball end mill 6mm 
2025-11-26 21:57:00,424 - QTvcp.QTVCP.QT_TSTAT - DEBUG - Save line: T22 P22 X0 Y0 Z0 A0 B0 C0 U0 V0 W0 D0 I0 J0 Q0 ;3f 4mm 
2025-11-26 21:57:00,425 - QTvcp.QTVCP.QT_TSTAT - DEBUG - Save line: T23 P23 X0 Y0 Z0 A0 B0 C0 U0 V0 W0 D0 I0 J0 Q0 ;3f 6mm l25 coated china 
2025-11-26 21:57:00,426 - QTvcp.QTVCP.QT_TSTAT - DEBUG - Save line: T24 P24 X0 Y0 Z0 A0 B0 C0 U0 V0 W0 D0 I0 J0 Q0 ;2f 6mm flat coated china 
2025-11-26 21:57:00,427 - QTvcp.QTVCP.QT_TSTAT - DEBUG - Save line: T25 P25 X0 Y0 Z146.71938 A0 B0 C0 U0 V0 W0 D0 I0 J0 Q0 ;facemill 18mm 
2025-11-26 21:57:00,428 - QTvcp.QTVCP.QT_TSTAT - DEBUG - Save line: T25 P25 X0 Y0 Z170.56463 A0 B0 C0 U0 V0 W0 D0 I0 J0 Q0 ;2f 10mm 
2025-11-26 21:57:00,429 - QTvcp.QTVCP.QT_TSTAT - DEBUG - Save line: T26 P26 X0 Y0 Z117.47522 A0 B0 C0 U0 V0 W0 D3.17500 I0 J0 Q0 ;foam cutter 1/8' 
2025-11-26 21:57:00,429 - QTvcp.QTVCP.QT_TSTAT - DEBUG - Save line: T30 P30 X0 Y0 Z113.24574 A0 B0 C0 U0 V0 W0 D0 I0 J0 Q0 ;ball 6mm 2f china 
2025-11-26 21:57:00,430 - QTvcp.QTVCP.QT_TSTAT - DEBUG - Save line: T32 P32 X0 Y0 Z0 A0 B0 C0 U0 V0 W0 D0 I0 J0 Q0 ;ball 6mm china 
2025-11-26 21:57:00,431 - QTvcp.QTVCP.QT_TSTAT - DEBUG - Save line: T33 P33 X0 Y0 Z0 A0 B0 C0 U0 V0 W0 D0 I0 J0 Q0 ;r3 ball sorotec 
2025-11-26 21:57:00,432 - QTvcp.QTVCP.QT_TSTAT - DEBUG - Save line: T41 P41 X0 Y0 Z0 A0 B0 C0 U0 V0 W0 D0 I0 J0 Q0 ;drill 5mm sorotec 
2025-11-26 21:57:00,432 - QTvcp.QTVCP.QT_TSTAT - DEBUG - Save line: T42 P42 X0 Y0 Z-114.86100 A0 B0 C0 U0 V0 W0 D0 I0 J0 Q0 ;drill 2.5 
2025-11-26 21:57:00,433 - QTvcp.QTVCP.QT_TSTAT - DEBUG - Save line: T50 P50 X0 Y0 Z156.56460 A0 B0 C0 U0 V0 W0 D50.00000 I0 J0 Q0 ;face 50mm china 
2025-11-26 21:57:00,434 - QTvcp.QTVCP.QT_TSTAT - DEBUG - Save line: T51 P1 X0 Y0 Z128.86488 A0 B0 C0 U0 V0 W0 D16.00000 I0 J0 Q0 ;sorotec 16mm face mill 
2025-11-26 21:57:00,435 - QTvcp.QTVCP.QT_TSTAT - DEBUG - Save line: T52 P52 X0 Y0 Z147.24103 A0 B0 C0 U0 V0 W0 D35.00000 I0 J0 Q0 ;Face 35 wood 
2025-11-26 21:57:00,435 - QTvcp.QTVCP.QT_TSTAT - DEBUG - Save line: T60 P60 X0 Y0 Z0 A0 B0 C0 U0 V0 W0 D0 I0 J0 Q0 ;3f 90deg 6mm chamfer 
2025-11-26 21:57:00,436 - QTvcp.QTVCP.QT_TSTAT - DEBUG - Save line: T61 P4 X0 Y0 Z133.29438 A0 B0 C0 U0 V0 W0 D4.00000 I0 J0 Q0 ;thred m5-m8 sorotec 
2025-11-26 21:57:00,437 - QTvcp.QTVCP.QT_TSTAT - DEBUG - Save line: T62 P62 X0 Y0 Z130.74038 A0 B0 C0 U0 V0 W0 D0 I0 J0 Q0 ;chamfer 60 degree 
2025-11-26 21:57:00,437 - QTvcp.QTVCP.QT_TSTAT - DEBUG - Save line: T63 P63 X0 Y0 Z110.09987 A0 B0 C0 U0 V0 W0 D4.85000 I0 J0 Q0 ;thread m6 4.85 china 
2025-11-26 21:57:00,438 - QTvcp.QTVCP.QT_TSTAT - DEBUG - Save line: T90 P90 X0 Y0 Z0 A0 B0 C0 U0 V0 W0 D0 I0 J0 Q0 ;thread m4-m8 sorotec 
2025-11-26 21:57:00,439 - QTvcp.QTVCP.QT_TSTAT - DEBUG - Save line: T91 P91 X0 Y0 Z-118.47200 A0 B0 C0 U0 V0 W0 D0 I0 J0 Q0 ;thread m2-m4 sorotec 
2025-11-26 21:57:00,440 - QTvcp.QTVCP.QT_TSTAT - DEBUG - Save line: T99 P99 X0 Y0 Z164.94088 A0 B0 C0 U0 V0 W0 D2.00000 I0 J0 Q0 ;probe 
2025-11-26 21:57:00,466 - QTvcp.QTVCP.QT_ACTION - DEBUG - CALL_MDI Command: g43
2025-11-26 21:57:00,583 - QTvcp.QTVCP.WIDGETS.GCODE_GRAPHICS - DEBUG - reload the display: /home/zieluch/linuxcnc/configs/qthd_sorotec_cl0604/macros/rack_change.ngc
2025-11-26 21:57:00,660 - QTvcp.QTVCP.WIDGETS.ORIGIN_OFFSETVIEW - DEBUG - message returned:{'NAME': 'CALCULATOR', 'ID': 'tooloffsetview__', 'PRELOAD': -98.956, 'TITLE': 'Tool 41 Offset of Z,   -98.956', 'ITEM': <PyQt5.QtCore.QModelIndex object at 0x7f08aced3ca0>, 'RETURN': 0.0}
2025-11-26 21:57:00,663 - QTvcp.QTVCP.WIDGETS.ORIGIN_OFFSETVIEW - DEBUG - message returned:{'NAME': 'CALCULATOR', 'ID': 'tooloffsetview__', 'PRELOAD': -98.956, 'TITLE': 'Tool 41 Offset of Z,   -98.956', 'ITEM': <PyQt5.QtCore.QModelIndex object at 0x7f08aced3ca0>, 'RETURN': None}
2025-11-26 21:57:00,664 - QTvcp.QTVCP.WIDGETS.TOOL_OFFSETVIEW - DEBUG - message returned:{'NAME': 'CALCULATOR', 'ID': 'tooloffsetview__', 'PRELOAD': -98.956, 'TITLE': 'Tool 41 Offset of Z,   -98.956', 'ITEM': <PyQt5.QtCore.QModelIndex object at 0x7f08aced3ca0>, 'RETURN': None}
2025-11-26 21:57:00,665 - QTvcp.QTVCP.WIDGETS.ORIGIN_OFFSETVIEW - DEBUG - message returned:{'NAME': 'CALCULATOR', 'ID': 'tooloffsetview__', 'PRELOAD': -98.956, 'TITLE': 'Tool 41 Offset of Z,   -98.956', 'ITEM': <PyQt5.QtCore.QModelIndex object at 0x7f08aced3ca0>, 'RETURN': None}
2025-11-26 21:57:01,718 - QTvcp.QTVCP.WIDGETS.TOOL_OFFSETVIEW - DEBUG - Text:   -114.861, Row: 29, Column: 7
2025-11-26 21:57:01,719 - QTvcp.QTVCP.WIDGETS.TOOL_OFFSETVIEW - DEBUG - message sent:{'NAME': 'CALCULATOR', 'ID': 'tooloffsetview__', 'PRELOAD': -114.861, 'TITLE': 'Tool 42 Offset of Z,  -114.861', 'ITEM': <PyQt5.QtCore.QModelIndex object at 0x7f08acb99fc0>}
2025-11-26 21:57:06,139 - QTvcp.QTVCP.WIDGETS.DIALOGMIXIN - DEBUG - Saving CalculatorDialog-geometry data from widget  to file.
2025-11-26 21:57:06,431 - QTvcp.QTVCP.WIDGETS.DIALOG_WIDGET - DEBUG - Displayed value when accepted: 0.0
2025-11-26 21:57:06,431 - QTvcp.QTVCP.WIDGETS.ORIGIN_OFFSETVIEW - DEBUG - message returned:{'NAME': 'CALCULATOR', 'ID': 'tooloffsetview__', 'PRELOAD': -114.861, 'TITLE': 'Tool 42 Offset of Z,  -114.861', 'ITEM': <PyQt5.QtCore.QModelIndex object at 0x7f08acb99fc0>, 'RETURN': 0.0}
2025-11-26 21:57:06,432 - QTvcp.QTVCP.WIDGETS.TOOL_OFFSETVIEW - DEBUG - message returned:{'NAME': 'CALCULATOR', 'ID': 'tooloffsetview__', 'PRELOAD': -114.861, 'TITLE': 'Tool 42 Offset of Z,  -114.861', 'ITEM': <PyQt5.QtCore.QModelIndex object at 0x7f08acb99fc0>, 'RETURN': 0.0}
2025-11-26 21:57:06,433 - QTvcp.QTVCP.WIDGETS.TOOL_OFFSETVIEW - DEBUG - original value:-114.861
2025-11-26 21:57:06,434 - QTvcp.QTVCP.WIDGETS.TOOL_OFFSETVIEW - DEBUG - >>> setData() role = None
2025-11-26 21:57:06,435 - QTvcp.QTVCP.WIDGETS.TOOL_OFFSETVIEW - DEBUG - >>> setData() column() = 7
2025-11-26 21:57:06,435 - QTvcp.QTVCP.WIDGETS.TOOL_OFFSETVIEW - DEBUG - >>> setData() value = 0.0 
2025-11-26 21:57:06,436 - QTvcp.QTVCP.QT_TSTAT - DEBUG - converted line: [0, 0, 0.0, 0.0, 0.0, 0.0, 0.0, 0.0, 0.0, 0.0, 0.0, 0.0, 0.0, 0.0, 0, ' ']
2025-11-26 21:57:06,437 - QTvcp.QTVCP.QT_TSTAT - DEBUG - converted line: [1, 1, 0.0, 0.0, 136.95988, 0.0, 0.0, 0.0, 0.0, 0.0, 0.0, 6.0, 0.0, 0.0, 0, '6mm flat ']
2025-11-26 21:57:06,438 - QTvcp.QTVCP.QT_TSTAT - DEBUG - converted line: [2, 2, 0.0, 0.0, 149.35788, 0.0, 0.0, 0.0, 0.0, 0.0, 0.0, 6.0, 0.0, 0.0, 0, ' ']
2025-11-26 21:57:06,439 - QTvcp.QTVCP.QT_TSTAT - DEBUG - converted line: [3, 3, 0.0, 0.0, 132.70388, 0.0, 0.0, 0.0, 0.0, 0.0, 0.0, 6.0, 0.0, 0.0, 0, ' ']
2025-11-26 21:57:06,439 - QTvcp.QTVCP.QT_TSTAT - DEBUG - converted line: [4, 4, 0.0, 0.0, 142.73837, 0.0, 0.0, 0.0, 0.0, 0.0, 0.0, 6.0, 0.0, 0.0, 0, 'sorotec_3mm ball ']
2025-11-26 21:57:06,440 - QTvcp.QTVCP.QT_TSTAT - DEBUG - converted line: [5, 5, 0.0, 0.0, 129.80638, 0.0, 0.0, 0.0, 0.0, 0.0, 0.0, 6.0, 0.0, 0.0, 0, '3f chamfer mill ']
2025-11-26 21:57:06,441 - QTvcp.QTVCP.QT_TSTAT - DEBUG - converted line: [6, 6, 0.0, 0.0, 128.89087, 0.0, 0.0, 0.0, 0.0, 0.0, 0.0, 0.0, 0.0, 0.0, 0, '1/8 " 17mm ']
2025-11-26 21:57:06,441 - QTvcp.QTVCP.QT_TSTAT - DEBUG - converted line: [7, 7, 0.0, 0.0, 129.10137, 0.0, 0.0, 0.0, 0.0, 0.0, 0.0, 0.0, 0.0, 0.0, 0, '1f 6mm sorotec 25mm ']
2025-11-26 21:57:06,442 - QTvcp.QTVCP.QT_TSTAT - DEBUG - converted line: [9, 9, 0.0, 0.0, 0.0, 0.0, 0.0, 0.0, 0.0, 0.0, 0.0, 0.0, 0.0, 0.0, 0, '2mm flat ']
2025-11-26 21:57:06,443 - QTvcp.QTVCP.QT_TSTAT - DEBUG - converted line: [11, 11, 0.0, 0.0, 0.0, 0.0, 0.0, 0.0, 0.0, 0.0, 0.0, 5.0, 0.0, 0.0, 0, '5mm 4f china ']
2025-11-26 21:57:06,444 - QTvcp.QTVCP.QT_TSTAT - DEBUG - converted line: [12, 12, 0.0, 0.0, 0.0, 0.0, 0.0, 0.0, 0.0, 0.0, 0.0, 0.0, 0.0, 0.0, 0, 'sor_flat_2mm_8mm ']
2025-11-26 21:57:06,444 - QTvcp.QTVCP.QT_TSTAT - DEBUG - converted line: [13, 13, 0.0, 0.0, 0.0, 0.0, 0.0, 0.0, 0.0, 0.0, 0.0, 6.0, 0.0, 0.0, 0, 'flat/ 6mm pro alu 26mm ']
2025-11-26 21:57:06,445 - QTvcp.QTVCP.QT_TSTAT - DEBUG - converted line: [14, 14, 0.0, 0.0, 0.0, 0.0, 0.0, 0.0, 0.0, 0.0, 0.0, 0.0, 0.0, 0.0, 0, '6mm 2f china col ']
2025-11-26 21:57:06,446 - QTvcp.QTVCP.QT_TSTAT - DEBUG - converted line: [15, 1, 0.0, 0.0, 103.73574, 0.0, 0.0, 0.0, 0.0, 0.0, 0.0, 16.0, 0.0, 0.0, 0, 'face16 ']
2025-11-26 21:57:06,447 - QTvcp.QTVCP.QT_TSTAT - DEBUG - converted line: [16, 16, 0.0, 0.0, 123.37369, 0.0, 0.0, 0.0, 0.0, 0.0, 0.0, 0.0, 0.0, 0.0, 0, 'pro alu 3mm ']
2025-11-26 21:57:06,448 - QTvcp.QTVCP.QT_TSTAT - DEBUG - converted line: [17, 3, 0.0, 0.0, 109.85839, 0.0, 0.0, 0.0, 0.0, 0.0, 0.0, 4.0, 0.0, 0.0, 0, '1F 4mm 15mm ']
2025-11-26 21:57:06,449 - QTvcp.QTVCP.QT_TSTAT - DEBUG - converted line: [18, 18, 0.0, 0.0, 124.45137, 0.0, 0.0, 0.0, 0.0, 0.0, 0.0, 0.0, 0.0, 0.0, 0, '3mm flat sorotec ']
2025-11-26 21:57:06,449 - QTvcp.QTVCP.QT_TSTAT - DEBUG - converted line: [19, 19, 0.0, 0.0, 0.0, 0.0, 0.0, 0.0, 0.0, 0.0, 0.0, 2.0, 0.0, 0.0, 0, 'flat_por alu 2mm ']
2025-11-26 21:57:06,450 - QTvcp.QTVCP.QT_TSTAT - DEBUG - converted line: [21, 21, 0.0, 0.0, 0.0, 0.0, 0.0, 0.0, 0.0, 0.0, 0.0, 0.0, 0.0, 0.0, 0, 'ball end mill 6mm ']
2025-11-26 21:57:06,451 - QTvcp.QTVCP.QT_TSTAT - DEBUG - converted line: [22, 22, 0.0, 0.0, 0.0, 0.0, 0.0, 0.0, 0.0, 0.0, 0.0, 0.0, 0.0, 0.0, 0, '3f 4mm ']
2025-11-26 21:57:06,452 - QTvcp.QTVCP.QT_TSTAT - DEBUG - converted line: [23, 23, 0.0, 0.0, 0.0, 0.0, 0.0, 0.0, 0.0, 0.0, 0.0, 0.0, 0.0, 0.0, 0, '3f 6mm l25 coated china ']
2025-11-26 21:57:06,453 - QTvcp.QTVCP.QT_TSTAT - DEBUG - converted line: [24, 24, 0.0, 0.0, 0.0, 0.0, 0.0, 0.0, 0.0, 0.0, 0.0, 0.0, 0.0, 0.0, 0, '2f 6mm flat coated china ']
2025-11-26 21:57:06,453 - QTvcp.QTVCP.QT_TSTAT - DEBUG - converted line: [25, 25, 0.0, 0.0, 146.71938, 0.0, 0.0, 0.0, 0.0, 0.0, 0.0, 0.0, 0.0, 0.0, 0, 'facemill 18mm ']
2025-11-26 21:57:06,454 - QTvcp.QTVCP.QT_TSTAT - DEBUG - converted line: [25, 25, 0.0, 0.0, 170.56463, 0.0, 0.0, 0.0, 0.0, 0.0, 0.0, 0.0, 0.0, 0.0, 0, '2f 10mm ']
2025-11-26 21:57:06,455 - QTvcp.QTVCP.QT_TSTAT - DEBUG - converted line: [26, 26, 0.0, 0.0, 117.47522, 0.0, 0.0, 0.0, 0.0, 0.0, 0.0, 3.175, 0.0, 0.0, 0, "foam cutter 1/8' "]
2025-11-26 21:57:06,456 - QTvcp.QTVCP.QT_TSTAT - DEBUG - converted line: [30, 30, 0.0, 0.0, 113.24574, 0.0, 0.0, 0.0, 0.0, 0.0, 0.0, 0.0, 0.0, 0.0, 0, 'ball 6mm 2f china ']
2025-11-26 21:57:06,457 - QTvcp.QTVCP.QT_TSTAT - DEBUG - converted line: [32, 32, 0.0, 0.0, 0.0, 0.0, 0.0, 0.0, 0.0, 0.0, 0.0, 0.0, 0.0, 0.0, 0, 'ball 6mm china ']
2025-11-26 21:57:06,458 - QTvcp.QTVCP.QT_TSTAT - DEBUG - converted line: [33, 33, 0.0, 0.0, 0.0, 0.0, 0.0, 0.0, 0.0, 0.0, 0.0, 0.0, 0.0, 0.0, 0, 'r3 ball sorotec ']
2025-11-26 21:57:06,458 - QTvcp.QTVCP.QT_TSTAT - DEBUG - converted line: [41, 41, 0.0, 0.0, 0.0, 0.0, 0.0, 0.0, 0.0, 0.0, 0.0, 0.0, 0.0, 0.0, 0, 'drill 5mm sorotec ']
2025-11-26 21:57:06,459 - QTvcp.QTVCP.QT_TSTAT - DEBUG - converted line: [42, 42, 0.0, 0.0, 0.0, 0.0, 0.0, 0.0, 0.0, 0.0, 0.0, 0.0, 0.0, 0.0, 0, 'drill 2.5 ']
2025-11-26 21:57:06,460 - QTvcp.QTVCP.QT_TSTAT - DEBUG - converted line: [50, 50, 0.0, 0.0, 156.5646, 0.0, 0.0, 0.0, 0.0, 0.0, 0.0, 50.0, 0.0, 0.0, 0, 'face 50mm china ']
2025-11-26 21:57:06,461 - QTvcp.QTVCP.QT_TSTAT - DEBUG - converted line: [51, 1, 0.0, 0.0, 128.86488, 0.0, 0.0, 0.0, 0.0, 0.0, 0.0, 16.0, 0.0, 0.0, 0, 'sorotec 16mm face mill ']
2025-11-26 21:57:06,462 - QTvcp.QTVCP.QT_TSTAT - DEBUG - converted line: [52, 52, 0.0, 0.0, 147.24103, 0.0, 0.0, 0.0, 0.0, 0.0, 0.0, 35.0, 0.0, 0.0, 0, 'Face 35 wood ']
2025-11-26 21:57:06,462 - QTvcp.QTVCP.QT_TSTAT - DEBUG - converted line: [60, 60, 0.0, 0.0, 0.0, 0.0, 0.0, 0.0, 0.0, 0.0, 0.0, 0.0, 0.0, 0.0, 0, '3f 90deg 6mm chamfer ']
2025-11-26 21:57:06,463 - QTvcp.QTVCP.QT_TSTAT - DEBUG - converted line: [61, 4, 0.0, 0.0, 133.29438, 0.0, 0.0, 0.0, 0.0, 0.0, 0.0, 4.0, 0.0, 0.0, 0, 'thred m5-m8 sorotec ']
2025-11-26 21:57:06,464 - QTvcp.QTVCP.QT_TSTAT - DEBUG - converted line: [62, 62, 0.0, 0.0, 130.74038, 0.0, 0.0, 0.0, 0.0, 0.0, 0.0, 0.0, 0.0, 0.0, 0, 'chamfer 60 degree ']
2025-11-26 21:57:06,465 - QTvcp.QTVCP.QT_TSTAT - DEBUG - converted line: [63, 63, 0.0, 0.0, 110.09987, 0.0, 0.0, 0.0, 0.0, 0.0, 0.0, 4.85, 0.0, 0.0, 0, 'thread m6 4.85 china ']
2025-11-26 21:57:06,466 - QTvcp.QTVCP.QT_TSTAT - DEBUG - converted line: [90, 90, 0.0, 0.0, 0.0, 0.0, 0.0, 0.0, 0.0, 0.0, 0.0, 0.0, 0.0, 0.0, 0, 'thread m4-m8 sorotec ']
2025-11-26 21:57:06,467 - QTvcp.QTVCP.QT_TSTAT - DEBUG - converted line: [91, 91, 0.0, 0.0, -118.472, 0.0, 0.0, 0.0, 0.0, 0.0, 0.0, 0.0, 0.0, 0.0, 0, 'thread m2-m4 sorotec ']
2025-11-26 21:57:06,467 - QTvcp.QTVCP.QT_TSTAT - DEBUG - converted line: [99, 99, 0.0, 0.0, 164.94088, 0.0, 0.0, 0.0, 0.0, 0.0, 0.0, 2.0, 0.0, 0.0, 0, 'probe ']
2025-11-26 21:57:06,469 - QTvcp.QTVCP.QT_TSTAT - DEBUG - Save line: T0 P0 X0 Y0 Z0 A0 B0 C0 U0 V0 W0 D0 I0 J0 Q0 ; 
2025-11-26 21:57:06,470 - QTvcp.QTVCP.QT_TSTAT - DEBUG - Save line: T1 P1 X0 Y0 Z136.95988 A0 B0 C0 U0 V0 W0 D6.00000 I0 J0 Q0 ;6mm flat 
2025-11-26 21:57:06,471 - QTvcp.QTVCP.QT_TSTAT - DEBUG - Save line: T2 P2 X0 Y0 Z149.35788 A0 B0 C0 U0 V0 W0 D6.00000 I0 J0 Q0 ; 
2025-11-26 21:57:06,472 - QTvcp.QTVCP.QT_TSTAT - DEBUG - Save line: T3 P3 X0 Y0 Z132.70388 A0 B0 C0 U0 V0 W0 D6.00000 I0 J0 Q0 ; 
2025-11-26 21:57:06,473 - QTvcp.QTVCP.QT_TSTAT - DEBUG - Save line: T4 P4 X0 Y0 Z142.73837 A0 B0 C0 U0 V0 W0 D6.00000 I0 J0 Q0 ;sorotec_3mm ball 
2025-11-26 21:57:06,474 - QTvcp.QTVCP.QT_TSTAT - DEBUG - Save line: T5 P5 X0 Y0 Z129.80638 A0 B0 C0 U0 V0 W0 D6.00000 I0 J0 Q0 ;3f chamfer mill 
2025-11-26 21:57:06,476 - QTvcp.QTVCP.QT_TSTAT - DEBUG - Save line: T6 P6 X0 Y0 Z128.89087 A0 B0 C0 U0 V0 W0 D0 I0 J0 Q0 ;1/8 " 17mm 
2025-11-26 21:57:06,477 - QTvcp.QTVCP.QT_TSTAT - DEBUG - Save line: T7 P7 X0 Y0 Z129.10137 A0 B0 C0 U0 V0 W0 D0 I0 J0 Q0 ;1f 6mm sorotec 25mm 
2025-11-26 21:57:06,478 - QTvcp.QTVCP.QT_TSTAT - DEBUG - Save line: T9 P9 X0 Y0 Z0 A0 B0 C0 U0 V0 W0 D0 I0 J0 Q0 ;2mm flat 
2025-11-26 21:57:06,479 - QTvcp.QTVCP.QT_TSTAT - DEBUG - Save line: T11 P11 X0 Y0 Z0 A0 B0 C0 U0 V0 W0 D5.00000 I0 J0 Q0 ;5mm 4f china 
2025-11-26 21:57:06,480 - QTvcp.QTVCP.QT_TSTAT - DEBUG - Save line: T12 P12 X0 Y0 Z0 A0 B0 C0 U0 V0 W0 D0 I0 J0 Q0 ;sor_flat_2mm_8mm 
2025-11-26 21:57:06,481 - QTvcp.QTVCP.QT_TSTAT - DEBUG - Save line: T13 P13 X0 Y0 Z0 A0 B0 C0 U0 V0 W0 D6.00000 I0 J0 Q0 ;flat/ 6mm pro alu 26mm 
2025-11-26 21:57:06,482 - QTvcp.QTVCP.QT_TSTAT - DEBUG - Save line: T14 P14 X0 Y0 Z0 A0 B0 C0 U0 V0 W0 D0 I0 J0 Q0 ;6mm 2f china col 
2025-11-26 21:57:06,483 - QTvcp.QTVCP.QT_TSTAT - DEBUG - Save line: T15 P1 X0 Y0 Z103.73574 A0 B0 C0 U0 V0 W0 D16.00000 I0 J0 Q0 ;face16 
2025-11-26 21:57:06,484 - QTvcp.QTVCP.QT_TSTAT - DEBUG - Save line: T16 P16 X0 Y0 Z123.37369 A0 B0 C0 U0 V0 W0 D0 I0 J0 Q0 ;pro alu 3mm 
2025-11-26 21:57:06,485 - QTvcp.QTVCP.QT_TSTAT - DEBUG - Save line: T17 P3 X0 Y0 Z109.85839 A0 B0 C0 U0 V0 W0 D4.00000 I0 J0 Q0 ;1F 4mm 15mm 
2025-11-26 21:57:06,487 - QTvcp.QTVCP.QT_TSTAT - DEBUG - Save line: T18 P18 X0 Y0 Z124.45137 A0 B0 C0 U0 V0 W0 D0 I0 J0 Q0 ;3mm flat sorotec 
2025-11-26 21:57:06,488 - QTvcp.QTVCP.QT_TSTAT - DEBUG - Save line: T19 P19 X0 Y0 Z0 A0 B0 C0 U0 V0 W0 D2.00000 I0 J0 Q0 ;flat_por alu 2mm 
2025-11-26 21:57:06,489 - QTvcp.QTVCP.QT_TSTAT - DEBUG - Save line: T21 P21 X0 Y0 Z0 A0 B0 C0 U0 V0 W0 D0 I0 J0 Q0 ;ball end mill 6mm 
2025-11-26 21:57:06,490 - QTvcp.QTVCP.QT_TSTAT - DEBUG - Save line: T22 P22 X0 Y0 Z0 A0 B0 C0 U0 V0 W0 D0 I0 J0 Q0 ;3f 4mm 
2025-11-26 21:57:06,490 - QTvcp.QTVCP.QT_TSTAT - DEBUG - Save line: T23 P23 X0 Y0 Z0 A0 B0 C0 U0 V0 W0 D0 I0 J0 Q0 ;3f 6mm l25 coated china 
2025-11-26 21:57:06,491 - QTvcp.QTVCP.QT_TSTAT - DEBUG - Save line: T24 P24 X0 Y0 Z0 A0 B0 C0 U0 V0 W0 D0 I0 J0 Q0 ;2f 6mm flat coated china 
2025-11-26 21:57:06,492 - QTvcp.QTVCP.QT_TSTAT - DEBUG - Save line: T25 P25 X0 Y0 Z146.71938 A0 B0 C0 U0 V0 W0 D0 I0 J0 Q0 ;facemill 18mm 
2025-11-26 21:57:06,493 - QTvcp.QTVCP.QT_TSTAT - DEBUG - Save line: T25 P25 X0 Y0 Z170.56463 A0 B0 C0 U0 V0 W0 D0 I0 J0 Q0 ;2f 10mm 
2025-11-26 21:57:06,495 - QTvcp.QTVCP.QT_TSTAT - DEBUG - Save line: T26 P26 X0 Y0 Z117.47522 A0 B0 C0 U0 V0 W0 D3.17500 I0 J0 Q0 ;foam cutter 1/8' 
2025-11-26 21:57:06,495 - QTvcp.QTVCP.QT_TSTAT - DEBUG - Save line: T30 P30 X0 Y0 Z113.24574 A0 B0 C0 U0 V0 W0 D0 I0 J0 Q0 ;ball 6mm 2f china 
2025-11-26 21:57:06,496 - QTvcp.QTVCP.QT_TSTAT - DEBUG - Save line: T32 P32 X0 Y0 Z0 A0 B0 C0 U0 V0 W0 D0 I0 J0 Q0 ;ball 6mm china 
2025-11-26 21:57:06,499 - QTvcp.QTVCP.QT_TSTAT - DEBUG - Save line: T33 P33 X0 Y0 Z0 A0 B0 C0 U0 V0 W0 D0 I0 J0 Q0 ;r3 ball sorotec 
2025-11-26 21:57:06,500 - QTvcp.QTVCP.QT_TSTAT - DEBUG - Save line: T41 P41 X0 Y0 Z0 A0 B0 C0 U0 V0 W0 D0 I0 J0 Q0 ;drill 5mm sorotec 
2025-11-26 21:57:06,501 - QTvcp.QTVCP.QT_TSTAT - DEBUG - Save line: T42 P42 X0 Y0 Z0 A0 B0 C0 U0 V0 W0 D0 I0 J0 Q0 ;drill 2.5 
2025-11-26 21:57:06,503 - QTvcp.QTVCP.QT_TSTAT - DEBUG - Save line: T50 P50 X0 Y0 Z156.56460 A0 B0 C0 U0 V0 W0 D50.00000 I0 J0 Q0 ;face 50mm china 
2025-11-26 21:57:06,504 - QTvcp.QTVCP.QT_TSTAT - DEBUG - Save line: T51 P1 X0 Y0 Z128.86488 A0 B0 C0 U0 V0 W0 D16.00000 I0 J0 Q0 ;sorotec 16mm face mill 
2025-11-26 21:57:06,507 - QTvcp.QTVCP.QT_TSTAT - DEBUG - Save line: T52 P52 X0 Y0 Z147.24103 A0 B0 C0 U0 V0 W0 D35.00000 I0 J0 Q0 ;Face 35 wood 
2025-11-26 21:57:06,508 - QTvcp.QTVCP.QT_TSTAT - DEBUG - Save line: T60 P60 X0 Y0 Z0 A0 B0 C0 U0 V0 W0 D0 I0 J0 Q0 ;3f 90deg 6mm chamfer 
2025-11-26 21:57:06,509 - QTvcp.QTVCP.QT_TSTAT - DEBUG - Save line: T61 P4 X0 Y0 Z133.29438 A0 B0 C0 U0 V0 W0 D4.00000 I0 J0 Q0 ;thred m5-m8 sorotec 
2025-11-26 21:57:06,510 - QTvcp.QTVCP.QT_TSTAT - DEBUG - Save line: T62 P62 X0 Y0 Z130.74038 A0 B0 C0 U0 V0 W0 D0 I0 J0 Q0 ;chamfer 60 degree 
2025-11-26 21:57:06,511 - QTvcp.QTVCP.QT_TSTAT - DEBUG - Save line: T63 P63 X0 Y0 Z110.09987 A0 B0 C0 U0 V0 W0 D4.85000 I0 J0 Q0 ;thread m6 4.85 china 
2025-11-26 21:57:06,512 - QTvcp.QTVCP.QT_TSTAT - DEBUG - Save line: T90 P90 X0 Y0 Z0 A0 B0 C0 U0 V0 W0 D0 I0 J0 Q0 ;thread m4-m8 sorotec 
2025-11-26 21:57:06,513 - QTvcp.QTVCP.QT_TSTAT - DEBUG - Save line: T91 P91 X0 Y0 Z-118.47200 A0 B0 C0 U0 V0 W0 D0 I0 J0 Q0 ;thread m2-m4 sorotec 
2025-11-26 21:57:06,515 - QTvcp.QTVCP.QT_TSTAT - DEBUG - Save line: T99 P99 X0 Y0 Z164.94088 A0 B0 C0 U0 V0 W0 D2.00000 I0 J0 Q0 ;probe 
2025-11-26 21:57:06,539 - QTvcp.QTVCP.QT_ACTION - DEBUG - CALL_MDI Command: g43
2025-11-26 21:57:06,711 - QTvcp.QTVCP.WIDGETS.GCODE_GRAPHICS - DEBUG - reload the display: /home/zieluch/linuxcnc/configs/qthd_sorotec_cl0604/macros/rack_change.ngc
2025-11-26 21:57:06,790 - QTvcp.QTVCP.WIDGETS.ORIGIN_OFFSETVIEW - DEBUG - message returned:{'NAME': 'CALCULATOR', 'ID': 'tooloffsetview__', 'PRELOAD': -114.861, 'TITLE': 'Tool 42 Offset of Z,  -114.861', 'ITEM': <PyQt5.QtCore.QModelIndex object at 0x7f08acb99fc0>, 'RETURN': 0.0}
2025-11-26 21:57:06,793 - QTvcp.QTVCP.WIDGETS.ORIGIN_OFFSETVIEW - DEBUG - message returned:{'NAME': 'CALCULATOR', 'ID': 'tooloffsetview__', 'PRELOAD': -114.861, 'TITLE': 'Tool 42 Offset of Z,  -114.861', 'ITEM': <PyQt5.QtCore.QModelIndex object at 0x7f08acb99fc0>, 'RETURN': None}
2025-11-26 21:57:06,794 - QTvcp.QTVCP.WIDGETS.TOOL_OFFSETVIEW - DEBUG - message returned:{'NAME': 'CALCULATOR', 'ID': 'tooloffsetview__', 'PRELOAD': -114.861, 'TITLE': 'Tool 42 Offset of Z,  -114.861', 'ITEM': <PyQt5.QtCore.QModelIndex object at 0x7f08acb99fc0>, 'RETURN': None}
2025-11-26 21:57:06,795 - QTvcp.QTVCP.WIDGETS.ORIGIN_OFFSETVIEW - DEBUG - message returned:{'NAME': 'CALCULATOR', 'ID': 'tooloffsetview__', 'PRELOAD': -114.861, 'TITLE': 'Tool 42 Offset of Z,  -114.861', 'ITEM': <PyQt5.QtCore.QModelIndex object at 0x7f08acb99fc0>, 'RETURN': None}
2025-11-26 21:57:08,256 - QTvcp.QTVCP.WIDGETS.TOOL_OFFSETVIEW - DEBUG - Text:   -118.472, Row: 38, Column: 7
2025-11-26 21:57:08,257 - QTvcp.QTVCP.WIDGETS.TOOL_OFFSETVIEW - DEBUG - message sent:{'NAME': 'CALCULATOR', 'ID': 'tooloffsetview__', 'PRELOAD': -118.472, 'TITLE': 'Tool 91 Offset of Z,  -118.472', 'ITEM': <PyQt5.QtCore.QModelIndex object at 0x7f08aced3ca0>}
2025-11-26 21:57:14,267 - QTvcp.QTVCP.WIDGETS.DIALOGMIXIN - DEBUG - Saving CalculatorDialog-geometry data from widget  to file.
2025-11-26 21:57:14,609 - QTvcp.QTVCP.WIDGETS.DIALOG_WIDGET - DEBUG - Displayed value when accepted: 0.0
2025-11-26 21:57:14,609 - QTvcp.QTVCP.WIDGETS.ORIGIN_OFFSETVIEW - DEBUG - message returned:{'NAME': 'CALCULATOR', 'ID': 'tooloffsetview__', 'PRELOAD': -118.472, 'TITLE': 'Tool 91 Offset of Z,  -118.472', 'ITEM': <PyQt5.QtCore.QModelIndex object at 0x7f08aced3ca0>, 'RETURN': 0.0}
2025-11-26 21:57:14,610 - QTvcp.QTVCP.WIDGETS.TOOL_OFFSETVIEW - DEBUG - message returned:{'NAME': 'CALCULATOR', 'ID': 'tooloffsetview__', 'PRELOAD': -118.472, 'TITLE': 'Tool 91 Offset of Z,  -118.472', 'ITEM': <PyQt5.QtCore.QModelIndex object at 0x7f08aced3ca0>, 'RETURN': 0.0}
2025-11-26 21:57:14,610 - QTvcp.QTVCP.WIDGETS.TOOL_OFFSETVIEW - DEBUG - original value:-118.472
2025-11-26 21:57:14,611 - QTvcp.QTVCP.WIDGETS.TOOL_OFFSETVIEW - DEBUG - >>> setData() role = None
2025-11-26 21:57:14,611 - QTvcp.QTVCP.WIDGETS.TOOL_OFFSETVIEW - DEBUG - >>> setData() column() = 7
2025-11-26 21:57:14,611 - QTvcp.QTVCP.WIDGETS.TOOL_OFFSETVIEW - DEBUG - >>> setData() value = 0.0 
2025-11-26 21:57:14,612 - QTvcp.QTVCP.QT_TSTAT - DEBUG - converted line: [0, 0, 0.0, 0.0, 0.0, 0.0, 0.0, 0.0, 0.0, 0.0, 0.0, 0.0, 0.0, 0.0, 0, ' ']
2025-11-26 21:57:14,612 - QTvcp.QTVCP.QT_TSTAT - DEBUG - converted line: [1, 1, 0.0, 0.0, 136.95988, 0.0, 0.0, 0.0, 0.0, 0.0, 0.0, 6.0, 0.0, 0.0, 0, '6mm flat ']
2025-11-26 21:57:14,612 - QTvcp.QTVCP.QT_TSTAT - DEBUG - converted line: [2, 2, 0.0, 0.0, 149.35788, 0.0, 0.0, 0.0, 0.0, 0.0, 0.0, 6.0, 0.0, 0.0, 0, ' ']
2025-11-26 21:57:14,613 - QTvcp.QTVCP.QT_TSTAT - DEBUG - converted line: [3, 3, 0.0, 0.0, 132.70388, 0.0, 0.0, 0.0, 0.0, 0.0, 0.0, 6.0, 0.0, 0.0, 0, ' ']
2025-11-26 21:57:14,613 - QTvcp.QTVCP.QT_TSTAT - DEBUG - converted line: [4, 4, 0.0, 0.0, 142.73837, 0.0, 0.0, 0.0, 0.0, 0.0, 0.0, 6.0, 0.0, 0.0, 0, 'sorotec_3mm ball ']
2025-11-26 21:57:14,614 - QTvcp.QTVCP.QT_TSTAT - DEBUG - converted line: [5, 5, 0.0, 0.0, 129.80638, 0.0, 0.0, 0.0, 0.0, 0.0, 0.0, 6.0, 0.0, 0.0, 0, '3f chamfer mill ']
2025-11-26 21:57:14,614 - QTvcp.QTVCP.QT_TSTAT - DEBUG - converted line: [6, 6, 0.0, 0.0, 128.89087, 0.0, 0.0, 0.0, 0.0, 0.0, 0.0, 0.0, 0.0, 0.0, 0, '1/8 " 17mm ']
2025-11-26 21:57:14,614 - QTvcp.QTVCP.QT_TSTAT - DEBUG - converted line: [7, 7, 0.0, 0.0, 129.10137, 0.0, 0.0, 0.0, 0.0, 0.0, 0.0, 0.0, 0.0, 0.0, 0, '1f 6mm sorotec 25mm ']
2025-11-26 21:57:14,615 - QTvcp.QTVCP.QT_TSTAT - DEBUG - converted line: [9, 9, 0.0, 0.0, 0.0, 0.0, 0.0, 0.0, 0.0, 0.0, 0.0, 0.0, 0.0, 0.0, 0, '2mm flat ']
2025-11-26 21:57:14,615 - QTvcp.QTVCP.QT_TSTAT - DEBUG - converted line: [11, 11, 0.0, 0.0, 0.0, 0.0, 0.0, 0.0, 0.0, 0.0, 0.0, 5.0, 0.0, 0.0, 0, '5mm 4f china ']
2025-11-26 21:57:14,615 - QTvcp.QTVCP.QT_TSTAT - DEBUG - converted line: [12, 12, 0.0, 0.0, 0.0, 0.0, 0.0, 0.0, 0.0, 0.0, 0.0, 0.0, 0.0, 0.0, 0, 'sor_flat_2mm_8mm ']
2025-11-26 21:57:14,616 - QTvcp.QTVCP.QT_TSTAT - DEBUG - converted line: [13, 13, 0.0, 0.0, 0.0, 0.0, 0.0, 0.0, 0.0, 0.0, 0.0, 6.0, 0.0, 0.0, 0, 'flat/ 6mm pro alu 26mm ']
2025-11-26 21:57:14,616 - QTvcp.QTVCP.QT_TSTAT - DEBUG - converted line: [14, 14, 0.0, 0.0, 0.0, 0.0, 0.0, 0.0, 0.0, 0.0, 0.0, 0.0, 0.0, 0.0, 0, '6mm 2f china col ']
2025-11-26 21:57:14,616 - QTvcp.QTVCP.QT_TSTAT - DEBUG - converted line: [15, 1, 0.0, 0.0, 103.73574, 0.0, 0.0, 0.0, 0.0, 0.0, 0.0, 16.0, 0.0, 0.0, 0, 'face16 ']
2025-11-26 21:57:14,617 - QTvcp.QTVCP.QT_TSTAT - DEBUG - converted line: [16, 16, 0.0, 0.0, 123.37369, 0.0, 0.0, 0.0, 0.0, 0.0, 0.0, 0.0, 0.0, 0.0, 0, 'pro alu 3mm ']
2025-11-26 21:57:14,617 - QTvcp.QTVCP.QT_TSTAT - DEBUG - converted line: [17, 3, 0.0, 0.0, 109.85839, 0.0, 0.0, 0.0, 0.0, 0.0, 0.0, 4.0, 0.0, 0.0, 0, '1F 4mm 15mm ']
2025-11-26 21:57:14,617 - QTvcp.QTVCP.QT_TSTAT - DEBUG - converted line: [18, 18, 0.0, 0.0, 124.45137, 0.0, 0.0, 0.0, 0.0, 0.0, 0.0, 0.0, 0.0, 0.0, 0, '3mm flat sorotec ']
2025-11-26 21:57:14,617 - QTvcp.QTVCP.QT_TSTAT - DEBUG - converted line: [19, 19, 0.0, 0.0, 0.0, 0.0, 0.0, 0.0, 0.0, 0.0, 0.0, 2.0, 0.0, 0.0, 0, 'flat_por alu 2mm ']
2025-11-26 21:57:14,618 - QTvcp.QTVCP.QT_TSTAT - DEBUG - converted line: [21, 21, 0.0, 0.0, 0.0, 0.0, 0.0, 0.0, 0.0, 0.0, 0.0, 0.0, 0.0, 0.0, 0, 'ball end mill 6mm ']
2025-11-26 21:57:14,618 - QTvcp.QTVCP.QT_TSTAT - DEBUG - converted line: [22, 22, 0.0, 0.0, 0.0, 0.0, 0.0, 0.0, 0.0, 0.0, 0.0, 0.0, 0.0, 0.0, 0, '3f 4mm ']
2025-11-26 21:57:14,619 - QTvcp.QTVCP.QT_TSTAT - DEBUG - converted line: [23, 23, 0.0, 0.0, 0.0, 0.0, 0.0, 0.0, 0.0, 0.0, 0.0, 0.0, 0.0, 0.0, 0, '3f 6mm l25 coated china ']
2025-11-26 21:57:14,619 - QTvcp.QTVCP.QT_TSTAT - DEBUG - converted line: [24, 24, 0.0, 0.0, 0.0, 0.0, 0.0, 0.0, 0.0, 0.0, 0.0, 0.0, 0.0, 0.0, 0, '2f 6mm flat coated china ']
2025-11-26 21:57:14,619 - QTvcp.QTVCP.QT_TSTAT - DEBUG - converted line: [25, 25, 0.0, 0.0, 146.71938, 0.0, 0.0, 0.0, 0.0, 0.0, 0.0, 0.0, 0.0, 0.0, 0, 'facemill 18mm ']
2025-11-26 21:57:14,620 - QTvcp.QTVCP.QT_TSTAT - DEBUG - converted line: [25, 25, 0.0, 0.0, 170.56463, 0.0, 0.0, 0.0, 0.0, 0.0, 0.0, 0.0, 0.0, 0.0, 0, '2f 10mm ']
2025-11-26 21:57:14,622 - QTvcp.QTVCP.QT_TSTAT - DEBUG - converted line: [26, 26, 0.0, 0.0, 117.47522, 0.0, 0.0, 0.0, 0.0, 0.0, 0.0, 3.175, 0.0, 0.0, 0, "foam cutter 1/8' "]
2025-11-26 21:57:14,623 - QTvcp.QTVCP.QT_TSTAT - DEBUG - converted line: [30, 30, 0.0, 0.0, 113.24574, 0.0, 0.0, 0.0, 0.0, 0.0, 0.0, 0.0, 0.0, 0.0, 0, 'ball 6mm 2f china ']
2025-11-26 21:57:14,623 - QTvcp.QTVCP.QT_TSTAT - DEBUG - converted line: [32, 32, 0.0, 0.0, 0.0, 0.0, 0.0, 0.0, 0.0, 0.0, 0.0, 0.0, 0.0, 0.0, 0, 'ball 6mm china ']
2025-11-26 21:57:14,624 - QTvcp.QTVCP.QT_TSTAT - DEBUG - converted line: [33, 33, 0.0, 0.0, 0.0, 0.0, 0.0, 0.0, 0.0, 0.0, 0.0, 0.0, 0.0, 0.0, 0, 'r3 ball sorotec ']
2025-11-26 21:57:14,625 - QTvcp.QTVCP.QT_TSTAT - DEBUG - converted line: [41, 41, 0.0, 0.0, 0.0, 0.0, 0.0, 0.0, 0.0, 0.0, 0.0, 0.0, 0.0, 0.0, 0, 'drill 5mm sorotec ']
2025-11-26 21:57:14,626 - QTvcp.QTVCP.QT_TSTAT - DEBUG - converted line: [42, 42, 0.0, 0.0, 0.0, 0.0, 0.0, 0.0, 0.0, 0.0, 0.0, 0.0, 0.0, 0.0, 0, 'drill 2.5 ']
2025-11-26 21:57:14,627 - QTvcp.QTVCP.QT_TSTAT - DEBUG - converted line: [50, 50, 0.0, 0.0, 156.5646, 0.0, 0.0, 0.0, 0.0, 0.0, 0.0, 50.0, 0.0, 0.0, 0, 'face 50mm china ']
2025-11-26 21:57:14,627 - QTvcp.QTVCP.QT_TSTAT - DEBUG - converted line: [51, 1, 0.0, 0.0, 128.86488, 0.0, 0.0, 0.0, 0.0, 0.0, 0.0, 16.0, 0.0, 0.0, 0, 'sorotec 16mm face mill ']
2025-11-26 21:57:14,628 - QTvcp.QTVCP.QT_TSTAT - DEBUG - converted line: [52, 52, 0.0, 0.0, 147.24103, 0.0, 0.0, 0.0, 0.0, 0.0, 0.0, 35.0, 0.0, 0.0, 0, 'Face 35 wood ']
2025-11-26 21:57:14,629 - QTvcp.QTVCP.QT_TSTAT - DEBUG - converted line: [60, 60, 0.0, 0.0, 0.0, 0.0, 0.0, 0.0, 0.0, 0.0, 0.0, 0.0, 0.0, 0.0, 0, '3f 90deg 6mm chamfer ']
2025-11-26 21:57:14,630 - QTvcp.QTVCP.QT_TSTAT - DEBUG - converted line: [61, 4, 0.0, 0.0, 133.29438, 0.0, 0.0, 0.0, 0.0, 0.0, 0.0, 4.0, 0.0, 0.0, 0, 'thred m5-m8 sorotec ']
2025-11-26 21:57:14,631 - QTvcp.QTVCP.QT_TSTAT - DEBUG - converted line: [62, 62, 0.0, 0.0, 130.74038, 0.0, 0.0, 0.0, 0.0, 0.0, 0.0, 0.0, 0.0, 0.0, 0, 'chamfer 60 degree ']
2025-11-26 21:57:14,632 - QTvcp.QTVCP.QT_TSTAT - DEBUG - converted line: [63, 63, 0.0, 0.0, 110.09987, 0.0, 0.0, 0.0, 0.0, 0.0, 0.0, 4.85, 0.0, 0.0, 0, 'thread m6 4.85 china ']
2025-11-26 21:57:14,632 - QTvcp.QTVCP.QT_TSTAT - DEBUG - converted line: [90, 90, 0.0, 0.0, 0.0, 0.0, 0.0, 0.0, 0.0, 0.0, 0.0, 0.0, 0.0, 0.0, 0, 'thread m4-m8 sorotec ']
2025-11-26 21:57:14,634 - QTvcp.QTVCP.QT_TSTAT - DEBUG - converted line: [91, 91, 0.0, 0.0, 0.0, 0.0, 0.0, 0.0, 0.0, 0.0, 0.0, 0.0, 0.0, 0.0, 0, 'thread m2-m4 sorotec ']
2025-11-26 21:57:14,634 - QTvcp.QTVCP.QT_TSTAT - DEBUG - converted line: [99, 99, 0.0, 0.0, 164.94088, 0.0, 0.0, 0.0, 0.0, 0.0, 0.0, 2.0, 0.0, 0.0, 0, 'probe ']
2025-11-26 21:57:14,636 - QTvcp.QTVCP.QT_TSTAT - DEBUG - Save line: T0 P0 X0 Y0 Z0 A0 B0 C0 U0 V0 W0 D0 I0 J0 Q0 ; 
2025-11-26 21:57:14,636 - QTvcp.QTVCP.QT_TSTAT - DEBUG - Save line: T1 P1 X0 Y0 Z136.95988 A0 B0 C0 U0 V0 W0 D6.00000 I0 J0 Q0 ;6mm flat 
2025-11-26 21:57:14,637 - QTvcp.QTVCP.QT_TSTAT - DEBUG - Save line: T2 P2 X0 Y0 Z149.35788 A0 B0 C0 U0 V0 W0 D6.00000 I0 J0 Q0 ; 
2025-11-26 21:57:14,638 - QTvcp.QTVCP.QT_TSTAT - DEBUG - Save line: T3 P3 X0 Y0 Z132.70388 A0 B0 C0 U0 V0 W0 D6.00000 I0 J0 Q0 ; 
2025-11-26 21:57:14,639 - QTvcp.QTVCP.QT_TSTAT - DEBUG - Save line: T4 P4 X0 Y0 Z142.73837 A0 B0 C0 U0 V0 W0 D6.00000 I0 J0 Q0 ;sorotec_3mm ball 
2025-11-26 21:57:14,640 - QTvcp.QTVCP.QT_TSTAT - DEBUG - Save line: T5 P5 X0 Y0 Z129.80638 A0 B0 C0 U0 V0 W0 D6.00000 I0 J0 Q0 ;3f chamfer mill 
2025-11-26 21:57:14,641 - QTvcp.QTVCP.QT_TSTAT - DEBUG - Save line: T6 P6 X0 Y0 Z128.89087 A0 B0 C0 U0 V0 W0 D0 I0 J0 Q0 ;1/8 " 17mm 
2025-11-26 21:57:14,642 - QTvcp.QTVCP.QT_TSTAT - DEBUG - Save line: T7 P7 X0 Y0 Z129.10137 A0 B0 C0 U0 V0 W0 D0 I0 J0 Q0 ;1f 6mm sorotec 25mm 
2025-11-26 21:57:14,642 - QTvcp.QTVCP.QT_TSTAT - DEBUG - Save line: T9 P9 X0 Y0 Z0 A0 B0 C0 U0 V0 W0 D0 I0 J0 Q0 ;2mm flat 
2025-11-26 21:57:14,643 - QTvcp.QTVCP.QT_TSTAT - DEBUG - Save line: T11 P11 X0 Y0 Z0 A0 B0 C0 U0 V0 W0 D5.00000 I0 J0 Q0 ;5mm 4f china 
2025-11-26 21:57:14,644 - QTvcp.QTVCP.QT_TSTAT - DEBUG - Save line: T12 P12 X0 Y0 Z0 A0 B0 C0 U0 V0 W0 D0 I0 J0 Q0 ;sor_flat_2mm_8mm 
2025-11-26 21:57:14,645 - QTvcp.QTVCP.QT_TSTAT - DEBUG - Save line: T13 P13 X0 Y0 Z0 A0 B0 C0 U0 V0 W0 D6.00000 I0 J0 Q0 ;flat/ 6mm pro alu 26mm 
2025-11-26 21:57:14,646 - QTvcp.QTVCP.QT_TSTAT - DEBUG - Save line: T14 P14 X0 Y0 Z0 A0 B0 C0 U0 V0 W0 D0 I0 J0 Q0 ;6mm 2f china col 
2025-11-26 21:57:14,647 - QTvcp.QTVCP.QT_TSTAT - DEBUG - Save line: T15 P1 X0 Y0 Z103.73574 A0 B0 C0 U0 V0 W0 D16.00000 I0 J0 Q0 ;face16 
2025-11-26 21:57:14,647 - QTvcp.QTVCP.QT_TSTAT - DEBUG - Save line: T16 P16 X0 Y0 Z123.37369 A0 B0 C0 U0 V0 W0 D0 I0 J0 Q0 ;pro alu 3mm 
2025-11-26 21:57:14,648 - QTvcp.QTVCP.QT_TSTAT - DEBUG - Save line: T17 P3 X0 Y0 Z109.85839 A0 B0 C0 U0 V0 W0 D4.00000 I0 J0 Q0 ;1F 4mm 15mm 
2025-11-26 21:57:14,649 - QTvcp.QTVCP.QT_TSTAT - DEBUG - Save line: T18 P18 X0 Y0 Z124.45137 A0 B0 C0 U0 V0 W0 D0 I0 J0 Q0 ;3mm flat sorotec 
2025-11-26 21:57:14,650 - QTvcp.QTVCP.QT_TSTAT - DEBUG - Save line: T19 P19 X0 Y0 Z0 A0 B0 C0 U0 V0 W0 D2.00000 I0 J0 Q0 ;flat_por alu 2mm 
2025-11-26 21:57:14,650 - QTvcp.QTVCP.QT_TSTAT - DEBUG - Save line: T21 P21 X0 Y0 Z0 A0 B0 C0 U0 V0 W0 D0 I0 J0 Q0 ;ball end mill 6mm 
2025-11-26 21:57:14,651 - QTvcp.QTVCP.QT_TSTAT - DEBUG - Save line: T22 P22 X0 Y0 Z0 A0 B0 C0 U0 V0 W0 D0 I0 J0 Q0 ;3f 4mm 
2025-11-26 21:57:14,652 - QTvcp.QTVCP.QT_TSTAT - DEBUG - Save line: T23 P23 X0 Y0 Z0 A0 B0 C0 U0 V0 W0 D0 I0 J0 Q0 ;3f 6mm l25 coated china 
2025-11-26 21:57:14,653 - QTvcp.QTVCP.QT_TSTAT - DEBUG - Save line: T24 P24 X0 Y0 Z0 A0 B0 C0 U0 V0 W0 D0 I0 J0 Q0 ;2f 6mm flat coated china 
2025-11-26 21:57:14,654 - QTvcp.QTVCP.QT_TSTAT - DEBUG - Save line: T25 P25 X0 Y0 Z146.71938 A0 B0 C0 U0 V0 W0 D0 I0 J0 Q0 ;facemill 18mm 
2025-11-26 21:57:14,655 - QTvcp.QTVCP.QT_TSTAT - DEBUG - Save line: T25 P25 X0 Y0 Z170.56463 A0 B0 C0 U0 V0 W0 D0 I0 J0 Q0 ;2f 10mm 
2025-11-26 21:57:14,656 - QTvcp.QTVCP.QT_TSTAT - DEBUG - Save line: T26 P26 X0 Y0 Z117.47522 A0 B0 C0 U0 V0 W0 D3.17500 I0 J0 Q0 ;foam cutter 1/8' 
2025-11-26 21:57:14,656 - QTvcp.QTVCP.QT_TSTAT - DEBUG - Save line: T30 P30 X0 Y0 Z113.24574 A0 B0 C0 U0 V0 W0 D0 I0 J0 Q0 ;ball 6mm 2f china 
2025-11-26 21:57:14,657 - QTvcp.QTVCP.QT_TSTAT - DEBUG - Save line: T32 P32 X0 Y0 Z0 A0 B0 C0 U0 V0 W0 D0 I0 J0 Q0 ;ball 6mm china 
2025-11-26 21:57:14,658 - QTvcp.QTVCP.QT_TSTAT - DEBUG - Save line: T33 P33 X0 Y0 Z0 A0 B0 C0 U0 V0 W0 D0 I0 J0 Q0 ;r3 ball sorotec 
2025-11-26 21:57:14,659 - QTvcp.QTVCP.QT_TSTAT - DEBUG - Save line: T41 P41 X0 Y0 Z0 A0 B0 C0 U0 V0 W0 D0 I0 J0 Q0 ;drill 5mm sorotec 
2025-11-26 21:57:14,659 - QTvcp.QTVCP.QT_TSTAT - DEBUG - Save line: T42 P42 X0 Y0 Z0 A0 B0 C0 U0 V0 W0 D0 I0 J0 Q0 ;drill 2.5 
2025-11-26 21:57:14,660 - QTvcp.QTVCP.QT_TSTAT - DEBUG - Save line: T50 P50 X0 Y0 Z156.56460 A0 B0 C0 U0 V0 W0 D50.00000 I0 J0 Q0 ;face 50mm china 
2025-11-26 21:57:14,661 - QTvcp.QTVCP.QT_TSTAT - DEBUG - Save line: T51 P1 X0 Y0 Z128.86488 A0 B0 C0 U0 V0 W0 D16.00000 I0 J0 Q0 ;sorotec 16mm face mill 
2025-11-26 21:57:14,662 - QTvcp.QTVCP.QT_TSTAT - DEBUG - Save line: T52 P52 X0 Y0 Z147.24103 A0 B0 C0 U0 V0 W0 D35.00000 I0 J0 Q0 ;Face 35 wood 
2025-11-26 21:57:14,663 - QTvcp.QTVCP.QT_TSTAT - DEBUG - Save line: T60 P60 X0 Y0 Z0 A0 B0 C0 U0 V0 W0 D0 I0 J0 Q0 ;3f 90deg 6mm chamfer 
2025-11-26 21:57:14,664 - QTvcp.QTVCP.QT_TSTAT - DEBUG - Save line: T61 P4 X0 Y0 Z133.29438 A0 B0 C0 U0 V0 W0 D4.00000 I0 J0 Q0 ;thred m5-m8 sorotec 
2025-11-26 21:57:14,664 - QTvcp.QTVCP.QT_TSTAT - DEBUG - Save line: T62 P62 X0 Y0 Z130.74038 A0 B0 C0 U0 V0 W0 D0 I0 J0 Q0 ;chamfer 60 degree 
2025-11-26 21:57:14,665 - QTvcp.QTVCP.QT_TSTAT - DEBUG - Save line: T63 P63 X0 Y0 Z110.09987 A0 B0 C0 U0 V0 W0 D4.85000 I0 J0 Q0 ;thread m6 4.85 china 
2025-11-26 21:57:14,666 - QTvcp.QTVCP.QT_TSTAT - DEBUG - Save line: T90 P90 X0 Y0 Z0 A0 B0 C0 U0 V0 W0 D0 I0 J0 Q0 ;thread m4-m8 sorotec 
2025-11-26 21:57:14,667 - QTvcp.QTVCP.QT_TSTAT - DEBUG - Save line: T91 P91 X0 Y0 Z0 A0 B0 C0 U0 V0 W0 D0 I0 J0 Q0 ;thread m2-m4 sorotec 
2025-11-26 21:57:14,667 - QTvcp.QTVCP.QT_TSTAT - DEBUG - Save line: T99 P99 X0 Y0 Z164.94088 A0 B0 C0 U0 V0 W0 D2.00000 I0 J0 Q0 ;probe 
2025-11-26 21:57:14,695 - QTvcp.QTVCP.QT_ACTION - DEBUG - CALL_MDI Command: g43
2025-11-26 21:57:14,829 - QTvcp.QTVCP.WIDGETS.GCODE_GRAPHICS - DEBUG - reload the display: /home/zieluch/linuxcnc/configs/qthd_sorotec_cl0604/macros/rack_change.ngc
2025-11-26 21:57:14,927 - QTvcp.QTVCP.WIDGETS.ORIGIN_OFFSETVIEW - DEBUG - message returned:{'NAME': 'CALCULATOR', 'ID': 'tooloffsetview__', 'PRELOAD': -118.472, 'TITLE': 'Tool 91 Offset of Z,  -118.472', 'ITEM': <PyQt5.QtCore.QModelIndex object at 0x7f08aced3ca0>, 'RETURN': 0.0}
2025-11-26 21:57:14,932 - QTvcp.QTVCP.WIDGETS.ORIGIN_OFFSETVIEW - DEBUG - message returned:{'NAME': 'CALCULATOR', 'ID': 'tooloffsetview__', 'PRELOAD': -118.472, 'TITLE': 'Tool 91 Offset of Z,  -118.472', 'ITEM': <PyQt5.QtCore.QModelIndex object at 0x7f08aced3ca0>, 'RETURN': None}
2025-11-26 21:57:14,938 - QTvcp.QTVCP.WIDGETS.TOOL_OFFSETVIEW - DEBUG - message returned:{'NAME': 'CALCULATOR', 'ID': 'tooloffsetview__', 'PRELOAD': -118.472, 'TITLE': 'Tool 91 Offset of Z,  -118.472', 'ITEM': <PyQt5.QtCore.QModelIndex object at 0x7f08aced3ca0>, 'RETURN': None}
2025-11-26 21:57:14,939 - QTvcp.QTVCP.WIDGETS.ORIGIN_OFFSETVIEW - DEBUG - message returned:{'NAME': 'CALCULATOR', 'ID': 'tooloffsetview__', 'PRELOAD': -118.472, 'TITLE': 'Tool 91 Offset of Z,  -118.472', 'ITEM': <PyQt5.QtCore.QModelIndex object at 0x7f08aced3ca0>, 'RETURN': None}
2025-11-26 21:57:27,980 - QTvcp.QTVCP.WIDGETS.ACTION_BUTTON - DEBUG - INI MDI COMMAND #: 0
2025-11-26 21:57:28,031 - QTvcp.QTVCP.QT_ACTION - DEBUG - CALL_INI_MDI command:G53 Z-1 F2000
2025-11-26 21:57:28,053 - QTvcp.QTVCP.QT_ACTION - DEBUG - CALL_INI_MDI command:
2025-11-26 21:57:28,200 - QTvcp.QTVCP.WIDGETS.MDI_LINE - DEBUG - Ext line selected: , mdi_history.dat
